id,listing_date,neighborhood,price,sqm,rooms,bedrooms,bathrooms,floor,elevator,furnishing,heating,energy_class,year_built,nearest_metro,condo_fees,deposit_months,contract_type,description
ML-2025-11853,18/08/2025,Bicocca,380,61,3,2,1,6,True,furnished,autonomous,F,1944.0,,116.0,2,4+4,"Two-bedroom, with elevator."
ML-2025-52825,2024-06-21,Isola,€ 380,60,3,2,1,ground floor,True,unfurnished,autonomous,E,1974.0,M2,,2,3+2,"Two-bedroom, with elevator, near metro M2."
ML-2025-99636,17/08/2025,De Angeli,674,92,4,4,1,3,False,unfurn.,central,B,1971.0,M2,238.0,1,4+4,"Four-bedroom, near metro M2."
ML-2025-49765,2025-09-07,bocconi,€1293,93,4,4,2,4,False,furnished,autonomous,B,1923.0,M3,269.0,1,4+4,"Four-bedroom, in historic building, near metro M3."
ML-2025-67083,2024-08-16,Zone Brera,1737,58,3,2,1,5,False,furn.,central,F,1907.0,M1,196.0,1,4+4,"Two-bedroom, in historic building, near metro M1."
ML-2025-98283,2024-12-05,corvetto,€ 380,61,2,1,1,6,True,unfurnished,autonomous,F,1940.0,M2,175.0,1,4+4,"One-bedroom, with elevator, near metro M2."
ML-2025-43217,15/03/2024,sempione,803,85,3,2,1,6,True,furnished,autonomous,C,1969.0,M3,,2,4+4,"Two-bedroom, with elevator, near metro M3."
ML-2025-92814,2025-12-24,Zone Bicocca,€ 380,52 sqm,1,1,2,3,True,partly furnished,central,G,1936.0,,128.0,1,3+2,"One-bedroom, with elevator."
ML-2025-81886,25/01/2024,quadrilatero,2704,61,3,3,2,ground floor,False,furnished,central,D,1910.0,M5,235.0,2,student,"Three-bedroom, in historic building, near metro M5."
ML-2025-03586,2025-01-20,isola,€412,72,4,3,1,2,False,partly furnished,autonomous,B,1933.0,M5,227.0,1,3+2,"Three-bedroom, near metro M5."
ML-2025-05038,10/07/2025,navigli,976,99 sqm,4,4,2,3,True,unfurnished,central,,1970.0,M1,255.0,1,4+4,"Four-bedroom, with elevator, near metro M1."
ML-2025-09220,2024-06-10,quarto oggiaro,380,57,1,1,1,4,False,unfurnished,central,,1975.0,M3,,2,3+2,"One-bedroom, near metro M3."
ML-2025-41928,22/07/2025,città studi,€ 380,37,2,1,1,6,True,partly furnished,autonomous,,1913.0,M3,169.0,1,4+4,"One-bedroom, in historic building, with elevator, near metro M3."
ML-2025-81111,01/12/2024,lambrate,€ 380,36,1,1,1,7,False,furnished,autonomous,E,1954.0,M2,99.0,2,3+2,"One-bedroom, near metro M2."
ML-2025-73219,10/06/2025,isola,380,45,2,2,2,7,True,furnished,heat pump,D,1968.0,M5,197.0,2,3+2,"Two-bedroom, with elevator, near metro M5."
ML-2025-73804,15/11/2025,porta venezia,704,44,2,2,2,1,True,empty,autonomous ,E,1925.0,M5,168.0,2,4+4,"Two-bedroom, in historic building, with elevator, near metro M5."
ML-2025-35944,2025-09-02,tortona,907,66,3,3,1,ground floor,True,partly furnished,autonomous,E,1972.0,M3,219.0,2,temporary,"Three-bedroom, with elevator, near metro M3."
ML-2025-04467,22/01/2024,centro storico,1367,46 sqm,2,1,1,4,False,partly, autonomous,E,2012.0,M1,204.0,2,4+4,"One-bedroom, near metro M1."
ML-2025-05892,11/06/2025,Lambrate,380,55,2,1,1,2,True,furnished,autonomous,E,1916.0,M1,103.0,2,4+4,"One-bedroom, in historic building, with elevator, near metro M1."
ML-2025-13788,2025-02-23,Zone Città Studi,380,53 sqm,2,2,1,6,True,partly furnished,heat pump,E,1949.0,M5,195.0,1,3+2,"Two-bedroom, with elevator, near metro M5."
ML-2025-11094,2025-11-05,sempione,€ 781,60,2,1,2,3,False,furnished,autonomous,C,1901.0,M5,198.0,1,temporary,"One-bedroom, in historic building, near metro M5."
ML-2025-94645,2025-05-02,magenta,€ 2193,111,4,4,2,ground floor,False,furnished,central,,1979.0,M1,271.0,1,temporary,"Four-bedroom, near metro M1."
ML-2025-16719,12/10/2025,Corvetto,380,88,3,3,1,first,False,furnished,central,C,1923.0,M1,204.0,3,4+4,"Three-bedroom, in historic building, near metro M1."
ML-2025-31972,2025-01-26,affori,380,70,3,2,1,2,False,partly,autonomous,F,1958.0,M3,189.0,1,3+2,"Two-bedroom, near metro M3."
ML-2025-83127,2025-05-03,Bicocca,380,60,2,1,1,0,False,unfurnished,centr.,E,1946.0,,140.0,1,student,One-bedroom.
ML-2025-20783,2025-10-04,quadrilatero,€ 2318,60,2,1,1,2,True,unfurnished,heat pump,F,2016.0,M2,246.0,1,4+4,"One-bedroom, with elevator, near metro M2."
ML-2025-72082,22/11/2024,porta garibaldi,2026,79,4,4,2,4,True,unfurnished,heatpump,B,1973.0,M5,195.0,1,3+2,"Four-bedroom, with elevator, near metro M5."
ML-2025-46534,2025-01-04,centro storico,€ 2312,86 sqm,2,1,1,7,True,furnished,central,D,,M2,264.0,1,4+4,"One-bedroom, with elevator, near metro M2."
ML-2025-76386,16/06/2025,quadrilatero,2633,51 sqm,2,2,1,5,True,furnished,autonomous,C,1928.0,M3,224.0,2,temporary,"Two-bedroom, in historic building, with elevator, near metro M3."
ML-2025-30103,02/11/2024,Bocconi,€ 1349,71,3,2,1,0,True,furnished,autonomous,B,1915.0,M2,235.0,2,4+4,"Two-bedroom, in historic building, with elevator, near metro M2."
ML-2025-90932,2025-06-02,sempione,380,34,1,1,1,3,True,furnished,autonomous,G,,M2,170.0,2,3+2,"One-bedroom, with elevator, near metro M2."
ML-2025-73121,11/04/2024,corvetto,€380,75,3,2,1,6,True,unfurnished,centr.,C,2008.0,M2,190.0,2,4+4,"Two-bedroom, with elevator, near metro M2."
ML-2025-30260,2025-09-18,Magenta,2227,91 sqm,4,4,2,2,True,furnished,autonomous,C,,M2,239.0,2,4+4,"Four-bedroom, in historic building, with elevator, near metro M2."
ML-2025-66579,17/10/2025,navigli,902,63,2,1,1,4,False,partly furnished,central,,1979.0,M3,173.0,2,4+4,"One-bedroom, near metro M3."
ML-2025-74307,26/12/2025,Porta Garibaldi,2779,132 sqm,6,5,3,4,False,partly furnished,central,D,1956.0,M2,295.0,1,4+4,"Five-bedroom, near metro M2."
ML-2025-98629,2024-11-02,quadrilatero,2850,51 sqm,2,2,1,first,False,partly furnished,autonomous,G,1970.0,M5,181.0,2,temporary,"Two-bedroom, near metro M5."
ML-2025-36458,2025-01-02,Quadrilatero,3637,76 sqm,2,1,1,3,False,furnished,heat pump,G,2009.0,M1,214.0,2,4+4,"One-bedroom, near metro M1."
ML-2025-97716,2024-10-21,porta garibaldi,€ 1425,69 sqm,4,3,2,4th,True,unfurnished,autonomous,,1966.0,M5,263.0,2,4+4,"Three-bedroom, with elevator, near metro M5."
ML-2025-78568,10/03/2024,porta venezia,€ 1444,68,2,1,1,6,True,furnished,autonomous,D,1915.0,M2,178.0,1,temporary,"One-bedroom, in historic building, with elevator, near metro M2."
ML-2025-43737,2025-11-06,bocconi,1296,67 sqm,3,3,1,6th,True,furnished,central,E,,M2,,1,4+4,"Three-bedroom, with elevator, near metro M2."
ML-2025-69589,25/10/2025,isola,€572,73,3,2,1,2,True,unfurnished,autonomous,E,1919.0,M1,184.0,1,3+2,"Two-bedroom, in historic building, with elevator, near metro M1."
ML-2025-56504,2025-03-09,Zone De Angeli,873,94,4,4,2,3th,True,furnished,autonomous,E,1992.0,M2,211.0,1,4+4,"Four-bedroom, with elevator, near metro M2."
ML-2025-98978,01/06/2025,bocconi,1399,113,4,3,2,6,False,unfurnished,heat pump,,,M2,253.0,2,student,"Three-bedroom, near metro M2."
ML-2025-06136,2024-10-01,magenta,€ 1650,70,3,2,1,6,True,partly,heat pump,C,1900.0,M5,193.0,2,4+4,"Two-bedroom, in historic building, with elevator, near metro M5."
ML-2025-75706,25/11/2025,Lambrate,€ 380,93 sqm,3,3,2,6,True,furnished,central,C,1911.0,M3,250.0,2,4+4,"Three-bedroom, in historic building, with elevator, near metro M3."
ML-2025-83322,2025-11-05,Lambrate,380,55,2,1,1,5,True,partly furnished,autonomous,E,1906.0,M1,184.0,2,3+2,"One-bedroom, in historic building, with elevator, near metro M1."
ML-2025-00591,2025-05-27,navigli,€954,92,3,2,2,2,True,furnished,autonomous,,1938.0,M2,242.0,2,4+4,"Two-bedroom, with elevator, near metro M2."
ML-2025-50953,2024-01-06,porta romana,€ 697,54,2,1,1,2,False,partly furnished,autonomous,G,1917.0,M2,261.0,2,4+4,"One-bedroom, in historic building, near metro M2."
ML-2025-69980,11/12/2025,bocconi,€1348,103,4,3,1,1,False,unfurnished,autonomous,,1984.0,M5,264.0,2,4+4,"Three-bedroom, near metro M5."
ML-2025-84980,02/11/2025,quadrilatero,€4500,152,7,6,2,2,False,furnished,heat pump,,1908.0,M3,358.0,2,4+4,"Six-bedroom, in historic building, near metro M3."
ML-2025-10165,2025-03-13,porta venezia,€ 1292,67,3,2,2,5,True,furnished,autonomous,D,1973.0,M1,202.0,1,3+2,"Two-bedroom, with elevator, near metro M1."
ML-2025-27791,26/07/2024,centro storico,€1129,32,2,1,2,4,True,furnished,centr.,,1924.0,M1,,3,4+4,"One-bedroom, in historic building, with elevator, near metro M1."
ML-2025-54609,2025-12-27,bicocca,€ 380,58,2,2,2,3,True,partly furnished,autonomous,F,,,147.0,2,temporary,"Two-bedroom, with elevator."
ML-2025-64283,11/04/2025,Bocconi,1962,108,4,3,2,2,False,furnished,autonomous,D,1943.0,M2,293.0,1,4+4,"Three-bedroom, near metro M2."
ML-2025-15732,2025-10-02,bocconi,1343,85,3,2,1,6,True,partly furn.,autonomous,G,1943.0,M1,251.0,2,3+2,"Two-bedroom, with elevator, near metro M1."
ML-2025-82415,2025-06-19,Bicocca,€ 380,76,3,2,1,3,True,furnished,autonomous,G,1919.0,,220.0,2,4+4,"Two-bedroom, in historic building, with elevator."
ML-2025-49472,09/12/2025,Isola,644,100,4,4,2,2,True,partly furnished,autonomous,C,1948.0,M3,237.0,2,4+4,"Four-bedroom, with elevator, near metro M3."
ML-2025-40145,2024-05-24,tortona,1098,83,3,3,2,3,False,furnished,heat pump,C,,M2,240.0,1,3+2,"Three-bedroom, in historic building, near metro M2."
ML-2025-79261,02/02/2024,Zone Quadrilatero,4500,107,4,4,1,3,True,unfurnished,central,D,,M5,297.0,1,3+2,"Four-bedroom, in historic building, with elevator, near metro M5."
ML-2025-51270,03/12/2024,brera,3411,97,3,3,2,4,False,partly furnished,central,G,1913.0,M3,281.0,2,temporary,"Three-bedroom, in historic building, near metro M3."
ML-2025-28911,2024-05-21,bocconi,2131,119,4,4,2,7,True,furnished,autonomous,,1904.0,M1,266.0,2,4+4,"Four-bedroom, in historic building, with elevator, near metro M1."
ML-2025-43591,2025-04-18,porta garibaldi,1591,79,3,3,1,2,True,furnished,centr.,,1961.0,M1,207.0,1,temporary,"Three-bedroom, with elevator, near metro M1."
ML-2025-15269,2025-03-18,tortona,€ 1101,96,4,4,2,1,True,unfurnished,central,D,1957.0,M2,258.0,2,student,"Four-bedroom, with elevator, near metro M2."
ML-2025-84305,2024-05-15,Sempione,612,63,3,2,1,7,True,unfurnished,auto.,F,1960.0,M3,230.0,2,student,"Two-bedroom, with elevator, near metro M3."
ML-2025-31449,24/10/2025,Città Studi,397,57,3,3,2,1,True,partly furnished,centr.,C,1946.0,M2,171.0,1,4+4,"Three-bedroom, with elevator, near metro M2."
ML-2025-34976,2024-05-19,Tortona,€ 1145,127 sqm,5,4,1,first,False,furnished,central,G,1933.0,M5,,1,4+4,"Four-bedroom, near metro M5."
ML-2025-17366,2025-04-06,Tortona,1067,76,2,2,1,1,True,partly furnished,heat pump,F,1983.0,M3,244.0,1,3+2,"Two-bedroom, with elevator, near metro M3."
ML-2025-37324,2024-06-22,porta romana,1180,93,4,3,1,2,True,partly furnished,heat pump,A4,2022.0,M2,243.0,2,4+4,"Three-bedroom, with elevator, near metro M2."
ML-2025-18356,15/07/2025,Zone Centro Storico,2006,73,3,3,1,7,True,partly,autonomous,,1916.0,M1,201.0,3,temporary,"Three-bedroom, in historic building, with elevator, near metro M1."
ML-2025-04625,2025-10-05,Isola,€ 519,57,2,1,1,1,True,furnished,autonomous,E,1936.0,M2,158.0,3,4+4,"One-bedroom, with elevator, near metro M2."
ML-2025-69722,20/03/2025,Porta Venezia,€ 1318,70 sqm,2,1,1,1,False,furnished,autonomous,E,1969.0,M2,207.0,2,temporary,"One-bedroom, near metro M2."
ML-2025-37682,19/04/2025,Navigli,€ 936,116,4,3,1,4th,True,partly furnished,autonomous,G,1978.0,M1,272.0,1,4+4,"Three-bedroom, with elevator, near metro M1."
ML-2025-70431,2024-09-08,De Angeli,539,85,3,3,1,first,False,unfurnished,autonomous,E,,M3,223.0,1,temporary,"Three-bedroom, near metro M3."
ML-2025-22311,06/06/2025,Porta Venezia,€ 611,38,2,1,1,ground floor,True,unfurnished,autonomous,G,1919.0,M2,175.0,2,3+2,"One-bedroom, in historic building, with elevator, near metro M2."
ML-2025-52914,2025-09-25,Centro Storico,1790,65,2,2,1,5,True,partly furnished,central,C,1962.0,M1,218.0,2,4+4,"Two-bedroom, with elevator, near metro M1."
ML-2025-20975,24/06/2025,Zone Porta Romana,1759,131,6,5,3,7,False,furnished,autonomous,G,1922.0,M3,326.0,2,4+4,"Five-bedroom, in historic building, near metro M3."
ML-2025-25222,2025-02-06,porta romana,€ 883,65,2,2,1,6,True,partly furnished,central,G,1950.0,M3,191.0,3,4+4,"Two-bedroom, with elevator, near metro M3."
ML-2025-96918,2025-11-19,Zone Bocconi,704,37,1,1,1,7,False,unfurnished,heat pump,F,1909.0,M1,197.0,1,temporary,"One-bedroom, in historic building, near metro M1."
ML-2025-52964,04/09/2025,Tortona,1329,136,5,5,2,4,True,partly furnished,autonomous,g,1917.0,M2,328.0,1,3+2,"Five-bedroom, in historic building, with elevator, near metro M2."
ML-2025-00589,2025-02-25,bicocca,€380,89,3,2,1,4,True,partly furnished,autonomous ,E,2004.0,M3,229.0,2,3+2,"Two-bedroom, with elevator, near metro M3."
ML-2025-94853,2025-02-08,bocconi,€ 819,68,3,3,2,2,False,unfurnished,central,F,1947.0,M2,,1,4+4,"Three-bedroom, near metro M2."
ML-2025-82247,2024-05-05,navigli,€ 774,61,2,2,1,4,True,furnished,autonomous,A4,1920.0,M2,198.0,1,3+2,"Two-bedroom, in historic building, with elevator, near metro M2."
ML-2025-38369,22/12/2024,Lambrate,380,102,4,4,1,0,False,partly furnished, autonomous,,1932.0,M3,258.0,2,4+4,"Four-bedroom, near metro M3."
ML-2025-24060,26/04/2025,quadrilatero,2984,58,2,2,1,1,False,partly furnished,central,,1923.0,M3,210.0,1,student,"Two-bedroom, in historic building, near metro M3."
ML-2025-42356,2025-11-20,Centro Storico,3335,105,5,4,1,4,True,furnished,autonomous,G,2002.0,M1,268.0,1,3+2,"Four-bedroom, with elevator, near metro M1."
ML-2025-77338,2024-06-25,brera,€ 2951,85,4,3,2,6,True,partly furnished,central,G,1935.0,M1,234.0,3,temporary,"Three-bedroom, with elevator, near metro M1."
ML-2025-49426,25/03/2024,sempione,962,76 sqm,4,3,2,4,False,furnished,hp,,1906.0,M3,211.0,2,temporary,"Three-bedroom, in historic building, near metro M3."
ML-2025-17402,08/02/2025,Isola,462,74,3,3,1,3th,True,furnished,auto.,g,2018.0,M1,187.0,1,4+4,"Three-bedroom, with elevator, near metro M1."
ML-2025-17841,17/05/2025,Quadrilatero,€3233,66,3,3,1,2,False,partly furnished,central,G,1908.0,M5,299.0,2,4+4,"Three-bedroom, in historic building, near metro M5."
ML-2025-99281,2025-03-19,Porta Garibaldi,€ 2412,101,3,2,1,5,True,unfurnished,autonomous,G,1924.0,M1,217.0,1,4+4,"Two-bedroom, in historic building, with elevator, near metro M1."
ML-2025-24471,2025-08-25,quadrilatero,2895,52,2,2,1,7,True,partly furnished,autonomous,C,1967.0,M3,182.0,1,4+4,"Two-bedroom, with elevator, near metro M3."
ML-2025-57888,2025-12-15,bocconi,687,40,1,1,1,2,True,partly furnished,autonomous,E,1969.0,M5,184.0,3,4+4,"One-bedroom, with elevator, near metro M5."
ML-2025-69093,2024-10-15,isola,680,87,3,2,1,4,False,unfurnished,central,E,1977.0,M2,218.0,2,temporary,"Two-bedroom, near metro M2."
ML-2025-15462,23/04/2025,navigli,641,87 sqm,3,3,1,3,False,furnished,central,G,1955.0,M3,231.0,1,3+2,"Three-bedroom, near metro M3."
ML-2025-16158,25/12/2025,Zone Porta Romana,€ 953,83,3,3,1,1,False,partly furnished,heat pump,F,1936.0,M1,247.0,2,3+2,"Three-bedroom, near metro M1."
ML-2025-31210,02/12/2025,Zone Città Studi,504,81,3,3,2,3,True,unfurnished,central,G,1914.0,M3,248.0,2,4+4,"Three-bedroom, in historic building, with elevator, near metro M3."
ML-2025-60450,2025-06-24,navigli,€445,63 sqm,3,2,2,0,True,unfurnished,autonomous,,1981.0,M5,197.0,2,4+4,"Two-bedroom, with elevator, near metro M5."
ML-2025-84570,11/06/2025,Brera,€2542,92 sqm,3,3,1,4,True,unfurnished,central,F,1981.0,M5,286.0,2,4+4,"Three-bedroom, with elevator, near metro M5."
ML-2025-38589,2024-06-13,Zone Brera,€2091,69,2,1,1,ground floor,True,furnished,autonomous,G,1907.0,M2,186.0,2,4+4,"One-bedroom, in historic building, with elevator, near metro M2."
ML-2025-28503,2025-05-12,Corvetto,380,59,3,3,1,3,True,furnished,central,F,,M3,156.0,1,temporary,"Three-bedroom, with elevator, near metro M3."
ML-2025-30628,2025-02-01,Zone Greco,380,63,3,3,1,7,True,unfurnished,autonomous,F,1996.0,M3,,1,3+2,"Three-bedroom, with elevator, near metro M3."
ML-2025-77358,16/11/2025,bocconi,1966,142,5,5,2,first,True,partly furnished,central,e,1902.0,M2,,1,4+4,"Five-bedroom, in historic building, with elevator, near metro M2."
ML-2025-54974,27/05/2025,Porta Romana,380,38,2,1,1,2,True,unfurnished,heat pump,G,1949.0,M3,145.0,2,3+2,"One-bedroom, with elevator, near metro M3."
ML-2025-61956,20/02/2025,Corvetto,€380,83,4,4,2,ground floor,False,furnished,autonomous,G,1903.0,M1,178.0,2,3+2,"Four-bedroom, in historic building, near metro M1."
ML-2025-22569,2025-12-14,Bicocca,380,39,2,1,1,7,True,furnished,autonomous,G,1934.0,,141.0,1,4+4,"One-bedroom, with elevator."
ML-2025-64180,2025-02-01,sempione,€ 815,67,3,3,2,7,False,partly furnished,autonomous,D,2009.0,M5,216.0,1,4+4,"Three-bedroom, near metro M5."
ML-2025-30967,2025-12-21,Zone Isola,€ 380,60 sqm,3,3,1,ground floor,True,furnished,autonomous,,1930.0,M2,177.0,2,4+4,"Three-bedroom, with elevator, near metro M2."
ML-2025-88595,19/02/2024,porta romana,476,34,1,1,1,1,True,unfurnished,autonomous,g,1962.0,M2,133.0,1,temporary,"One-bedroom, with elevator, near metro M2."
ML-2025-52453,2025-05-13,brera,2583,80 sqm,3,2,1,first,False,unfurnished,central,G,,M5,232.0,2,temporary,"Two-bedroom, near metro M5."
ML-2025-15567,2025-07-10,Greco,380,61 sqm,2,1,2,4,True,furnished,autonomous,G,1984.0,M1,183.0,2,3+2,"One-bedroom, with elevator, near metro M1."
ML-2025-65728,2025-03-10,isola,380,34,1,1,1,6,False,unfurnished,autonomous,,1914.0,M2,,2,4+4,"One-bedroom, in historic building, near metro M2."
ML-2025-02740,06/07/2024,Porta Venezia,€1564,94,4,3,2,0,True,partly furn.,centr.,F,1998.0,M2,289.0,3,4+4,"Three-bedroom, with elevator, near metro M2."
ML-2025-83634,2025-07-10,magenta,2376,116,5,4,2,ground floor,True,furnished,central,B,2008.0,M2,286.0,2,4+4,"Four-bedroom, with elevator, near metro M2."
ML-2025-40653,2025-11-05,nolo,435,118,5,4,3,1,False,furnished,autonomous,,,M1,288.0,2,4+4,"Four-bedroom, near metro M1."
ML-2025-82465,10/06/2024,Quadrilatero,€ 3968,79,3,2,2,ground floor,True,furnished,heat pump,D,1944.0,M1,254.0,2,3+2,"Two-bedroom, with elevator, near metro M1."
ML-2025-93988,26/11/2025,de angeli,€596,71,3,2,1,7th,True,unfurnished,central,G,,M5,192.0,1,4+4,"Two-bedroom, with elevator, near metro M5."
ML-2025-49773,16/10/2024,Sempione,€1415,111,4,4,2,6,True,partly furnished,heat pump,,1934.0,M3,301.0,1,4+4,"Four-bedroom, with elevator, near metro M3."
ML-2025-11116,2025-10-16,sempione,1204,126,5,4,1,3,True,unfurnished,autonomous,,2021.0,M3,273.0,2,3+2,"Four-bedroom, with elevator, near metro M3."
ML-2025-07422,2025-08-22,isola,548,104,4,3,1,ground floor,True,partly furnished,autonomous,E,2004.0,M2,247.0,1,4+4,"Three-bedroom, with elevator, near metro M2."
ML-2025-31873,2025-03-24,Città Studi,380,50,2,2,1,0,False,unfurn., autonomous,C,1966.0,M3,165.0,2,3+2,"Two-bedroom, near metro M3."
ML-2025-18806,16/08/2025,nolo,€ 380,75,2,1,1,2,True,furnished,hp,F,1967.0,M2,,1,temporary,"One-bedroom, with elevator, near metro M2."
ML-2025-71374,2025-09-10,Città Studi,€380,82,4,3,2,0,False,furnished,central,F,1936.0,M3,239.0,1,3+2,"Three-bedroom, near metro M3."
ML-2025-00047,2025-05-15,Brera,913,37,1,1,1,6,True,unfurnished,central,g,1985.0,M5,160.0,2,student,"One-bedroom, with elevator, near metro M5."
ML-2025-71376,2024-08-24,Zone Isola,€ 549,82,4,3,2,4th,True,unfurnished,autonomous,f,1902.0,M1,204.0,1,3+2,"Three-bedroom, in historic building, with elevator, near metro M1."
ML-2025-18560,2025-08-09,Centro Storico,3277,155,6,6,3,7,True,unfurnished,autonomous,,1945.0,M5,362.0,1,temporary,"Six-bedroom, with elevator, near metro M5."
ML-2025-12537,2025-08-27,Porta Garibaldi,1445,88,4,4,2,2th,False,unfurn.,central,,1924.0,M5,208.0,2,3+2,"Four-bedroom, in historic building, near metro M5."
ML-2025-03074,13/09/2025,Magenta,2406,117,5,5,2,3,False,furnished,autonomous,G,1951.0,M2,316.0,1,temporary,"Five-bedroom, near metro M2."
ML-2025-80707,20/09/2025,quadrilatero,€ 3718,75 sqm,3,2,1,0,True,furnished,autonomous,g,1906.0,M5,235.0,1,4+4,"Two-bedroom, in historic building, with elevator, near metro M5."
ML-2025-71473,2025-08-05,brera,1730,68,3,3,1,7,True,unfurnished,centr.,G,1919.0,M5,198.0,1,4+4,"Three-bedroom, in historic building, with elevator, near metro M5."
ML-2025-89640,27/04/2025,nolo,380,80,3,2,1,7,False,unfurnished,central,A3,1995.0,M1,186.0,2,4+4,"Two-bedroom, near metro M1."
ML-2025-54615,2025-09-21,quadrilatero,2609,53,2,2,2,4,True,partly furnished,autonomous,G,1929.0,M1,216.0,2,3+2,"Two-bedroom, in historic building, with elevator, near metro M1."
ML-2025-59586,2025-02-25,quarto oggiaro,380,50,2,2,1,4,True,furnished,central,D,1980.0,,,2,4+4,"Two-bedroom, with elevator."
ML-2025-03574,2025-11-22,nolo,484,109 sqm,5,4,2,6,False,partly furnished,autonomous,,2009.0,M3,240.0,1,student,"Four-bedroom, near metro M3."
ML-2025-02145,2025-10-12,Zone Magenta,2333,113,4,4,2,4,True,furnished,autonomous,B,1927.0,M1,282.0,2,3+2,"Four-bedroom, in historic building, with elevator, near metro M1."
ML-2025-61764,2025-04-07,nolo,€ 487,49,2,1,1,2,False,furnished,autonomous,B,1911.0,M2,141.0,3,4+4,"One-bedroom, in historic building, near metro M2."
ML-2025-51161,22/01/2025,Zone Centro Storico,2319,98,4,4,2,5,False,partly furn.,autonomous,C,1951.0,M2,268.0,1,4+4,"Four-bedroom, near metro M2."
ML-2025-81414,16/02/2025,corvetto,€ 380,68,3,2,1,6,True,partly furnished,autonomous,,,M2,221.0,3,temporary,"Two-bedroom, with elevator, near metro M2."
ML-2025-55128,07/09/2025,porta garibaldi,€1653,79,3,2,2,1,True,partly furnished,autonomous,F,1941.0,M1,286.0,2,temporary,"Two-bedroom, with elevator, near metro M1."
ML-2025-02854,2025-01-08,bicocca,380,82 sqm,4,4,1,5,True,furnished,autonomous,,1952.0,M1,191.0,1,3+2,"Four-bedroom, with elevator, near metro M1."
ML-2025-64505,06/02/2025,Brera,3526,99,4,4,1,1,False,furnished,autonomous,,1931.0,M3,284.0,1,4+4,"Four-bedroom, near metro M3."
ML-2025-12705,27/09/2025,Porta Garibaldi,1591,72,2,2,1,4,False,partly furnished,autonomous,,1966.0,M1,232.0,3,temporary,"Two-bedroom, near metro M1."
ML-2025-88643,2025-06-19,porta garibaldi,€ 2262,115,4,3,2,0,True,partly furnished,centr.,E,1908.0,M3,243.0,1,student,"Three-bedroom, in historic building, with elevator, near metro M3."
ML-2025-47120,09/05/2025,baggio,380,78,3,2,2,7,True,unfurnished,autonomous,C,1967.0,M3,157.0,1,temporary,"Two-bedroom, with elevator, near metro M3."
ML-2025-44243,06/04/2025,tortona,939,87,4,4,2,5th,True,furnished,autonomous,G,1957.0,M5,173.0,1,3+2,"Four-bedroom, with elevator, near metro M5."
ML-2025-04231,2025-07-24,Porta Garibaldi,1258,52,2,2,1,3,True,unfurnished,autonomous,,1976.0,M5,203.0,1,4+4,"Two-bedroom, with elevator, near metro M5."
ML-2025-30548,20/04/2025,porta romana,€ 1742,149,6,5,3,4th,True,furnished,autonomous,,2003.0,M5,384.0,1,student,"Five-bedroom, with elevator, near metro M5."
ML-2025-02128,2024-01-19,Zone Magenta,€1738,83,3,3,2,4,True,furnished,central,e,1986.0,M2,267.0,1,4+4,"Three-bedroom, with elevator, near metro M2."
ML-2025-10874,2025-06-02,porta garibaldi,€2080,90 sqm,4,3,1,0,True,unfurnished,central,F,1945.0,M1,250.0,2,4+4,"Three-bedroom, with elevator, near metro M1."
ML-2025-58241,27/12/2025,isola,€ 489,40,2,1,1,4,False,furnished,autonomous,A,1970.0,M1,163.0,1,3+2,"One-bedroom, near metro M1."
ML-2025-48528,2025-07-12,centro storico,1345,52,2,2,1,5,False,unfurnished,autonomous,E,1960.0,M2,197.0,2,4+4,"Two-bedroom, near metro M2."
ML-2025-56257,20/08/2025,lambrate,380,108,5,4,2,2,True,unfurnished,autonomous,E,1955.0,M1,275.0,3,temporary,"Four-bedroom, with elevator, near metro M1."
ML-2025-80691,05/04/2024,affori,€380,77 sqm,4,4,1,3,True,furnished,autonomous,F,1986.0,M1,,2,3+2,"Four-bedroom, with elevator, near metro M1."
ML-2025-80664,2024-02-17,quadrilatero,€ 1922,36 sqm,1,1,1,2,True,furnished,central,D,1916.0,M2,184.0,3,4+4,"One-bedroom, in historic building, with elevator, near metro M2."
ML-2025-88171,2025-09-03,tortona,1007,101 sqm,4,3,2,first,True,partly furnished,central,,1962.0,M2,224.0,2,3+2,"Three-bedroom, with elevator, near metro M2."
ML-2025-07790,13/05/2024,brera,1812,58 sqm,2,1,1,first,False,unfurnished,central,D,1966.0,M2,227.0,1,temporary,"One-bedroom, near metro M2."
ML-2025-07499,2024-01-07,bocconi,1756,115 sqm,5,4,1,4,True,partly furnished,central,E,1922.0,M5,278.0,1,temporary,"Four-bedroom, in historic building, with elevator, near metro M5."
ML-2025-89718,2025-04-13,Porta Romana,1109,68,3,2,1,3,True,furnished,central,D,1993.0,M2,224.0,2,4+4,"Two-bedroom, with elevator, near metro M2."
ML-2025-87044,2024-01-24,Zone Bocconi,€ 1322,75 sqm,3,3,2,2th,True,unfurnished,autonomous,F,2019.0,M1,247.0,3,4+4,"Three-bedroom, with elevator, near metro M1."
ML-2025-01864,01/11/2025,Sempione,1277,106 sqm,4,3,2,1,False,partly furnished,central,,2018.0,M2,232.0,1,4+4,"Three-bedroom, near metro M2."
ML-2025-02993,2025-12-13,bicocca,380,51,2,1,1,ground floor,True,furnished,central,E,1955.0,M2,143.0,2,temporary,"One-bedroom, with elevator, near metro M2."
ML-2025-30136,2024-11-27,Zone Brera,1747,49,2,2,1,4,False,furnished,autonomous,F,1936.0,M5,187.0,2,3+2,"Two-bedroom, near metro M5."
ML-2025-54907,27/10/2024,Greco,380,65 sqm,2,2,1,1,True,partly furnished,central,E,1947.0,M2,162.0,3,4+4,"Two-bedroom, with elevator, near metro M2."
ML-2025-04867,16/10/2024,porta venezia,1676,94,4,3,2,7,True,furnished,autonomous,,1989.0,M2,232.0,3,4+4,"Three-bedroom, with elevator, near metro M2."
ML-2025-44835,2024-06-18,centro storico,€ 1374,44,2,1,1,6,True,furnished,autonomous,,2016.0,M3,175.0,1,temporary,"One-bedroom, with elevator, near metro M3."
ML-2025-24426,2025-05-16,Tortona,€ 380,39,1,1,1,2,False,partly furnished,central,G,1955.0,M2,132.0,1,temporary,"One-bedroom, near metro M2."
ML-2025-92058,2025-01-13,navigli,€ 1021,93,4,3,2,first,True,furnished, autonomous,E,1988.0,M2,270.0,1,4+4,"Three-bedroom, with elevator, near metro M2."
ML-2025-81516,2025-12-05,Lambrate,380,57,2,2,1,ground floor,False,unfurnished,auto.,E,,M1,182.0,1,4+4,"Two-bedroom, in historic building, near metro M1."
ML-2025-52368,2025-01-22,lambrate,380,61,3,3,1,3,False,partly furnished,autonomous,D,1901.0,M2,186.0,2,4+4,"Three-bedroom, in historic building, near metro M2."
ML-2025-12514,12/04/2024,magenta,€ 741,37,2,2,1,2,True,partly furn.,central,E,1954.0,M1,123.0,2,temporary,"Two-bedroom, with elevator, near metro M1."
ML-2025-26432,2025-06-24,Corvetto,€380,55,2,1,1,5,True,furnished,centr.,,1964.0,M3,214.0,3,3+2,"One-bedroom, with elevator, near metro M3."
ML-2025-20188,06/08/2025,porta romana,1152,70 sqm,3,3,1,5,True,furnished,central,C,2021.0,M1,207.0,1,temporary,"Three-bedroom, with elevator, near metro M1."
ML-2025-85881,2024-12-06,porta garibaldi,2030,97,4,3,1,3,False,partly furnished,central,D,,M1,303.0,1,4+4,"Three-bedroom, near metro M1."
ML-2025-61136,2025-07-06,porta romana,982,53,2,2,1,1,False,partly,autonomous,F,1914.0,M2,,1,4+4,"Two-bedroom, in historic building, near metro M2."
ML-2025-34420,18/10/2025,Baggio,€ 380,125,5,4,3,2,True,furnished,central,,1915.0,,,1,4+4,"Four-bedroom, in historic building, with elevator."
ML-2025-02167,15/06/2025,Quadrilatero,€ 3118,55,2,1,1,4,False,furn.,autonomous,G,1946.0,M2,262.0,2,4+4,"One-bedroom, near metro M2."
ML-2025-83079,18/12/2024,centro storico,€1354,55,2,2,1,2,True,unfurnished, autonomous,A3,1935.0,M5,224.0,2,4+4,"Two-bedroom, with elevator, near metro M5."
ML-2025-60241,07/03/2024,isola,576,120,5,4,1,2th,False,furnished,central,G,1949.0,M3,279.0,2,3+2,"Four-bedroom, near metro M3."
ML-2025-24077,10/05/2025,lorenteggio,380,75,3,3,2,first,False,partly furnished,autonomous,,1958.0,,176.0,2,4+4,Three-bedroom.
ML-2025-89436,2025-03-18,Zone Affori,380,58,2,2,2,ground floor,True,partly furnished,heat pump,G,1902.0,M2,177.0,1,temporary,"Two-bedroom, in historic building, with elevator, near metro M2."
ML-2025-75589,14/04/2024,Sempione,€662,66,3,2,1,4,True,furnished,autonomous,,1920.0,M2,,1,4+4,"Two-bedroom, in historic building, with elevator, near metro M2."
ML-2025-06956,2024-10-11,affori,€380,112,5,4,3,7th,True,partly furnished,central,D,1962.0,M2,223.0,2,4+4,"Four-bedroom, with elevator, near metro M2."
ML-2025-00758,09/09/2024,affori,380,117,5,5,1,1,False,partly furnished,autonomous,A1,1945.0,,225.0,1,4+4,Five-bedroom.
ML-2025-00591,2024-09-11,Zone Porta Garibaldi,1055,53,2,1,1,7,True,unfurnished,central,G,,M1,175.0,1,4+4,"One-bedroom, with elevator, near metro M1."
ML-2025-27037,08/02/2024,magenta,1443,69,3,3,1,4,False,partly furnished,central,,1963.0,M1,,1,3+2,"Three-bedroom, near metro M1."
ML-2025-40595,2025-12-19,bicocca,€ 380,72,3,2,1,5,True,furnished, autonomous,,1903.0,,226.0,3,3+2,"Two-bedroom, in historic building, with elevator."
ML-2025-92924,2024-12-05,bocconi,488,50 sqm,2,1,1,ground floor,True,partly furnished,heat pump,D,1950.0,M3,210.0,2,3+2,"One-bedroom, with elevator, near metro M3."
ML-2025-84905,2025-09-19,Navigli,€ 596,69,3,2,1,first,False,furnished,central,G,1902.0,M1,219.0,1,temporary,"Two-bedroom, in historic building, near metro M1."
ML-2025-99784,2025-05-03,Brera,€2572,70,2,1,1,5,True,unfurnished,autonomous,D,1913.0,M1,216.0,2,4+4,"One-bedroom, in historic building, with elevator, near metro M1."
ML-2025-93518,11/01/2025,sempione,903,104,4,3,1,7th,False,unfurnished,central,,1929.0,M1,256.0,1,4+4,"Three-bedroom, in historic building, near metro M1."
ML-2025-00441,14/06/2025,Zone Porta Romana,1365,107,4,3,1,7,True,furnished,autonomous,F,1957.0,M3,264.0,1,4+4,"Three-bedroom, with elevator, near metro M3."
ML-2025-80116,2025-02-26,baggio,€ 380,62,3,3,2,5,True,unfurnished,central,G,1968.0,,207.0,1,4+4,"Three-bedroom, with elevator."
ML-2025-92337,2024-08-18,Porta Venezia,€798,65,3,3,1,ground floor,True,unfurnished,autonomous,G,1969.0,M3,,1,4+4,"Three-bedroom, with elevator, near metro M3."
ML-2025-64932,09/09/2025,brera,€2841,88,3,2,2,7,True,unfurnished,central,E,1950.0,M1,275.0,3,3+2,"Two-bedroom, with elevator, near metro M1."
ML-2025-96289,2025-01-10,Lambrate,€ 380,57,2,2,2,2,False,unfurnished,autonomous,A3,2006.0,M3,177.0,1,temporary,"Two-bedroom, near metro M3."
ML-2025-42655,20/04/2025,quadrilatero,€ 4037,86 sqm,3,2,2,ground floor,True,furnished,central,C,1960.0,M5,235.0,2,4+4,"Two-bedroom, with elevator, near metro M5."
ML-2025-78834,24/08/2025,Quadrilatero,3744,68,2,2,1,6,True,furnished,heat pump,,2022.0,M1,,2,4+4,"Two-bedroom, with elevator, near metro M1."
ML-2025-78896,22/03/2025,nolo,€380,50,2,1,1,1,True,furnished,heat pump,E,1944.0,M5,144.0,1,temporary,"One-bedroom, with elevator, near metro M5."
ML-2025-22694,25/11/2025,de angeli,380,50 sqm,2,2,1,2th,False,partly furnished,central,E,1931.0,M5,201.0,2,temporary,"Two-bedroom, near metro M5."
ML-2025-75668,2025-05-06,quadrilatero,4414,116,4,3,2,2,False,partly furnished,central,E,2005.0,M2,284.0,1,3+2,"Three-bedroom, near metro M2."
ML-2025-47523,2025-09-14,Magenta,1050,66,3,2,1,7th,True,unfurnished,autonomous,E,2005.0,M2,201.0,1,4+4,"Two-bedroom, with elevator, near metro M2."
ML-2025-18363,13/09/2025,bicocca,380,124,6,6,3,1,False,unfurnished,auto.,F,2007.0,,280.0,1,4+4,Six-bedroom.
ML-2025-10739,12/08/2025,Corvetto,380,58,2,1,2,1,True,unfurnished,central,,1971.0,M2,152.0,2,3+2,"One-bedroom, with elevator, near metro M2."
ML-2025-71577,01/08/2025,porta garibaldi,1726,78,3,2,2,first,True,furnished,central,G,1978.0,M5,226.0,2,4+4,"Two-bedroom, with elevator, near metro M5."
ML-2025-81265,07/07/2024,quadrilatero,€4500,162,6,6,3,6,True,furnished,autonomous ,G,1959.0,M2,305.0,1,3+2,"Six-bedroom, with elevator, near metro M2."
ML-2025-79257,2025-03-09,centro storico,€ 1274,48 sqm,3,3,1,2,True,unfurnished,central,D,2007.0,M3,191.0,1,4+4,"Three-bedroom, with elevator, near metro M3."
ML-2025-97004,12/04/2025,porta venezia,€ 480,36,1,1,1,ground floor,False,furnished,autonomous,,1900.0,M3,187.0,2,3+2,"One-bedroom, in historic building, near metro M3."
ML-2025-90086,08/11/2025,Quadrilatero,4500,110 sqm,4,3,2,4th,False,partly furnished,central,G,1966.0,M2,278.0,2,3+2,"Three-bedroom, near metro M2."
ML-2025-18520,10/05/2025,bocconi,€703,52,3,3,1,5th,True,furnished,autonomous,G,1947.0,M2,201.0,3,4+4,"Three-bedroom, with elevator, near metro M2."
ML-2025-72961,2025-12-21,Brera,€ 2236,69,3,2,1,7,False,unfurnished,central,E,1927.0,M5,228.0,2,4+4,"Two-bedroom, in historic building, near metro M5."
ML-2025-22135,2025-07-09,porta garibaldi,€ 1062,57,2,2,1,3,True,furnished,autonomous,B,2019.0,M2,227.0,1,4+4,"Two-bedroom, with elevator, near metro M2."
ML-2025-73238,06/10/2024,Bocconi,€1271,77,3,3,2,6,False,unfurnished,autonomous,G,1908.0,M2,207.0,1,temporary,"Three-bedroom, in historic building, near metro M2."
ML-2025-43134,13/03/2025,Zone Nolo,€ 380,50,2,1,1,4th,True,partly furnished,central,F,1915.0,M5,165.0,2,student,"One-bedroom, in historic building, with elevator, near metro M5."
ML-2025-90160,2025-03-01,porta venezia,1217,66,2,2,1,3,False,furnished, autonomous,,1947.0,M2,181.0,1,4+4,"Two-bedroom, near metro M2."
ML-2025-12439,2025-05-07,lambrate,€ 380,82,2,2,1,3,True,furnished,autonomous,D,,M5,208.0,2,4+4,"Two-bedroom, with elevator, near metro M5."
ML-2025-19428,2024-10-01,Zone Sempione,€ 498,49,2,1,1,5th,False,unfurnished,central,G,,M1,177.0,2,temporary,"One-bedroom, in historic building, near metro M1."
ML-2025-62051,2025-09-02,Zone Sempione,714,55,2,2,1,first,False,furnished,heat pump,F,1905.0,M3,221.0,1,temporary,"Two-bedroom, in historic building, near metro M3."
ML-2025-55003,2025-07-21,quadrilatero,3357,62,3,3,1,7,True,furnished,centr.,e,2004.0,M3,206.0,3,temporary,"Three-bedroom, with elevator, near metro M3."
ML-2025-85976,01/03/2025,brera,1615,42,2,1,1,3,True,unfurnished,autonomous,F,1901.0,M1,177.0,2,4+4,"One-bedroom, in historic building, with elevator, near metro M1."
ML-2025-89349,2025-01-04,quarto oggiaro,380,60,2,1,1,4,False,furnished,autonomous,E,1934.0,M1,124.0,2,4+4,"One-bedroom, near metro M1."
ML-2025-26179,2024-02-05,Zone Navigli,€566,73,3,2,1,4,True,furnished,central,,1986.0,M2,220.0,1,student,"Two-bedroom, with elevator, near metro M2."
ML-2025-63164,18/09/2025,Porta Romana,€ 564,61,2,1,1,ground floor,True,furnished,central,F,,M3,,2,4+4,"One-bedroom, with elevator, near metro M3."
ML-2025-75784,09/12/2025,porta garibaldi,1450,64 sqm,2,1,1,first,False,unfurnished,heat pump,F,1956.0,M2,123.0,3,4+4,"One-bedroom, near metro M2."
ML-2025-93133,06/12/2025,bocconi,€1044,70,3,3,1,5,False,partly furnished,autonomous,G,1956.0,M1,,1,temporary,"Three-bedroom, near metro M1."
ML-2025-35468,2024-10-20,corvetto,€ 380,56,3,2,1,ground floor,True,furnished,autonomous,F,1983.0,M2,196.0,1,3+2,"Two-bedroom, with elevator, near metro M2."
ML-2025-05043,2025-06-06,Porta Romana,1464,89,4,4,1,4,True,furnished,heat pump,D,1912.0,M5,233.0,2,4+4,"Four-bedroom, in historic building, with elevator, near metro M5."
ML-2025-35121,2025-09-26,Quarto Oggiaro,€ 380,116 sqm,5,5,3,3,False,unfurnished,autonomous,D,1968.0,M1,238.0,2,student,"Five-bedroom, near metro M1."
ML-2025-21396,22/01/2024,Centro Storico,€ 1411,59,2,1,1,3,True,partly,heat pump,E,1934.0,M3,245.0,2,3+2,"One-bedroom, with elevator, near metro M3."
ML-2025-04766,24/05/2025,tortona,1107,83,3,2,1,6,True,furnished,autonomous,,1935.0,M5,218.0,1,4+4,"Two-bedroom, with elevator, near metro M5."
ML-2025-22135,19/03/2025,Zone Città Studi,€ 380,64,3,2,1,2,False,unfurnished,centr.,F,1933.0,M2,180.0,2,4+4,"Two-bedroom, near metro M2."
ML-2025-19363,08/12/2024,Brera,€ 2259,80,3,3,1,6,True,unfurnished,auto.,E,1904.0,M5,,2,3+2,"Three-bedroom, in historic building, with elevator, near metro M5."
ML-2025-07853,18/07/2024,quadrilatero,4500,121,6,6,3,6,True,furnished,central,E,1944.0,M2,322.0,1,3+2,"Six-bedroom, with elevator, near metro M2."
ML-2025-76881,2025-12-21,isola,€652,84,4,3,1,7,True,furnished,heat pump,C,,M3,229.0,2,4+4,"Three-bedroom, with elevator, near metro M3."
ML-2025-62272,2025-10-26,corvetto,380,38,1,1,1,first,False,unfurnished,autonomous ,E,2002.0,M3,155.0,2,3+2,"One-bedroom, near metro M3."
ML-2025-15392,2025-09-02,Nolo,€ 521,82,3,2,2,4,True,furnished,central,,1911.0,M1,243.0,1,4+4,"Two-bedroom, in historic building, with elevator, near metro M1."
ML-2025-40145,24/03/2025,Zone Quarto Oggiaro,€380,108 sqm,4,4,1,2,True,furnished,autonomous,F,,,,1,4+4,"Four-bedroom, with elevator."
ML-2025-83790,2025-01-22,lambrate,380,65 sqm,3,3,1,6,True,unfurnished,autonomous,,2008.0,M3,192.0,2,student,"Three-bedroom, with elevator, near metro M3."
ML-2025-24247,23/03/2025,Porta Garibaldi,€ 2137,99 sqm,4,3,1,7,True,furnished,central,,1948.0,M1,276.0,1,4+4,"Three-bedroom, with elevator, near metro M1."
ML-2025-23626,2025-10-06,bicocca,380,55,3,2,1,2,True,furnished,central,,1938.0,M2,144.0,1,temporary,"Two-bedroom, with elevator, near metro M2."
ML-2025-72773,04/12/2025,centro storico,1173,42,1,1,1,2,True,furnished,autonomous,G,1927.0,M3,220.0,2,4+4,"One-bedroom, in historic building, with elevator, near metro M3."
ML-2025-39805,2025-09-18,brera,€ 2090,74,3,3,2,3,False,partly furn.,autonomous,G,1955.0,M1,210.0,1,4+4,"Three-bedroom, near metro M1."
ML-2025-67616,2024-11-05,lambrate,380,38,2,2,1,0,False,partly furnished,autonomous,G,1904.0,M2,,1,4+4,"Two-bedroom, in historic building, near metro M2."
ML-2025-19314,2024-01-06,bicocca,€ 380,64,3,3,2,2,False,furnished,autonomous,g,2022.0,M1,189.0,3,student,"Three-bedroom, near metro M1."
ML-2025-03922,2025-11-27,porta venezia,1589,110,4,3,1,1,False,furnished,autonomous,,1906.0,M1,257.0,2,4+4,"Three-bedroom, in historic building, near metro M1."
ML-2025-53722,2025-02-25,Porta Garibaldi,1048,36,1,1,1,6,False,partly furnished,autonomous,D,,M2,190.0,1,4+4,"One-bedroom, near metro M2."
ML-2025-43950,2025-03-16,Città Studi,€380,45,2,1,1,3th,False,empty,central,F,1967.0,M1,,1,4+4,"One-bedroom, near metro M1."
ML-2025-84582,2024-10-18,De Angeli,408,49,2,1,1,4,True,unfurnished,autonomous,E,1986.0,M2,203.0,1,3+2,"One-bedroom, with elevator, near metro M2."
ML-2025-72021,2025-12-15,nolo,€ 380,68,3,2,1,ground floor,False,furnished,heat pump,F,1947.0,M1,213.0,2,4+4,"Two-bedroom, near metro M1."
ML-2025-33745,21/02/2025,isola,774,62 sqm,3,2,2,4,True,furnished,autonomous,F,1920.0,M5,194.0,1,4+4,"Two-bedroom, in historic building, with elevator, near metro M5."
ML-2025-10337,2025-05-14,navigli,€ 1133,114,5,5,3,5,True,furnished,autonomous,C,1991.0,M5,286.0,1,4+4,"Five-bedroom, with elevator, near metro M5."
ML-2025-54206,2024-10-17,isola,€ 621,98,4,4,1,5,True,partly furnished,autonomous,C,1941.0,M1,259.0,3,temporary,"Four-bedroom, with elevator, near metro M1."
ML-2025-79494,2024-07-20,città studi,€536,83,3,3,2,6,True,partly furnished,autonomous,,1952.0,M1,276.0,2,temporary,"Three-bedroom, with elevator, near metro M1."
ML-2025-30177,2025-05-22,De Angeli,€390,74,2,1,1,0,True,furnished,central,,2021.0,M1,209.0,2,student,"One-bedroom, with elevator, near metro M1."
ML-2025-61604,17/06/2025,isola,€ 380,80 sqm,3,3,1,4,False,unfurnished,autonomous,G,1952.0,M1,222.0,2,4+4,"Three-bedroom, near metro M1."
ML-2025-03284,21/04/2025,Porta Venezia,853,52 sqm,2,2,1,3,True,partly furnished,autonomous,F,,M3,,3,4+4,"Two-bedroom, with elevator, near metro M3."
ML-2025-71812,2024-12-05,porta venezia,1775,94,4,4,1,7,True,partly furnished,autonomous,D,1923.0,M2,264.0,1,4+4,"Four-bedroom, in historic building, with elevator, near metro M2."
ML-2025-83664,02/07/2025,sempione,840,47,2,2,1,5,True,unfurnished,central,B,1969.0,M2,156.0,1,temporary,"Two-bedroom, with elevator, near metro M2."
ML-2025-25040,03/04/2025,Zone Lambrate,€380,94,3,2,2,1,False,furnished,autonomous,E,1985.0,M5,218.0,1,temporary,"Two-bedroom, near metro M5."
ML-2025-66958,21/11/2025,brera,€2845,106,4,3,2,0,True,partly furnished,autonomous ,E,2020.0,M3,258.0,1,3+2,"Three-bedroom, with elevator, near metro M3."
ML-2025-74769,09/12/2025,Centro Storico,2177,75,2,1,1,3th,True,furnished,autonomous,G,1939.0,M2,218.0,2,4+4,"One-bedroom, with elevator, near metro M2."
ML-2025-23871,2024-01-22,nolo,380,66,3,2,1,5th,False,furnished,central,,1954.0,M3,215.0,2,4+4,"Two-bedroom, near metro M3."
ML-2025-17370,2025-12-24,quadrilatero,€3627,81,3,3,1,0,False,furnished,heat pump,G,,M2,251.0,1,4+4,"Three-bedroom, in historic building, near metro M2."
ML-2025-38390,2025-12-19,Zone Lambrate,€ 380,28,1,1,1,5,True,unfurnished,autonomous,E,1991.0,M3,110.0,1,4+4,"One-bedroom, with elevator, near metro M3."
ML-2025-86033,2024-12-11,magenta,1419,78,3,3,1,1,False,furnished,autonomous,D,1946.0,M1,229.0,2,4+4,"Three-bedroom, near metro M1."
ML-2025-36820,2024-02-03,Quadrilatero,2916,67,2,1,1,ground floor,True,unfurnished,autonomous,E,1913.0,M2,223.0,1,4+4,"One-bedroom, in historic building, with elevator, near metro M2."
ML-2025-20600,24/05/2024,quarto oggiaro,€380,69,3,2,2,4,False,partly furnished,heat pump,,2016.0,M1,156.0,2,4+4,"Two-bedroom, near metro M1."
ML-2025-28607,2025-11-10,Quadrilatero,4500,90,4,4,2,3,True,unfurnished,autonomous,B,1979.0,M1,226.0,3,4+4,"Four-bedroom, with elevator, near metro M1."
ML-2025-26823,16/05/2025,porta romana,914,68,3,2,1,3,False,partly furn.,central,E,1914.0,M2,,2,student,"Two-bedroom, in historic building, near metro M2."
ML-2025-53246,2024-06-20,quadrilatero,2026,47,2,2,1,2,True,partly,central,E,1975.0,M3,163.0,1,student,"Two-bedroom, with elevator, near metro M3."
ML-2025-67085,26/03/2025,brera,€2237,67,3,3,1,5,False,partly furnished,autonomous,A2,1920.0,M2,203.0,2,temporary,"Three-bedroom, in historic building, near metro M2."
ML-2025-27475,2025-06-15,centro storico,2257,72,3,2,2,4,True,unfurnished,central,,1958.0,M5,,2,temporary,"Two-bedroom, with elevator, near metro M5."
ML-2025-33355,2025-06-24,Centro Storico,1950,73,3,2,1,5th,True,partly furnished,centr.,,2007.0,M2,211.0,2,4+4,"Two-bedroom, with elevator, near metro M2."
ML-2025-48841,20/05/2025,quadrilatero,3498,74,3,2,1,6,False,unfurnished,autonomous,B,1922.0,M5,259.0,1,4+4,"Two-bedroom, in historic building, near metro M5."
ML-2025-30905,2024-03-11,centro storico,2223,101,4,3,2,4,False,furnished,autonomous,,1915.0,M1,325.0,2,4+4,"Three-bedroom, in historic building, near metro M1."
ML-2025-45317,10/02/2025,nolo,€380,48,2,2,1,0,True,partly furnished,autonomous,B,1915.0,M2,189.0,2,4+4,"Two-bedroom, in historic building, with elevator, near metro M2."
ML-2025-06255,2025-08-15,bocconi,1072,74,3,2,1,first,False,unfurnished,autonomous,,1937.0,M1,206.0,2,temporary,"Two-bedroom, near metro M1."
ML-2025-38044,2025-01-20,navigli,1060,110,4,3,1,7,True,partly furnished,central,F,1975.0,M1,280.0,1,4+4,"Three-bedroom, with elevator, near metro M1."
ML-2025-82009,20/11/2025,magenta,720,38,2,1,1,2,True,furnished,centr.,,,M1,171.0,1,student,"One-bedroom, with elevator, near metro M1."
ML-2025-43813,2025-01-20,porta garibaldi,1829,75 sqm,3,3,2,3,True,furn.,central,F,,M3,,2,3+2,"Three-bedroom, with elevator, near metro M3."
ML-2025-45936,02/12/2024,De Angeli,421,57,3,2,1,3,True,partly furnished,autonomous,,1948.0,M1,215.0,1,4+4,"Two-bedroom, with elevator, near metro M1."
ML-2025-60235,2025-07-12,de angeli,445,61,3,3,2,7,False,empty,auto.,D,,M1,238.0,1,temporary,"Three-bedroom, in historic building, near metro M1."
ML-2025-39305,05/06/2025,centro storico,1628,51,2,2,1,6,True,furnished,autonomous,E,1975.0,M1,167.0,2,temporary,"Two-bedroom, with elevator, near metro M1."
ML-2025-42160,01/11/2024,quadrilatero,€3780,66,3,2,1,3,False,partly furnished,central,D,1914.0,M3,263.0,1,3+2,"Two-bedroom, in historic building, near metro M3."
ML-2025-24554,20/06/2024,Porta Venezia,2464,133,5,4,3,5th,True,unfurnished, autonomous,C,,M2,303.0,2,4+4,"Four-bedroom, in historic building, with elevator, near metro M2."
ML-2025-75793,2024-02-27,porta venezia,805,45 sqm,2,1,1,4,False,furnished,autonomous,E,2022.0,M1,179.0,1,4+4,"One-bedroom, near metro M1."
ML-2025-55522,2025-07-25,tortona,641,46,2,1,1,5,True,unfurnished,central,D,1951.0,M1,177.0,2,3+2,"One-bedroom, with elevator, near metro M1."
ML-2025-01660,2025-06-24,Isola,380,44,1,1,1,7,True,furnished,centr.,E,2013.0,M3,210.0,1,temporary,"One-bedroom, with elevator, near metro M3."
ML-2025-55957,09/11/2025,centro storico,3378,128,5,4,2,5,False,unfurnished,autonomous,,2007.0,M3,327.0,1,4+4,"Four-bedroom, near metro M3."
ML-2025-36028,2025-07-05,navigli,€ 442,60 sqm,3,3,1,0,False,furnished,central,G,1923.0,M2,210.0,2,temporary,"Three-bedroom, in historic building, near metro M2."
ML-2025-00236,11/01/2025,porta garibaldi,1716,69,3,2,2,4,True,furnished,autonomous,,1921.0,M2,239.0,2,4+4,"Two-bedroom, in historic building, with elevator, near metro M2."
ML-2025-50773,12/05/2025,brera,2163,61,2,2,1,6,False,partly furnished,centr.,F,2001.0,M1,242.0,1,student,"Two-bedroom, near metro M1."
ML-2025-08561,24/04/2025,de angeli,€ 431,50,2,1,1,0,False,furnished,central,G,1904.0,M2,,1,4+4,"One-bedroom, in historic building, near metro M2."
ML-2025-19278,2025-03-09,Centro Storico,€ 1758,64 sqm,3,2,2,2,True,partly furn.,central,F,1934.0,M3,249.0,1,temporary,"Two-bedroom, with elevator, near metro M3."
ML-2025-61292,2024-03-08,Quarto Oggiaro,380,165,6,5,2,first,False,unfurnished,autonomous,,1903.0,,284.0,1,4+4,"Five-bedroom, in historic building."
ML-2025-51425,2024-01-27,Brera,€3714,114 sqm,4,4,1,5,False,furn.,central,,,M2,252.0,1,temporary,"Four-bedroom, in historic building, near metro M2."
ML-2025-28397,26/10/2025,Zone De Angeli,578,52,2,2,1,1,False,partly furnished,autonomous,G,2002.0,M3,220.0,3,temporary,"Two-bedroom, near metro M3."
ML-2025-86747,20/05/2024,Greco,€380,88 sqm,3,3,1,4,True,furnished,autonomous,G,1957.0,M2,184.0,1,4+4,"Three-bedroom, with elevator, near metro M2."
ML-2025-98379,2024-05-04,Corvetto,380,52 sqm,2,2,1,0,True,unfurnished,heat pump,G,1980.0,M3,147.0,1,4+4,"Two-bedroom, with elevator, near metro M3."
ML-2025-09368,2024-06-16,lambrate,380,38,2,1,1,4,False,partly furnished,autonomous,E,1993.0,M3,136.0,3,student,"One-bedroom, near metro M3."
ML-2025-24858,07/12/2025,Zone Bicocca,380,100,4,4,2,2,False,partly furnished,centr.,G,1956.0,M3,,2,student,"Four-bedroom, near metro M3."
ML-2025-00447,2025-09-05,Città Studi,543,105,4,3,1,3,True,furnished,autonomous,,,M1,240.0,1,temporary,"Three-bedroom, with elevator, near metro M1."
ML-2025-15205,01/12/2025,bicocca,380,101,5,5,2,6,False,partly furnished,autonomous,B,1986.0,M2,237.0,2,4+4,"Five-bedroom, near metro M2."
ML-2025-36439,09/08/2025,quadrilatero,2599,59,3,3,1,3,True,partly furnished,auto.,C,1934.0,M1,229.0,2,4+4,"Three-bedroom, with elevator, near metro M1."
ML-2025-04464,2025-11-03,porta garibaldi,€ 1192,66 sqm,3,2,1,0,True,unfurnished,autonomous,,1950.0,M2,228.0,2,4+4,"Two-bedroom, with elevator, near metro M2."
ML-2025-91775,2025-12-03,Zone Porta Garibaldi,1949,91,3,3,1,7,False,unfurnished,central,A4,1962.0,M2,264.0,1,3+2,"Three-bedroom, near metro M2."
ML-2025-68651,07/07/2025,de angeli,545,80,3,3,2,0,False,furnished,heat pump,,1919.0,M3,206.0,2,4+4,"Three-bedroom, in historic building, near metro M3."
ML-2025-08287,2025-06-13,Isola,519,61,3,3,1,3,False,furnished,central,,1986.0,M2,186.0,2,4+4,"Three-bedroom, near metro M2."
ML-2025-29062,18/12/2025,Zone Navigli,380,40,2,2,1,0,False,unfurnished,heatpump,F,1957.0,M2,197.0,3,student,"Two-bedroom, near metro M2."
ML-2025-71444,24/09/2025,Zone Città Studi,776,73,4,3,2,5th,True,furnished, autonomous,C,2011.0,M3,197.0,2,3+2,"Three-bedroom, with elevator, near metro M3."
ML-2025-27397,2025-05-06,porta romana,1491,102,4,4,2,2,True,unfurnished,heat pump,,2011.0,M1,252.0,1,3+2,"Four-bedroom, with elevator, near metro M1."
ML-2025-47560,2025-04-22,Quadrilatero,1890,46,1,1,1,7,True,furnished,autonomous,F,1949.0,M1,221.0,3,student,"One-bedroom, with elevator, near metro M1."
ML-2025-11044,26/05/2025,porta garibaldi,1564,88,4,3,1,1,False,furnished, autonomous,,2010.0,M1,246.0,2,3+2,"Three-bedroom, near metro M1."
ML-2025-86359,2025-04-21,Isola,€ 534,79,3,2,1,5,True,furnished,autonomous,F,2015.0,M3,211.0,2,4+4,"Two-bedroom, with elevator, near metro M3."
ML-2025-05248,2024-06-10,Zone Porta Venezia,1597,91,3,2,1,0,True,furnished,autonomous,D,2018.0,M1,,1,student,"Two-bedroom, with elevator, near metro M1."
ML-2025-09622,2025-09-09,navigli,€ 753,95,4,4,2,0,True,unfurnished,central,,1914.0,M2,,2,student,"Four-bedroom, in historic building, with elevator, near metro M2."
ML-2025-23036,15/09/2024,Zone Navigli,€ 546,55,2,1,1,2,True,unfurnished,autonomous,G,1991.0,M2,207.0,2,4+4,"One-bedroom, with elevator, near metro M2."
ML-2025-36536,23/01/2024,magenta,985,40 sqm,2,2,2,7,True,furnished,autonomous,,1911.0,M2,182.0,3,4+4,"Two-bedroom, in historic building, with elevator, near metro M2."
ML-2025-39662,2024-01-18,navigli,907,58,3,3,2,first,False,furnished,autonomous,A3,1915.0,M5,167.0,2,4+4,"Three-bedroom, in historic building, near metro M5."
ML-2025-69158,2024-08-13,bocconi,€ 1339,96,4,3,2,4,True,furnished,autonomous,,1906.0,M5,260.0,1,4+4,"Three-bedroom, in historic building, with elevator, near metro M5."
ML-2025-66205,04/07/2024,porta romana,780,58,2,1,1,2th,False,unfurnished,central,,1960.0,M1,194.0,2,4+4,"One-bedroom, near metro M1."
ML-2025-00402,19/01/2025,Baggio,380,55,2,1,1,2,False,furnished,autonomous,G,2018.0,,129.0,1,4+4,One-bedroom.
ML-2025-10120,2024-12-19,Zone Greco,380,37,1,1,1,first,True,empty, autonomous,g,1954.0,M1,118.0,1,3+2,"One-bedroom, with elevator, near metro M1."
ML-2025-31767,14/12/2024,Zone Porta Garibaldi,3079,129,4,4,2,2,False,unfurnished,central,,1973.0,M3,325.0,3,4+4,"Four-bedroom, near metro M3."
ML-2025-36616,2025-01-04,magenta,2038,93,4,3,2,3,True,furnished,centr.,F,1901.0,M2,286.0,3,temporary,"Three-bedroom, in historic building, with elevator, near metro M2."
ML-2025-77248,2025-01-12,porta garibaldi,€2151,92,3,2,1,5,True,furnished,autonomous,C,1973.0,M1,226.0,2,3+2,"Two-bedroom, with elevator, near metro M1."
ML-2025-99240,23/02/2025,Zone De Angeli,€588,98 sqm,4,4,1,1,True,furnished,auto.,A1,1922.0,M2,220.0,1,4+4,"Four-bedroom, in historic building, with elevator, near metro M2."
ML-2025-25125,2025-08-26,Città Studi,622,86 sqm,4,4,2,0,False,furnished,heat pump,C,1958.0,M2,247.0,2,temporary,"Four-bedroom, near metro M2."
ML-2025-68111,2025-12-14,lambrate,380,64,2,2,1,4,False,furn.,autonomous,D,2012.0,M5,173.0,2,3+2,"Two-bedroom, near metro M5."
ML-2025-27464,2025-05-23,porta garibaldi,€1585,66,3,2,1,1,True,partly furnished,autonomous,B,1998.0,M1,227.0,1,temporary,"Two-bedroom, with elevator, near metro M1."
ML-2025-99918,2025-10-03,Città Studi,467,60 sqm,2,2,1,3,False,furnished,autonomous,E,1943.0,M5,180.0,1,temporary,"Two-bedroom, near metro M5."
ML-2025-62278,02/03/2025,Porta Romana,2162,176,6,6,2,5,False,furnished,autonomous,G,,M1,391.0,2,temporary,"Six-bedroom, near metro M1."
ML-2025-07941,2025-01-20,Sempione,€ 1230,85,3,2,2,2,False,partly furnished,heat pump,,1978.0,M1,,1,temporary,"Two-bedroom, near metro M1."
ML-2025-09353,27/06/2025,Porta Venezia,€ 757,60,2,1,1,4,True,partly furnished,heat pump,G,1933.0,M3,222.0,2,3+2,"One-bedroom, with elevator, near metro M3."
ML-2025-40487,03/06/2024,Bocconi,€ 1027,82 sqm,3,3,2,2,False,unfurnished,autonomous,G,1948.0,M2,180.0,1,4+4,"Three-bedroom, near metro M2."
ML-2025-44387,04/12/2025,de angeli,576,49,3,2,1,2,False,unfurnished,central,,1932.0,M5,193.0,2,3+2,"Two-bedroom, near metro M5."
ML-2025-23023,27/04/2025,Quadrilatero,4500,119 sqm,4,3,2,5th,True,furnished,central,A,1944.0,M2,306.0,2,3+2,"Three-bedroom, with elevator, near metro M2."
ML-2025-08047,26/06/2024,città studi,€ 380,56,2,1,1,7,False,partly furnished,central,E,1960.0,M2,196.0,1,student,"One-bedroom, near metro M2."
ML-2025-94155,2025-03-13,Zone Brera,2534,83,3,3,1,1,True,unfurnished,centr.,G,2012.0,M1,,3,4+4,"Three-bedroom, with elevator, near metro M1."
ML-2025-68687,2025-05-02,sempione,€926,102,4,4,2,ground floor,False,unfurnished,heat pump,F,1932.0,M5,224.0,2,4+4,"Four-bedroom, near metro M5."
ML-2025-90527,11/01/2024,Brera,3447,80,3,2,2,3,False,furnished,autonomous,,2011.0,M3,279.0,2,4+4,"Two-bedroom, near metro M3."
ML-2025-28680,2025-05-19,Baggio,€380,72,3,3,1,7,True,furnished,autonomous,f,1906.0,,185.0,2,4+4,"Three-bedroom, in historic building, with elevator."
ML-2025-56901,2025-03-09,Quadrilatero,3853,70,2,1,1,2,True,unfurnished,central,G,1919.0,M3,252.0,1,4+4,"One-bedroom, in historic building, with elevator, near metro M3."
ML-2025-63606,2025-05-09,corvetto,380,69,2,2,1,2,False,furnished,central,d,2007.0,M1,166.0,2,3+2,"Two-bedroom, near metro M1."
ML-2025-30713,2024-08-13,lambrate,€ 380,57,3,2,1,6th,False,unfurnished,autonomous,,1955.0,M5,179.0,1,student,"Two-bedroom, near metro M5."
ML-2025-64424,2025-10-13,nolo,€ 412,60,3,2,2,4,False,furnished,autonomous,,1909.0,M2,153.0,3,4+4,"Two-bedroom, in historic building, near metro M2."
ML-2025-54485,2024-04-22,Zone Bicocca,380,117,5,4,2,0,True,partly furnished,central,,2002.0,,253.0,2,student,"Four-bedroom, with elevator."
ML-2025-85693,2025-11-14,bicocca,€ 380,67,2,1,1,0,True,furnished,autonomous,G,1952.0,,151.0,2,temporary,"One-bedroom, with elevator."
ML-2025-87111,15/04/2024,baggio,380,53,2,1,1,5,True,partly,central,,1969.0,M2,274.0,1,4+4,"One-bedroom, with elevator, near metro M2."
ML-2025-92831,11/01/2025,Porta Romana,€664,58,3,3,1,3,False,unfurnished,central,G,1965.0,M3,214.0,1,4+4,"Three-bedroom, near metro M3."
ML-2025-57386,2024-04-18,Nolo,€ 380,103,4,4,1,2,True,unfurnished,autonomous,F,1945.0,M3,284.0,1,student,"Four-bedroom, with elevator, near metro M3."
ML-2025-05570,19/03/2025,brera,3480,89,4,3,2,6,False,furnished,central,D,2016.0,M1,,1,temporary,"Three-bedroom, near metro M1."
ML-2025-76525,2025-02-02,città studi,€448,85,3,2,1,3th,True,unfurnished,central,F,2000.0,M3,238.0,1,4+4,"Two-bedroom, with elevator, near metro M3."
ML-2025-41277,2025-08-02,quadrilatero,3513,64,3,2,1,3,True,furnished,autonomous,A2,1963.0,M2,247.0,1,3+2,"Two-bedroom, with elevator, near metro M2."
ML-2025-68776,2025-08-23,tortona,1100,86 sqm,4,3,2,2,False,furnished,autonomous,,1958.0,M3,203.0,3,4+4,"Three-bedroom, near metro M3."
ML-2025-66713,02/04/2025,Nolo,380,56,2,2,1,2,False,furnished,autonomous,d,1961.0,M3,163.0,2,3+2,"Two-bedroom, near metro M3."
ML-2025-09754,15/09/2025,porta garibaldi,€1617,64,2,1,1,2,True,furnished,centr.,G,,M1,234.0,2,4+4,"One-bedroom, with elevator, near metro M1."
ML-2025-19165,2025-03-23,Porta Garibaldi,1882,98,4,3,2,2,True,partly furnished,central,,1933.0,M1,,2,4+4,"Three-bedroom, with elevator, near metro M1."
ML-2025-75786,15/12/2025,Sempione,€ 1107,95 sqm,4,3,1,first,False,furn.,autonomous,d,1972.0,M1,238.0,2,4+4,"Three-bedroom, near metro M1."
ML-2025-55562,03/05/2025,Lambrate,380,50,2,1,1,0,True,partly furn.,central,E,1915.0,M3,146.0,3,3+2,"One-bedroom, in historic building, with elevator, near metro M3."
ML-2025-20859,2025-03-07,porta garibaldi,1237,52,3,2,2,4th,False,partly furnished,central,G,1913.0,M5,161.0,2,4+4,"Two-bedroom, in historic building, near metro M5."
ML-2025-85210,2024-09-05,nolo,€380,73,4,3,2,4,True,unfurnished,autonomous,,2019.0,M3,157.0,2,3+2,"Three-bedroom, with elevator, near metro M3."
ML-2025-87053,2025-02-03,Quarto Oggiaro,380,128,5,5,1,1,True,furnished,autonomous,,2003.0,M3,201.0,1,temporary,"Five-bedroom, with elevator, near metro M3."
ML-2025-22280,2025-12-10,Zone Brera,1365,36,1,1,1,2th,False,unfurnished,central,,1979.0,M2,180.0,2,3+2,"One-bedroom, near metro M2."
ML-2025-30965,10/09/2025,brera,€2279,77,4,4,1,ground floor,False,partly furnished,autonomous,,1916.0,M2,257.0,2,student,"Four-bedroom, in historic building, near metro M2."
ML-2025-19372,2025-03-18,brera,2224,43 sqm,2,2,1,7,True,furnished,central,D,2002.0,M5,,1,temporary,"Two-bedroom, with elevator, near metro M5."
ML-2025-56425,23/04/2025,Città Studi,443,56,2,2,1,6,False,furnished,central,,1922.0,M1,183.0,1,4+4,"Two-bedroom, in historic building, near metro M1."
ML-2025-76801,16/12/2024,isola,426,62,2,1,1,1,True,furnished,central,,1985.0,M2,166.0,2,4+4,"One-bedroom, with elevator, near metro M2."
ML-2025-28574,2024-07-15,bicocca,€ 380,60,3,3,1,3,False,furnished,autonomous,F,1901.0,,163.0,3,3+2,"Three-bedroom, in historic building."
ML-2025-01815,2025-07-22,bocconi,972,58,2,1,1,first,True,furnished,autonomous,,1947.0,M1,214.0,2,3+2,"One-bedroom, with elevator, near metro M1."
ML-2025-00853,08/09/2024,magenta,€ 1379,70,3,2,1,4,True,furnished,heat pump,F,2023.0,M3,247.0,1,student,"Two-bedroom, with elevator, near metro M3."
ML-2025-26333,13/04/2025,affori,€ 380,58,3,2,2,2,False,empty,autonomous,E,1984.0,,,1,4+4,Two-bedroom.
ML-2025-78012,17/06/2024,Sempione,€470,42,2,2,1,3,True,unfurnished,autonomous,G,1929.0,M2,191.0,1,4+4,"Two-bedroom, in historic building, with elevator, near metro M2."
ML-2025-36237,2025-06-22,Porta Romana,1219,92,4,4,1,2,False,furnished,autonomous,C,1905.0,M1,253.0,2,temporary,"Four-bedroom, in historic building, near metro M1."
ML-2025-71486,10/05/2024,navigli,€917,91,3,2,1,4,True,partly furn.,central,E,,M2,264.0,1,temporary,"Two-bedroom, with elevator, near metro M2."
ML-2025-90686,2025-04-14,magenta,2080,94,4,3,1,6,True,furnished,autonomous,E,1958.0,M1,227.0,1,4+4,"Three-bedroom, with elevator, near metro M1."
ML-2025-92363,07/06/2025,quadrilatero,€2331,41,2,1,1,5,True,furnished,central,E,1909.0,M5,140.0,2,4+4,"One-bedroom, in historic building, with elevator, near metro M5."
ML-2025-31045,2024-10-09,quadrilatero,€ 3003,78,3,2,2,3,True,furnished,autonomous,F,,M2,298.0,2,temporary,"Two-bedroom, with elevator, near metro M2."
ML-2025-57250,20/06/2025,baggio,380,89,3,2,2,0,True,furnished,central,F,2000.0,,201.0,3,4+4,"Two-bedroom, with elevator."
ML-2025-72841,2025-02-23,isola,419,49,2,1,1,0,True,unfurnished,central,E,1907.0,M2,192.0,1,temporary,"One-bedroom, in historic building, with elevator, near metro M2."
ML-2025-18815,2024-01-05,navigli,€ 380,70,3,2,1,4,True,furnished,autonomous,E,1957.0,M1,,1,student,"Two-bedroom, with elevator, near metro M1."
ML-2025-69572,2025-01-27,Sempione,814,67,3,2,1,4,True,partly furnished,central,F,1996.0,M3,253.0,1,4+4,"Two-bedroom, with elevator, near metro M3."
ML-2025-17084,16/03/2025,Zone Tortona,€ 1450,133,6,5,2,4,True,partly furnished,central,F,1940.0,M1,329.0,2,4+4,"Five-bedroom, with elevator, near metro M1."
ML-2025-56500,2025-10-27,baggio,380,137,5,5,2,6,True,furnished,central,G,,M2,235.0,1,student,"Five-bedroom, with elevator, near metro M2."
ML-2025-38930,2025-08-20,bicocca,380,39 sqm,2,2,1,0,True,partly furnished,auto.,G,1952.0,,124.0,2,4+4,"Two-bedroom, with elevator."
ML-2025-38286,2025-05-04,porta garibaldi,2836,168,7,7,3,5,True,unfurnished,central,F,1927.0,M3,373.0,2,4+4,"Seven-bedroom, in historic building, with elevator, near metro M3."
ML-2025-33066,2025-01-02,Navigli,638,51,2,1,2,5,True,partly furnished,autonomous,C,1947.0,M5,154.0,1,4+4,"One-bedroom, with elevator, near metro M5."
ML-2025-48913,25/04/2025,lorenteggio,€ 380,99,4,3,1,5th,True,furnished,auto.,G,1945.0,M1,234.0,1,3+2,"Three-bedroom, with elevator, near metro M1."
ML-2025-40801,2024-04-19,sempione,€ 1074,98,4,4,1,first,True,unfurnished,autonomous,D,1957.0,M3,,3,4+4,"Four-bedroom, with elevator, near metro M3."
ML-2025-26078,24/06/2024,corvetto,380,49,3,2,1,3,True,furnished,autonomous,F,1955.0,M2,164.0,2,3+2,"Two-bedroom, with elevator, near metro M2."
ML-2025-22496,2025-06-01,Brera,2993,83,4,4,1,ground floor,False,furnished,autonomous,G,1958.0,M3,210.0,2,4+4,"Four-bedroom, near metro M3."
ML-2025-48714,2025-03-05,de angeli,€ 509,67,2,2,1,first,True,partly furnished,central,,1903.0,M5,171.0,1,4+4,"Two-bedroom, in historic building, with elevator, near metro M5."
ML-2025-98863,22/06/2025,città studi,616,85,4,3,2,6,True,furn.,central,D,1964.0,M2,225.0,1,4+4,"Three-bedroom, with elevator, near metro M2."
ML-2025-65084,2025-02-23,Brera,3136,76,3,3,1,4,False,furnished,autonomous ,C,1928.0,M2,233.0,1,3+2,"Three-bedroom, in historic building, near metro M2."
ML-2025-08571,08/01/2025,nolo,534,106 sqm,4,4,1,6,True,furnished,autonomous,G,1977.0,M3,249.0,2,temporary,"Four-bedroom, with elevator, near metro M3."
ML-2025-07223,2025-12-27,bocconi,€ 1272,72,3,2,1,5,True,partly,central,E,1995.0,M2,,1,3+2,"Two-bedroom, with elevator, near metro M2."
ML-2025-73915,2024-11-05,Centro Storico,€ 1464,66,3,3,1,1,False,furnished,autonomous,G,1962.0,M5,181.0,1,temporary,"Three-bedroom, near metro M5."
ML-2025-54597,2025-12-09,Zone Isola,€937,103,4,3,1,4,False,furnished,central,A2,2003.0,M2,,3,4+4,"Three-bedroom, near metro M2."
ML-2025-56763,2025-02-04,Zone Lambrate,380,86,3,2,2,5,False,unfurnished,autonomous,C,1988.0,M5,232.0,2,4+4,"Two-bedroom, near metro M5."
ML-2025-37202,16/09/2024,porta romana,1410,90,3,2,1,1,False,furnished,central,B,1932.0,M1,260.0,1,4+4,"Two-bedroom, near metro M1."
ML-2025-55561,2024-11-12,isola,394,55,2,1,1,ground floor,False,furnished,autonomous,g,1927.0,M3,198.0,1,temporary,"One-bedroom, in historic building, near metro M3."
ML-2025-58563,2025-05-17,Isola,€701,49,2,2,2,6,False,unfurnished,central,C,2019.0,M2,171.0,1,3+2,"Two-bedroom, near metro M2."
ML-2025-61333,2025-12-08,Porta Romana,638,57,2,1,1,5,True,partly furnished,autonomous,G,2019.0,M3,183.0,2,temporary,"One-bedroom, with elevator, near metro M3."
ML-2025-94330,2025-12-15,quarto oggiaro,380,56,3,3,1,0,False,partly furnished,auto.,F,1906.0,M5,110.0,3,4+4,"Three-bedroom, in historic building, near metro M5."
ML-2025-90403,2025-03-13,Bicocca,€380,92,4,4,2,3,False,furnished,heat pump,G,1926.0,M3,250.0,1,student,"Four-bedroom, in historic building, near metro M3."
ML-2025-83545,2025-11-08,brera,4076,99 sqm,4,3,2,7,True,furnished,central,,1929.0,M3,273.0,1,temporary,"Three-bedroom, in historic building, with elevator, near metro M3."
ML-2025-67514,2025-01-23,lorenteggio,380,66 sqm,2,2,1,6,True,partly furnished,autonomous,,2022.0,M1,131.0,1,student,"Two-bedroom, with elevator, near metro M1."
ML-2025-68593,24/02/2025,Zone De Angeli,904,116,5,4,1,1,False,furnished,autonomous,A1,1919.0,M1,269.0,1,4+4,"Four-bedroom, in historic building, near metro M1."
ML-2025-27087,03/02/2024,porta romana,1813,113,5,5,3,3,True,unfurnished,central,,1918.0,M2,230.0,2,4+4,"Five-bedroom, in historic building, with elevator, near metro M2."
ML-2025-86377,08/12/2024,de angeli,610,76,3,2,1,ground floor,False,unfurnished,autonomous,F,1906.0,M2,216.0,1,3+2,"Two-bedroom, in historic building, near metro M2."
ML-2025-26925,2025-11-08,brera,1852,53 sqm,2,2,1,2,True,partly furnished,heat pump,C,1939.0,M1,208.0,3,4+4,"Two-bedroom, with elevator, near metro M1."
ML-2025-12358,2024-04-08,Lorenteggio,380,121,5,5,2,4,False,furnished,autonomous,G,,M3,241.0,1,temporary,"Five-bedroom, near metro M3."
ML-2025-82810,2025-12-04,bocconi,€ 1311,69,2,1,1,6,True,partly furnished,autonomous,A,1910.0,M3,190.0,2,4+4,"One-bedroom, in historic building, with elevator, near metro M3."
ML-2025-41319,11/02/2025,città studi,446,73,3,2,1,first,False,furnished,autonomous,D,1939.0,M1,224.0,2,3+2,"Two-bedroom, near metro M1."
ML-2025-47807,2025-08-18,brera,€ 2094,62 sqm,2,1,1,0,True,unfurnished,autonomous ,F,1963.0,M1,216.0,2,4+4,"One-bedroom, with elevator, near metro M1."
ML-2025-63025,11/11/2025,affori,380,51,2,2,1,4,True,furnished,autonomous,E,1922.0,,92.0,2,4+4,"Two-bedroom, in historic building, with elevator."
ML-2025-70486,2025-12-17,centro storico,1190,42,1,1,1,1,True,unfurnished,autonomous,D,1925.0,M3,221.0,2,4+4,"One-bedroom, in historic building, with elevator, near metro M3."
ML-2025-07974,02/03/2024,Zone Porta Venezia,€ 1325,87,4,3,2,4,True,furnished,heat pump,G,2006.0,M5,226.0,2,student,"Three-bedroom, with elevator, near metro M5."
ML-2025-37591,23/10/2024,quadrilatero,€3285,53,3,2,1,3,True,furnished,autonomous,,2019.0,M2,175.0,2,4+4,"Two-bedroom, with elevator, near metro M2."
ML-2025-78565,2025-09-15,Bicocca,€ 509,204,7,6,3,4,False,furn.,centr.,F,1936.0,M1,413.0,2,3+2,"Six-bedroom, near metro M1."
ML-2025-73818,2024-07-20,quadrilatero,€ 2312,48 sqm,2,2,1,4,True,furnished,autonomous,,1948.0,M3,227.0,1,4+4,"Two-bedroom, with elevator, near metro M3."
ML-2025-62925,2025-10-14,Zone Greco,€ 380,45,3,2,2,1,False,partly furnished,central,,1945.0,M1,135.0,2,4+4,"Two-bedroom, near metro M1."
ML-2025-42410,2024-11-19,città studi,€ 540,84,3,2,1,ground floor,False,partly furnished,autonomous,E,,M3,195.0,2,4+4,"Two-bedroom, near metro M3."
ML-2025-35476,2025-02-16,centro storico,3008,120,6,5,2,7,True,unfurnished,central,G,1945.0,M2,285.0,2,4+4,"Five-bedroom, with elevator, near metro M2."
ML-2025-49315,2025-06-05,centro storico,€1635,72,3,2,1,4,False,empty,central,E,1908.0,M5,225.0,2,3+2,"Two-bedroom, in historic building, near metro M5."
ML-2025-18150,2025-03-07,centro storico,€ 2648,86 sqm,4,3,1,4,False,furnished,central,D,1915.0,M3,287.0,3,4+4,"Three-bedroom, in historic building, near metro M3."
ML-2025-92842,23/05/2025,città studi,€ 380,37 sqm,2,1,1,3,False,furnished,heat pump,,1946.0,M1,188.0,1,3+2,"One-bedroom, near metro M1."
ML-2025-18885,10/05/2025,lambrate,380,55,2,2,2,ground floor,False,furnished,autonomous,G,1906.0,M2,174.0,2,temporary,"Two-bedroom, in historic building, near metro M2."
ML-2025-49487,01/09/2024,Porta Venezia,€ 861,48,2,1,1,5,True,unfurnished,autonomous,D,2014.0,M1,207.0,2,temporary,"One-bedroom, with elevator, near metro M1."
ML-2025-75693,15/08/2025,de angeli,€380,36 sqm,1,1,1,2,False,partly furnished, autonomous,F,1954.0,M2,145.0,1,4+4,"One-bedroom, near metro M2."
ML-2025-22483,20/09/2024,Zone Centro Storico,2057,73,3,2,1,7,True,furnished,centr.,A2,,M2,215.0,1,4+4,"Two-bedroom, with elevator, near metro M2."
ML-2025-98822,24/09/2025,lambrate,399,32,2,2,1,5,True,furn.,autonomous,b,2002.0,M2,97.0,1,4+4,"Two-bedroom, with elevator, near metro M2."
ML-2025-53142,2025-05-22,quarto oggiaro,€ 380,44 sqm,2,1,1,3,False,furnished,central,C,1947.0,M3,125.0,2,4+4,"One-bedroom, near metro M3."
ML-2025-15787,26/08/2025,bicocca,€ 380,58,2,1,1,ground floor,True,unfurnished,heat pump,,1904.0,M1,183.0,3,temporary,"One-bedroom, in historic building, with elevator, near metro M1."
ML-2025-00855,2024-06-07,Bocconi,€ 922,52,2,1,1,4,False,furnished,autonomous,E,1944.0,M2,175.0,3,4+4,"One-bedroom, near metro M2."
ML-2025-31152,20/07/2024,De Angeli,637,80,4,4,2,6,True,furnished,autonomous,E,1902.0,M5,246.0,2,4+4,"Four-bedroom, in historic building, with elevator, near metro M5."
ML-2025-27894,2024-03-09,centro storico,2758,78,4,4,2,3,True,furnished,autonomous,G,2000.0,M2,235.0,2,temporary,"Four-bedroom, with elevator, near metro M2."
ML-2025-04972,24/04/2025,Porta Venezia,1851,96 sqm,4,4,1,5,False,furnished,autonomous,,2023.0,M2,,1,4+4,"Four-bedroom, near metro M2."
ML-2025-60414,07/02/2025,brera,2823,91,3,3,1,0,True,unfurnished,autonomous,e,1990.0,M3,256.0,3,4+4,"Three-bedroom, with elevator, near metro M3."
ML-2025-51706,2025-02-20,Porta Garibaldi,1770,104,4,3,1,3,True,partly furnished,autonomous ,,1928.0,M3,301.0,3,student,"Three-bedroom, in historic building, with elevator, near metro M3."
ML-2025-07095,23/05/2025,Sempione,832,70,3,3,1,2,False,furnished,central,D,1988.0,M2,231.0,2,4+4,"Three-bedroom, near metro M2."
ML-2025-82982,2025-03-17,Città Studi,€ 635,78,4,3,1,3,False,furnished,central,B,,M5,216.0,1,temporary,"Three-bedroom, in historic building, near metro M5."
ML-2025-45539,12/06/2025,De Angeli,€622,84 sqm,3,3,1,7,False,furnished,autonomous,A,1901.0,M1,224.0,3,4+4,"Three-bedroom, in historic building, near metro M1."
ML-2025-58893,13/09/2025,Quadrilatero,3129,74,3,3,1,3,True,partly furnished,autonomous,A2,1980.0,M1,,2,student,"Three-bedroom, with elevator, near metro M1."
ML-2025-59884,10/02/2025,sempione,€ 628,61,2,1,1,2,False,unfurnished,central,E,1969.0,M2,150.0,3,temporary,"One-bedroom, near metro M2."
ML-2025-83785,04/03/2025,Zone Quadrilatero,€ 3787,62 sqm,2,1,1,5,False,unfurnished,autonomous,B,1937.0,M1,,2,4+4,"One-bedroom, near metro M1."
ML-2025-22650,2025-02-14,Porta Romana,€ 587,53,3,3,1,7,False,unfurnished,central,E,1935.0,M1,187.0,1,student,"Three-bedroom, near metro M1."
ML-2025-04184,17/10/2024,Zone Bocconi,1463,81,3,3,1,4,True,partly furnished,autonomous,E,,M1,244.0,1,4+4,"Three-bedroom, in historic building, with elevator, near metro M1."
ML-2025-21782,20/02/2024,corvetto,380,68,2,1,1,3,True,furnished,heat pump,E,1973.0,M3,180.0,2,temporary,"One-bedroom, with elevator, near metro M3."
ML-2025-68091,2025-12-02,Città Studi,699,56,2,1,2,2,True,furnished,central,,1911.0,M2,173.0,3,3+2,"One-bedroom, in historic building, with elevator, near metro M2."
ML-2025-66879,18/11/2024,centro storico,1815,56,2,2,1,5,True,furnished,central,,1972.0,M3,138.0,1,4+4,"Two-bedroom, with elevator, near metro M3."
ML-2025-31065,2024-05-08,città studi,€ 453,46,2,1,1,7,True,empty,centr.,,,M1,183.0,2,3+2,"One-bedroom, with elevator, near metro M1."
ML-2025-97418,2025-09-20,Centro Storico,2811,99,4,4,1,1,True,furnished,central,,1971.0,M3,281.0,3,4+4,"Four-bedroom, with elevator, near metro M3."
ML-2025-69061,2024-03-14,de angeli,528,72 sqm,3,2,1,7,False,partly furnished,autonomous,A3,,M1,224.0,1,3+2,"Two-bedroom, near metro M1."
ML-2025-30734,26/02/2025,bocconi,€ 1142,52,1,1,1,7,True,unfurnished,central,B,1928.0,M1,188.0,2,3+2,"One-bedroom, in historic building, with elevator, near metro M1."
ML-2025-98450,2025-08-03,quadrilatero,4500,93 sqm,4,3,1,6,True,partly furnished,central,,2008.0,M3,,2,4+4,"Three-bedroom, with elevator, near metro M3."
ML-2025-20772,07/08/2024,Zone Brera,2274,58,2,1,1,4,True,partly furnished,autonomous ,,1955.0,M1,198.0,2,temporary,"One-bedroom, with elevator, near metro M1."
ML-2025-03025,2024-04-20,quadrilatero,2112,43,2,2,1,2,False,unfurnished,central,C,1900.0,M3,192.0,2,student,"Two-bedroom, in historic building, near metro M3."
ML-2025-98400,2024-06-06,corvetto,380,100,3,2,2,2,True,partly furn.,autonomous,G,1996.0,M3,239.0,2,3+2,"Two-bedroom, with elevator, near metro M3."
ML-2025-43739,07/07/2024,Isola,€ 456,58,2,2,1,5,True,unfurnished,autonomous,E,2020.0,M3,208.0,1,3+2,"Two-bedroom, with elevator, near metro M3."
ML-2025-83464,2024-07-18,bicocca,€ 380,61 sqm,3,3,2,6,False,furnished,autonomous,F,1952.0,,175.0,2,4+4,Three-bedroom.
ML-2025-85855,2025-04-14,città studi,457,71,3,3,1,4th,False,unfurnished,autonomous,A,1903.0,M5,219.0,3,student,"Three-bedroom, in historic building, near metro M5."
ML-2025-93598,2025-10-04,nolo,380,104,4,4,1,4,True,partly furnished,auto.,D,,M1,,1,temporary,"Four-bedroom, with elevator, near metro M1."
ML-2025-75970,2024-08-09,quadrilatero,€3515,70,3,2,1,3,False,partly furnished,centr.,,1928.0,M5,229.0,1,student,"Two-bedroom, in historic building, near metro M5."
ML-2025-04610,18/06/2025,Baggio,380,46 sqm,1,1,1,7,False,unfurnished,autonomous,G,1983.0,M1,161.0,1,temporary,"One-bedroom, near metro M1."
ML-2025-54499,2025-07-02,porta romana,1115,85,4,3,2,5,True,furnished,heat pump,E,1918.0,M2,198.0,2,4+4,"Three-bedroom, in historic building, with elevator, near metro M2."
ML-2025-93359,26/04/2025,Nolo,€ 380,59,3,3,2,6,False,partly furnished,hp,F,,M5,169.0,1,4+4,"Three-bedroom, near metro M5."
ML-2025-76501,2025-05-11,bocconi,€ 2159,136 sqm,6,5,3,4,True,furnished,autonomous,G,1910.0,M1,,2,4+4,"Five-bedroom, in historic building, with elevator, near metro M1."
ML-2025-83832,13/10/2024,città studi,401,70 sqm,3,2,2,7,False,unfurnished,central,G,1901.0,M3,189.0,2,4+4,"Two-bedroom, in historic building, near metro M3."
ML-2025-78694,2025-02-18,baggio,€ 380,32,2,1,1,3,False,unfurnished,autonomous,C,1950.0,,,2,3+2,One-bedroom.
ML-2025-29968,2025-02-06,Quadrilatero,4334,79,4,4,1,4th,False,unfurnished,central,,1963.0,M5,282.0,2,4+4,"Four-bedroom, near metro M5."
ML-2025-77572,16/03/2025,Zone Porta Garibaldi,€ 2701,138,5,5,3,6,False,furnished,autonomous,,1965.0,M1,318.0,2,3+2,"Five-bedroom, near metro M1."
ML-2025-62421,2025-12-27,navigli,1001,122,5,4,1,4,True,unfurnished,autonomous,g,1916.0,M2,272.0,2,3+2,"Four-bedroom, in historic building, with elevator, near metro M2."
ML-2025-58028,2025-10-26,Zone Porta Garibaldi,2211,133,6,5,2,first,True,furnished,autonomous,,1959.0,M1,343.0,2,4+4,"Five-bedroom, with elevator, near metro M1."
ML-2025-17217,11/12/2025,Brera,€ 1547,49,2,1,1,4,False,furnished,central,F,2003.0,M1,191.0,2,3+2,"One-bedroom, near metro M1."
ML-2025-10834,27/04/2024,quadrilatero,€ 4500,96,3,3,2,3,True,furnished,autonomous,F,1941.0,M3,267.0,1,4+4,"Three-bedroom, with elevator, near metro M3."
ML-2025-41771,2025-05-04,Porta Romana,€ 805,54,3,3,1,0,True,unfurn.,autonomous,B,1942.0,M3,144.0,1,4+4,"Three-bedroom, with elevator, near metro M3."
ML-2025-24719,25/04/2025,porta romana,1069,76,3,2,1,2,False,furnished,central,,,M3,223.0,2,4+4,"Two-bedroom, near metro M3."
ML-2025-60244,12/10/2025,isola,€ 380,45,2,1,1,0,True,furnished, autonomous,,1979.0,M3,190.0,2,4+4,"One-bedroom, with elevator, near metro M3."
ML-2025-31524,09/10/2024,città studi,380,56,2,1,1,7,True,partly furnished,centr.,F,1973.0,M3,174.0,2,4+4,"One-bedroom, with elevator, near metro M3."
ML-2025-11032,03/12/2025,città studi,703,55 sqm,2,2,1,7,True,empty,central,F,,M2,151.0,2,4+4,"Two-bedroom, in historic building, with elevator, near metro M2."
ML-2025-03412,2025-04-17,Navigli,€ 783,96,4,4,2,2,True,partly furn.,autonomous ,E,1965.0,M2,241.0,2,4+4,"Four-bedroom, with elevator, near metro M2."
ML-2025-96647,03/12/2024,Navigli,€ 692,93,3,2,1,7,False,unfurnished,autonomous,E,1965.0,M3,234.0,1,4+4,"Two-bedroom, near metro M3."
ML-2025-10790,2025-12-20,Porta Venezia,€ 1581,77,3,2,2,5,True,furnished,autonomous,G,1971.0,M3,228.0,2,4+4,"Two-bedroom, with elevator, near metro M3."
ML-2025-92914,2024-02-02,nolo,380,44,2,2,1,7,True,partly furnished,heat pump,D,1958.0,M1,149.0,1,temporary,"Two-bedroom, with elevator, near metro M1."
ML-2025-56034,2025-05-15,Magenta,1084,63,3,2,1,1,False,furnished,central,G,1956.0,M2,252.0,1,4+4,"Two-bedroom, near metro M2."
ML-2025-86736,2025-03-13,centro storico,1477,54,2,1,1,0,True,partly furnished,autonomous,F,1945.0,M1,216.0,2,4+4,"One-bedroom, with elevator, near metro M1."
ML-2025-91094,2025-12-27,Zone Isola,447,95,4,4,1,7,False,furnished,central,E,,M3,204.0,1,4+4,"Four-bedroom, in historic building, near metro M3."
ML-2025-12856,2025-06-13,porta garibaldi,€2741,106,4,4,1,2,True,partly furn.,autonomous,E,,M1,275.0,1,4+4,"Four-bedroom, with elevator, near metro M1."
ML-2025-54165,09/01/2025,Porta Venezia,1716,101,4,3,1,4,True,unfurnished,autonomous,E,1955.0,M3,269.0,1,4+4,"Three-bedroom, with elevator, near metro M3."
ML-2025-66915,20/07/2025,nolo,380,54 sqm,2,2,1,7,True,partly furnished,autonomous,G,1988.0,M3,207.0,3,4+4,"Two-bedroom, with elevator, near metro M3."
ML-2025-63104,2025-03-24,tortona,€380,28,1,1,1,2,False,furnished,central,c,1984.0,M5,139.0,2,temporary,"One-bedroom, near metro M5."
ML-2025-89042,15/05/2024,Zone Bocconi,380,38,1,1,1,ground floor,False,unfurnished,autonomous,G,1965.0,M2,162.0,3,temporary,"One-bedroom, near metro M2."
ML-2025-16844,21/07/2025,città studi,€ 493,115 sqm,5,5,2,6,True,furnished,central,G,1947.0,M5,320.0,1,student,"Five-bedroom, with elevator, near metro M5."
ML-2025-13763,2025-01-24,Città Studi,€ 496,61,3,2,1,3,True,partly furnished,autonomous,D,1933.0,M3,165.0,1,student,"Two-bedroom, with elevator, near metro M3."
ML-2025-83431,2025-11-13,Magenta,1180,54,2,2,1,0,True,furnished,central,A3,1958.0,M1,217.0,1,4+4,"Two-bedroom, with elevator, near metro M1."
ML-2025-64729,24/06/2024,bicocca,380,124,5,5,2,2,True,furnished,central,C,,M2,261.0,2,4+4,"Five-bedroom, with elevator, near metro M2."
ML-2025-91835,2025-08-22,Tortona,€ 1381,109,4,3,2,4,True,unfurnished,autonomous,C,2006.0,M2,251.0,3,4+4,"Three-bedroom, with elevator, near metro M2."
ML-2025-20418,2025-04-05,Isola,€ 794,71,3,2,1,0,False,empty,autonomous,,2003.0,M1,195.0,1,3+2,"Two-bedroom, near metro M1."
ML-2025-05661,2025-10-12,Zone Città Studi,€ 380,63,2,2,1,first,False,partly furnished,central,C,1971.0,M2,229.0,2,3+2,"Two-bedroom, near metro M2."
ML-2025-68984,02/06/2025,navigli,€ 838,67,3,2,2,4,True,empty,autonomous,G,1989.0,M1,222.0,1,4+4,"Two-bedroom, with elevator, near metro M1."
ML-2025-75775,2025-07-21,porta garibaldi,1416,76,3,2,1,1,True,furnished,auto.,F,1903.0,M3,243.0,2,student,"Two-bedroom, in historic building, with elevator, near metro M3."
ML-2025-64751,20/04/2025,Sempione,1034,123,4,3,1,2,True,partly furnished,central,G,1966.0,M2,321.0,3,4+4,"Three-bedroom, with elevator, near metro M2."
ML-2025-04835,02/03/2025,Zone Affori,€380,81 sqm,3,2,1,2,True,furnished,autonomous,F,,M1,195.0,2,student,"Two-bedroom, in historic building, with elevator, near metro M1."
ML-2025-87160,2024-06-01,quarto oggiaro,380,90,4,4,1,4,False,unfurnished,centr.,F,1948.0,M3,159.0,2,student,"Four-bedroom, near metro M3."
ML-2025-25309,17/04/2025,porta garibaldi,€ 2495,105,4,4,2,5,False,furnished,autonomous,G,1981.0,M5,232.0,2,4+4,"Four-bedroom, near metro M5."
ML-2025-48571,2025-08-11,Porta Garibaldi,€ 743,46,2,1,1,0,True,furnished,autonomous,d,1954.0,M5,221.0,1,4+4,"One-bedroom, with elevator, near metro M5."
ML-2025-02305,02/08/2025,Lambrate,€380,91 sqm,3,3,1,0,True,partly furn.,centr.,F,1961.0,M5,229.0,1,4+4,"Three-bedroom, with elevator, near metro M5."
ML-2025-75885,2025-05-02,magenta,€1095,63,3,2,1,5,True,partly furnished,central,,1924.0,M5,212.0,2,4+4,"Two-bedroom, in historic building, with elevator, near metro M5."
ML-2025-81689,24/02/2025,De Angeli,€ 380,29,1,1,1,2,True,partly furnished,autonomous,,1943.0,M2,185.0,2,temporary,"One-bedroom, with elevator, near metro M2."
ML-2025-19183,2024-03-13,porta garibaldi,480,33,1,1,1,4,False,unfurnished, autonomous,,,M2,137.0,1,student,"One-bedroom, near metro M2."
ML-2025-07821,2025-04-21,brera,€1657,49 sqm,2,2,1,0,False,furnished,autonomous,,2020.0,M2,135.0,2,4+4,"Two-bedroom, near metro M2."
ML-2025-64262,13/05/2024,centro storico,€ 2138,84 sqm,3,3,1,4,False,furnished,autonomous,e,1987.0,M5,208.0,1,4+4,"Three-bedroom, near metro M5."
ML-2025-55432,25/10/2025,de angeli,668,73,3,3,1,2,False,furnished,heat pump,D,1919.0,M1,192.0,1,temporary,"Three-bedroom, in historic building, near metro M1."
ML-2025-87682,23/04/2025,centro storico,1628,75,3,2,1,3,True,unfurnished, autonomous,D,1908.0,M2,243.0,1,3+2,"Two-bedroom, in historic building, with elevator, near metro M2."
ML-2025-29345,2024-09-25,porta romana,1791,139,6,5,3,4,False,furnished,central,E,1940.0,M1,355.0,2,temporary,"Five-bedroom, near metro M1."
ML-2025-72298,2025-01-18,magenta,801,45 sqm,2,2,1,2,False,partly furnished,autonomous,D,1957.0,M5,204.0,1,4+4,"Two-bedroom, near metro M5."
ML-2025-84778,2024-08-01,quadrilatero,€ 2908,69,3,3,1,2,True,furnished,autonomous,A4,1966.0,M2,168.0,3,4+4,"Three-bedroom, with elevator, near metro M2."
ML-2025-87858,2025-08-11,Zone Magenta,€ 1467,78,3,2,2,ground floor,True,furnished,central,,1927.0,M5,303.0,1,4+4,"Two-bedroom, in historic building, with elevator, near metro M5."
ML-2025-08457,03/10/2025,sempione,435,54 sqm,2,2,1,3th,False,partly furnished,central,G,1936.0,M5,,1,4+4,"Two-bedroom, near metro M5."
ML-2025-62978,14/08/2025,Zone Centro Storico,1756,71,2,1,1,7,False,furnished,autonomous,G,1934.0,M1,265.0,2,4+4,"One-bedroom, near metro M1."
ML-2025-34493,13/04/2025,Lambrate,380,40,2,1,1,0,True,furnished,autonomous,G,1982.0,M3,161.0,1,4+4,"One-bedroom, with elevator, near metro M3."
ML-2025-55140,15/04/2024,de angeli,613,115,5,4,1,3,False,unfurnished,autonomous,F,,M2,269.0,3,4+4,"Four-bedroom, in historic building, near metro M2."
ML-2025-67063,2025-10-26,navigli,465,55,3,2,2,6,False,partly furnished,autonomous,G,1924.0,M2,186.0,2,temporary,"Two-bedroom, in historic building, near metro M2."
ML-2025-91503,2025-12-07,quadrilatero,4500,143 sqm,6,5,2,3,False,furnished,centr.,E,1971.0,M1,315.0,1,4+4,"Five-bedroom, near metro M1."
ML-2025-46948,24/07/2025,nolo,€495,69,3,2,2,6,True,furnished,autonomous,E,1967.0,M3,167.0,3,temporary,"Two-bedroom, with elevator, near metro M3."
ML-2025-32340,2024-10-21,brera,3948,100,4,3,1,3,True,furnished,autonomous,,1925.0,M2,271.0,1,4+4,"Three-bedroom, in historic building, with elevator, near metro M2."
ML-2025-19170,13/12/2025,navigli,807,69,3,3,1,4,False,unfurnished,autonomous,D,1952.0,M3,178.0,1,3+2,"Three-bedroom, near metro M3."
ML-2025-74835,2025-11-13,Zone Corvetto,380,69,3,3,1,7,True,furnished,central,,1991.0,M3,227.0,2,4+4,"Three-bedroom, with elevator, near metro M3."
ML-2025-34025,2025-01-11,Lorenteggio,€ 380,57,2,2,1,4,True,unfurnished,autonomous,,2006.0,M2,161.0,1,temporary,"Two-bedroom, with elevator, near metro M2."
ML-2025-69304,2024-06-18,Bicocca,€ 380,73,3,3,2,6,False,unfurnished,centr.,,1931.0,M1,235.0,2,4+4,"Three-bedroom, near metro M1."
ML-2025-26740,2025-08-21,magenta,€ 1406,78 sqm,3,2,1,5,True,partly furnished,autonomous,C,1932.0,M1,,1,4+4,"Two-bedroom, with elevator, near metro M1."
ML-2025-81425,01/07/2024,Bocconi,€653,53 sqm,2,2,1,ground floor,True,unfurnished,autonomous,B,1980.0,M1,,3,student,"Two-bedroom, with elevator, near metro M1."
ML-2025-66779,27/08/2024,bocconi,952,67,3,3,1,first,False,unfurnished,autonomous,E,1952.0,M5,225.0,1,4+4,"Three-bedroom, near metro M5."
ML-2025-49763,2024-09-03,navigli,€717,57 sqm,3,3,2,4,True,unfurnished,central,D,2009.0,M2,,1,temporary,"Three-bedroom, with elevator, near metro M2."
ML-2025-98894,05/03/2025,Città Studi,924,157,6,5,2,2,False,furnished,autonomous,G,1906.0,M3,360.0,3,3+2,"Five-bedroom, in historic building, near metro M3."
ML-2025-49360,2025-08-16,Centro Storico,1912,68 sqm,3,2,1,3,True,furnished,heat pump,F,1908.0,M5,265.0,2,4+4,"Two-bedroom, in historic building, with elevator, near metro M5."
ML-2025-54051,2025-09-03,porta venezia,1885,120,5,4,2,3,True,unfurnished,autonomous,E,2017.0,M2,326.0,2,4+4,"Four-bedroom, with elevator, near metro M2."
ML-2025-03419,21/09/2025,Zone Porta Garibaldi,€1875,65,3,3,2,6,True,furnished,central,F,1975.0,M2,246.0,2,temporary,"Three-bedroom, with elevator, near metro M2."
ML-2025-64807,2025-08-06,Zone Quadrilatero,€ 3369,77,4,4,2,7,True,furnished,autonomous,,1953.0,M5,264.0,2,student,"Four-bedroom, with elevator, near metro M5."
ML-2025-93139,2024-06-09,Quadrilatero,2328,44 sqm,2,1,1,7,True,furnished,autonomous,D,1921.0,M3,,1,4+4,"One-bedroom, in historic building, with elevator, near metro M3."
ML-2025-58198,2025-05-16,De Angeli,€403,60,3,2,1,0,False,furnished,central,E,1960.0,M1,214.0,2,temporary,"Two-bedroom, near metro M1."
ML-2025-38731,2024-02-26,lorenteggio,380,75,4,3,2,4,False,furnished,autonomous,D,1902.0,,203.0,1,temporary,"Three-bedroom, in historic building."
ML-2025-64689,06/10/2024,tortona,1013,122 sqm,5,4,1,5,True,unfurnished,autonomous,F,1988.0,M5,268.0,1,3+2,"Four-bedroom, with elevator, near metro M5."
ML-2025-55201,2025-10-23,De Angeli,€ 397,76 sqm,3,3,1,6,True,partly furnished,central,,1940.0,M3,,1,temporary,"Three-bedroom, with elevator, near metro M3."
ML-2025-21212,2024-12-18,Zone Lorenteggio,380,114,4,3,1,3,True,furnished,central,D,,,242.0,2,4+4,"Three-bedroom, with elevator."
ML-2025-19822,15/05/2024,quadrilatero,3589,88,3,2,1,4,True,partly,central,F,1908.0,M3,288.0,1,4+4,"Two-bedroom, in historic building, with elevator, near metro M3."
ML-2025-89721,2025-03-24,Isola,670,124,4,3,1,3,True,furnished,autonomous,F,,M3,294.0,2,student,"Three-bedroom, with elevator, near metro M3."
ML-2025-61620,2024-08-18,Zone Navigli,835,69,3,2,2,2,True,partly furnished,central,E,1906.0,M1,213.0,2,temporary,"Two-bedroom, in historic building, with elevator, near metro M1."
ML-2025-88677,2024-08-22,brera,4490,162,6,6,2,first,True,unfurnished,centr.,E,1930.0,M5,364.0,1,4+4,"Six-bedroom, with elevator, near metro M5."
ML-2025-34611,17/05/2025,sempione,€ 699,59,3,3,1,5,True,unfurnished,central,E,1979.0,M1,194.0,1,3+2,"Three-bedroom, with elevator, near metro M1."
ML-2025-95556,13/05/2024,isola,488,54 sqm,2,1,1,0,True,unfurnished,central,E,1964.0,M3,157.0,1,4+4,"One-bedroom, with elevator, near metro M3."
ML-2025-58505,09/06/2025,porta garibaldi,1000,46,2,1,1,3th,False,unfurnished,central,,1926.0,M2,203.0,1,4+4,"One-bedroom, in historic building, near metro M2."
ML-2025-86642,2025-06-08,Quadrilatero,4500,158,7,7,3,6,True,furnished,central,D,,M3,340.0,2,4+4,"Seven-bedroom, with elevator, near metro M3."
ML-2025-73533,2025-08-02,quadrilatero,4500,93,4,4,1,1,True,furnished,autonomous,E,1917.0,M3,270.0,2,4+4,"Four-bedroom, in historic building, with elevator, near metro M3."
ML-2025-92779,08/09/2024,Greco,380,62,2,1,1,1,True,partly furnished,autonomous,G,1935.0,M3,161.0,2,4+4,"One-bedroom, with elevator, near metro M3."
ML-2025-60998,22/07/2024,Centro Storico,€2883,108 sqm,4,4,1,4,True,partly furnished,autonomous,E,2004.0,M1,309.0,1,4+4,"Four-bedroom, with elevator, near metro M1."
ML-2025-77035,2025-09-09,Zone Porta Venezia,1540,89,3,3,1,3,False,unfurnished,autonomous,G,1956.0,M3,243.0,2,temporary,"Three-bedroom, near metro M3."
ML-2025-03063,13/02/2024,Porta Romana,1581,139,5,4,3,ground floor,False,partly furnished,central,D,1920.0,M1,,1,temporary,"Four-bedroom, in historic building, near metro M1."
ML-2025-53616,2024-04-11,porta garibaldi,1069,41 sqm,1,1,1,3,False,furnished,autonomous ,E,2023.0,M1,200.0,1,4+4,"One-bedroom, near metro M1."
ML-2025-80607,2024-03-23,Zone Nolo,€ 380,64,3,2,1,1,True,unfurnished,autonomous,F,1967.0,M2,171.0,2,4+4,"Two-bedroom, with elevator, near metro M2."
ML-2025-81819,2025-10-16,porta garibaldi,€839,60,2,1,1,6,True,unfurnished,heat pump,e,1936.0,M5,208.0,2,student,"One-bedroom, with elevator, near metro M5."
ML-2025-56086,11/03/2025,Brera,1308,35,1,1,1,7,True,furnished,heat pump,G,1966.0,M5,209.0,1,4+4,"One-bedroom, with elevator, near metro M5."
ML-2025-94512,26/11/2024,porta venezia,1903,101,4,3,2,0,True,partly,auto.,,1993.0,M2,252.0,1,3+2,"Three-bedroom, with elevator, near metro M2."
ML-2025-23840,2024-07-01,de angeli,€380,64,3,2,1,first,True,partly furnished,autonomous,E,1975.0,M3,,2,4+4,"Two-bedroom, with elevator, near metro M3."
ML-2025-79432,2025-03-04,città studi,380,91,4,3,2,first,True,partly furnished,autonomous,F,1947.0,M1,226.0,1,student,"Three-bedroom, with elevator, near metro M1."
ML-2025-32366,2024-05-04,città studi,€ 904,160,7,6,2,6,True,unfurn.,autonomous,F,1942.0,M1,344.0,1,4+4,"Six-bedroom, with elevator, near metro M1."
ML-2025-25870,2025-01-03,bocconi,€1030,62 sqm,2,2,1,7,True,furnished,autonomous ,G,1945.0,M3,201.0,3,student,"Two-bedroom, with elevator, near metro M3."
ML-2025-81103,2025-03-05,Zone Sempione,€ 431,60,2,2,1,2,True,partly furnished,autonomous,g,1947.0,M3,227.0,1,student,"Two-bedroom, with elevator, near metro M3."
ML-2025-80673,2025-08-19,Centro Storico,1863,73,3,3,1,first,True,furnished,central,A2,1905.0,M3,221.0,2,student,"Three-bedroom, in historic building, with elevator, near metro M3."
ML-2025-93627,20/01/2024,Zone Navigli,879,99,4,4,1,5,False,partly furnished,autonomous,G,,M1,290.0,2,temporary,"Four-bedroom, near metro M1."
ML-2025-42811,03/07/2025,tortona,752,57 sqm,2,1,1,7,False,furnished,autonomous,F,1993.0,M2,226.0,1,temporary,"One-bedroom, near metro M2."
ML-2025-81345,01/10/2024,Magenta,891,56,2,2,1,7,True,partly furnished,central,F,1950.0,M1,,2,student,"Two-bedroom, with elevator, near metro M1."
ML-2025-76856,25/03/2025,De Angeli,604,101,5,4,1,3,True,unfurnished,autonomous,,1923.0,M3,228.0,2,4+4,"Four-bedroom, in historic building, with elevator, near metro M3."
ML-2025-88624,23/01/2025,Porta Garibaldi,2182,80,4,4,2,6,True,furnished,autonomous,G,1929.0,M2,233.0,1,temporary,"Four-bedroom, in historic building, with elevator, near metro M2."
ML-2025-31265,22/08/2025,bicocca,380,34,1,1,1,7,True,furnished,autonomous,F,1916.0,,121.0,1,4+4,"One-bedroom, in historic building, with elevator."
ML-2025-48987,19/05/2025,Zone De Angeli,380,46,2,2,1,6,False,unfurnished,autonomous,,1922.0,M2,209.0,3,4+4,"Two-bedroom, in historic building, near metro M2."
ML-2025-70763,2025-05-12,porta garibaldi,2603,118,5,5,2,3th,True,furnished,autonomous,D,,M1,288.0,1,4+4,"Five-bedroom, with elevator, near metro M1."
ML-2025-41676,2024-06-09,greco,380,81,3,2,1,2,False,partly furnished,autonomous,F,1946.0,M2,234.0,2,student,"Two-bedroom, near metro M2."
ML-2025-99898,2025-08-09,nolo,380,54,2,1,1,2th,False,furnished, autonomous,G,,M3,180.0,2,4+4,"One-bedroom, near metro M3."
ML-2025-81882,15/06/2025,de angeli,€409,66 sqm,3,3,1,2,True,furnished,central,E,1935.0,M2,196.0,2,3+2,"Three-bedroom, with elevator, near metro M2."
ML-2025-02137,2025-04-02,Magenta,1356,70,2,1,1,7,False,furnished,central,G,1975.0,M2,212.0,2,3+2,"One-bedroom, near metro M2."
ML-2025-39457,2025-02-26,Porta Garibaldi,2281,91,4,3,1,5,True,furnished,autonomous,E,2021.0,M5,244.0,2,3+2,"Three-bedroom, with elevator, near metro M5."
ML-2025-53688,27/12/2025,Porta Garibaldi,1026,44,2,1,1,0,False,furnished,central,E,1998.0,M1,202.0,2,4+4,"One-bedroom, near metro M1."
ML-2025-70585,2024-09-02,brera,€ 1767,52,2,2,1,6th,True,partly furnished,autonomous,F,1939.0,M1,185.0,2,3+2,"Two-bedroom, with elevator, near metro M1."
ML-2025-53952,2025-08-15,Navigli,856,77 sqm,3,3,1,3,False,unfurnished,autonomous ,B,,M3,249.0,2,3+2,"Three-bedroom, in historic building, near metro M3."
ML-2025-61304,10/03/2025,Zone Greco,€380,68,2,1,1,6th,True,partly furnished,autonomous,,2023.0,M2,216.0,2,student,"One-bedroom, with elevator, near metro M2."
ML-2025-58429,2025-01-11,Città Studi,€ 480,86,4,3,1,5,True,furnished,autonomous,F,1907.0,M5,215.0,1,student,"Three-bedroom, in historic building, with elevator, near metro M5."
ML-2025-15288,2025-08-11,quadrilatero,3032,46 sqm,2,2,2,5,False,furnished,autonomous,,1917.0,M1,228.0,1,4+4,"Two-bedroom, in historic building, near metro M1."
ML-2025-35539,15/11/2025,Magenta,1395,79,3,2,1,2th,True,furnished,heat pump,C,1992.0,M5,,2,4+4,"Two-bedroom, with elevator, near metro M5."
ML-2025-30867,27/05/2025,quadrilatero,4500,103,4,4,2,1,True,unfurnished,autonomous,B,1951.0,M2,305.0,1,3+2,"Four-bedroom, with elevator, near metro M2."
ML-2025-37059,2025-02-20,centro storico,€2242,83 sqm,3,2,2,1,True,furnished,autonomous,,1919.0,M1,236.0,2,4+4,"Two-bedroom, in historic building, with elevator, near metro M1."
ML-2025-21247,2025-07-27,quarto oggiaro,380,73 sqm,3,3,2,2,True,furnished,autonomous,D,1930.0,M2,158.0,1,temporary,"Three-bedroom, with elevator, near metro M2."
ML-2025-95584,2025-12-08,isola,€772,68,2,1,1,7,True,unfurnished,central,D,1970.0,M2,204.0,1,temporary,"One-bedroom, with elevator, near metro M2."
ML-2025-12548,2025-06-23,magenta,€1050,52 sqm,2,2,1,7,True,furnished,autonomous,G,2018.0,M1,246.0,1,4+4,"Two-bedroom, with elevator, near metro M1."
ML-2025-33252,12/05/2024,Nolo,€ 380,68,2,2,1,first,True,unfurnished,heat pump,F,1987.0,M1,198.0,1,temporary,"Two-bedroom, with elevator, near metro M1."
ML-2025-42018,11/12/2025,Centro Storico,3058,109,4,3,1,4,False,unfurnished,autonomous,,1992.0,M2,286.0,2,4+4,"Three-bedroom, near metro M2."
ML-2025-62237,02/03/2024,Porta Romana,€ 733,67,3,3,1,7th,True,unfurnished,central,C,1944.0,M2,184.0,1,student,"Three-bedroom, with elevator, near metro M2."
ML-2025-19841,2025-05-25,bocconi,€ 1073,51,2,1,1,3,False,furnished,auto.,C,,M1,162.0,3,4+4,"One-bedroom, near metro M1."
ML-2025-70820,04/03/2025,Città Studi,€380,59,2,1,1,4,True,unfurnished,autonomous,G,2017.0,M1,172.0,1,temporary,"One-bedroom, with elevator, near metro M1."
ML-2025-07146,14/02/2025,Corvetto,€ 380,75 sqm,3,3,1,4,False,furnished,autonomous,F,1966.0,M2,204.0,2,4+4,"Three-bedroom, near metro M2."
ML-2025-05850,2025-11-27,Città Studi,380,61,3,3,2,2,False,furnished,autonomous,G,1932.0,M3,156.0,2,3+2,"Three-bedroom, near metro M3."
ML-2025-20696,18/05/2024,Porta Garibaldi,€ 2047,83,4,3,1,4,False,furnished,autonomous,E,1917.0,M5,222.0,1,4+4,"Three-bedroom, in historic building, near metro M5."
ML-2025-22059,2024-10-04,Zone Sempione,958,84,4,3,1,0,True,furnished,autonomous,F,2010.0,M1,193.0,2,3+2,"Three-bedroom, with elevator, near metro M1."
ML-2025-61888,26/06/2025,Zone Greco,€ 380,96,4,3,2,6,False,empty,central,E,1904.0,M5,257.0,1,student,"Three-bedroom, in historic building, near metro M5."
ML-2025-80641,17/09/2025,Sempione,€1088,115,4,4,1,2,False,unfurnished,central,D,1918.0,M3,289.0,2,temporary,"Four-bedroom, in historic building, near metro M3."
ML-2025-80842,2025-01-07,corvetto,€ 380,99,4,3,2,2th,False,partly furnished,autonomous,G,1983.0,M5,239.0,1,3+2,"Three-bedroom, near metro M5."
ML-2025-18051,08/07/2025,bicocca,380,50,2,1,1,4,True,furn.,central,D,1904.0,,121.0,1,4+4,"One-bedroom, in historic building, with elevator."
ML-2025-46292,2025-12-24,De Angeli,380,51,2,1,1,7,False,furnished,central,E,1916.0,M2,202.0,1,student,"One-bedroom, in historic building, near metro M2."
ML-2025-17332,2025-12-16,brera,2375,68,2,2,1,3,False,furnished,heatpump,C,2004.0,M3,264.0,1,4+4,"Two-bedroom, near metro M3."
ML-2025-60933,2024-03-11,sempione,€ 750,60,2,2,1,2,True,partly furnished,auto.,F,,M2,206.0,3,3+2,"Two-bedroom, with elevator, near metro M2."
ML-2025-25165,09/10/2025,Zone Isola,479,47,2,1,1,ground floor,False,furn.,autonomous,G,1954.0,M5,164.0,2,4+4,"One-bedroom, near metro M5."
ML-2025-65045,2024-12-24,tortona,953,60,2,1,2,3,False,furnished,heat pump,E,1983.0,M5,204.0,2,temporary,"One-bedroom, near metro M5."
ML-2025-77393,10/09/2025,Zone Città Studi,€446,59,3,3,1,2,True,furnished,heat pump,G,1911.0,M2,,2,4+4,"Three-bedroom, in historic building, with elevator, near metro M2."
ML-2025-65144,2024-05-15,corvetto,€ 380,55,2,1,1,6,True,partly furnished,heat pump,D,2018.0,M2,187.0,2,4+4,"One-bedroom, with elevator, near metro M2."
ML-2025-00821,2025-02-03,Lorenteggio,€380,63,2,2,1,6,True,furnished,central,,,,185.0,2,4+4,"Two-bedroom, in historic building, with elevator."
ML-2025-98684,2025-07-07,Porta Romana,1247,106 sqm,5,5,2,2th,False,furnished,central,f,1916.0,M3,295.0,2,3+2,"Five-bedroom, in historic building, near metro M3."
ML-2025-45349,2025-01-22,sempione,€ 798,75 sqm,4,4,1,1,True,unfurnished,heat pump,G,,M3,209.0,3,4+4,"Four-bedroom, with elevator, near metro M3."
ML-2025-60896,21/09/2025,sempione,€ 1449,166,7,7,2,2th,False,unfurnished,autonomous,F,,M3,,1,student,"Seven-bedroom, near metro M3."
ML-2025-68623,2025-05-27,magenta,1538,74,2,2,1,3,True,unfurnished,auto.,E,2010.0,M1,215.0,2,temporary,"Two-bedroom, with elevator, near metro M1."
ML-2025-54623,04/01/2024,brera,€ 1726,63,2,2,1,4,False,partly furn.,heat pump,E,1954.0,M5,157.0,2,student,"Two-bedroom, near metro M5."
ML-2025-95693,15/09/2025,Centro Storico,€1693,70 sqm,3,3,2,1,False,partly,central,G,1992.0,M2,221.0,1,4+4,"Three-bedroom, near metro M2."
ML-2025-86672,2024-05-04,bicocca,€380,77 sqm,4,3,1,7th,False,unfurnished,auto.,G,1928.0,,175.0,1,3+2,"Three-bedroom, in historic building."
ML-2025-65683,2025-07-21,Porta Garibaldi,1568,82,3,2,2,5,True,partly furnished,autonomous,F,1981.0,M1,243.0,3,4+4,"Two-bedroom, with elevator, near metro M1."
ML-2025-62094,2024-04-05,Lorenteggio,€ 380,145,6,5,2,first,True,partly furnished,central,F,1979.0,M1,312.0,2,student,"Five-bedroom, with elevator, near metro M1."
ML-2025-34959,04/06/2025,isola,574,52,2,2,1,2,False,furn.,autonomous,E,1937.0,M2,188.0,1,4+4,"Two-bedroom, near metro M2."
ML-2025-45814,23/03/2025,Corvetto,380,95,4,3,1,5,True,partly furnished,central,D,1933.0,M1,275.0,3,4+4,"Three-bedroom, with elevator, near metro M1."
ML-2025-00573,04/03/2024,Navigli,778,75,3,3,1,4,True,unfurnished,autonomous,A4,2023.0,M1,209.0,3,4+4,"Three-bedroom, with elevator, near metro M1."
ML-2025-74241,2025-09-24,bicocca,380,40 sqm,1,1,1,4,True,unfurnished,autonomous,f,1926.0,,84.0,2,4+4,"One-bedroom, in historic building, with elevator."
ML-2025-13122,21/10/2025,Zone Brera,2975,92,4,3,1,0,True,unfurnished,central,F,1963.0,M1,270.0,1,temporary,"Three-bedroom, with elevator, near metro M1."
ML-2025-22423,16/02/2025,tortona,1182,109 sqm,5,5,2,3,False,partly furnished,heat pump,F,1947.0,M5,250.0,1,4+4,"Five-bedroom, near metro M5."
ML-2025-57620,2025-02-04,lambrate,€ 380,52,2,2,1,4th,True,partly furnished,autonomous,F,,M2,138.0,2,3+2,"Two-bedroom, with elevator, near metro M2."
ML-2025-67254,2025-07-08,quarto oggiaro,380,70,3,2,2,5,True,furnished,autonomous,D,2004.0,M1,149.0,1,4+4,"Two-bedroom, with elevator, near metro M1."
ML-2025-03343,2025-07-06,lambrate,380,38,1,1,1,3,True,unfurnished,autonomous,D,1915.0,M2,124.0,1,4+4,"One-bedroom, in historic building, with elevator, near metro M2."
ML-2025-76721,11/05/2025,Zone Centro Storico,1093,45,1,1,1,4,True,unfurnished,autonomous,B,1908.0,M3,178.0,1,student,"One-bedroom, in historic building, with elevator, near metro M3."
ML-2025-13854,06/12/2025,navigli,1056,101,4,3,2,first,True,partly furnished,heat pump,,,M2,,2,temporary,"Three-bedroom, with elevator, near metro M2."
ML-2025-63856,2024-12-05,Zone Centro Storico,€ 1694,59 sqm,3,2,2,3,False,furnished,autonomous,,1931.0,M2,,1,student,"Two-bedroom, near metro M2."
ML-2025-77909,09/08/2025,Zone Brera,1469,47,2,2,1,5th,False,furnished,heat pump,G,2017.0,M3,189.0,3,4+4,"Two-bedroom, near metro M3."
ML-2025-18774,01/11/2025,bocconi,€ 1370,76,4,3,1,1,False,furnished,centr.,,2001.0,M1,263.0,2,temporary,"Three-bedroom, near metro M1."
ML-2025-39964,2024-06-25,sempione,1011,58 sqm,2,2,1,5,True,furnished,autonomous,,2014.0,M1,194.0,3,3+2,"Two-bedroom, with elevator, near metro M1."
ML-2025-51500,2024-01-23,Bicocca,380,59,2,1,2,7,True,furnished,autonomous,G,1939.0,M5,131.0,1,3+2,"One-bedroom, with elevator, near metro M5."
ML-2025-55084,2025-02-08,De Angeli,701,91,4,4,2,7,True,furnished,heat pump,,1952.0,M2,199.0,2,4+4,"Four-bedroom, with elevator, near metro M2."
ML-2025-80993,06/10/2024,Sempione,€ 637,47,2,1,1,first,False,furnished,autonomous,D,1908.0,M1,183.0,2,4+4,"One-bedroom, in historic building, near metro M1."
ML-2025-95455,2024-02-24,Lambrate,380,51 sqm,2,1,1,2,False,partly furnished,central,F,1994.0,M1,122.0,3,4+4,"One-bedroom, near metro M1."
ML-2025-40274,03/03/2024,Zone Centro Storico,2129,74,3,3,2,ground floor,False,furnished,autonomous,,2007.0,M3,209.0,1,temporary,"Three-bedroom, near metro M3."
ML-2025-59521,2025-09-21,porta venezia,€ 1932,98,4,4,2,ground floor,True,furnished,autonomous,,1955.0,M1,256.0,1,temporary,"Four-bedroom, with elevator, near metro M1."
ML-2025-92776,04/06/2024,città studi,530,108 sqm,4,4,1,6,True,partly, autonomous,,2023.0,M2,291.0,2,3+2,"Four-bedroom, with elevator, near metro M2."
ML-2025-60558,03/03/2025,De Angeli,€571,55,2,1,1,7,False,furnished,autonomous,,1912.0,M2,211.0,2,4+4,"One-bedroom, in historic building, near metro M2."
ML-2025-04816,2025-10-26,Centro Storico,€3105,97,4,3,1,5,True,unfurnished,central,D,1990.0,M1,289.0,1,temporary,"Three-bedroom, with elevator, near metro M1."
ML-2025-30959,15/09/2025,porta garibaldi,1265,53,2,2,1,2,False,partly furnished,central,C,1942.0,M2,193.0,2,4+4,"Two-bedroom, near metro M2."
ML-2025-66506,10/04/2024,bocconi,2775,133,6,5,2,0,False,furnished,autonomous,A3,2007.0,M1,295.0,1,temporary,"Five-bedroom, near metro M1."
ML-2025-98548,2025-03-02,centro storico,€ 1219,47,2,1,1,4,True,unfurnished,autonomous,F,,M2,208.0,1,4+4,"One-bedroom, with elevator, near metro M2."
ML-2025-23286,2024-09-18,navigli,780,111,4,4,2,4,False,furnished,autonomous,,,M1,321.0,1,3+2,"Four-bedroom, near metro M1."
ML-2025-21542,16/03/2025,affori,380,56,2,1,1,1,False,furnished,heatpump,F,1938.0,M5,152.0,2,4+4,"One-bedroom, near metro M5."
ML-2025-64871,01/03/2024,Bocconi,1888,142,6,6,1,6,False,unfurn.,central,G,1960.0,M3,311.0,1,4+4,"Six-bedroom, near metro M3."
ML-2025-11579,2024-11-20,porta venezia,€1557,86,3,3,1,2,True,furnished,central,,2014.0,M1,244.0,1,4+4,"Three-bedroom, with elevator, near metro M1."
ML-2025-94933,2024-11-15,de angeli,€ 473,49,3,3,1,first,True,unfurnished,heat pump,d,,M1,163.0,2,4+4,"Three-bedroom, with elevator, near metro M1."
ML-2025-91067,2025-12-24,magenta,1112,58 sqm,3,2,2,1,False,unfurnished,autonomous,,1950.0,M3,217.0,1,4+4,"Two-bedroom, near metro M3."
ML-2025-57497,2024-06-21,de angeli,869,92,4,4,2,3,True,furnished,autonomous,,1914.0,M3,215.0,2,3+2,"Four-bedroom, in historic building, with elevator, near metro M3."
ML-2025-33924,17/09/2024,porta romana,1746,101,4,4,2,4,True,furn.,autonomous,c,1994.0,M2,274.0,2,4+4,"Four-bedroom, with elevator, near metro M2."
ML-2025-43691,02/03/2024,Zone Nolo,€380,68,3,2,1,4,True,unfurnished,central,E,2005.0,M1,212.0,2,student,"Two-bedroom, with elevator, near metro M1."
ML-2025-55290,06/12/2025,Zone Navigli,954,71,2,1,1,4,True,furnished,autonomous,F,1918.0,M2,225.0,1,4+4,"One-bedroom, in historic building, with elevator, near metro M2."
ML-2025-85864,09/01/2025,porta romana,1366,91,4,3,1,3,False,empty,centr.,,1913.0,M1,222.0,1,4+4,"Three-bedroom, in historic building, near metro M1."
ML-2025-72215,2025-11-26,Affori,€ 380,73 sqm,3,3,1,6,True,partly furnished, autonomous,,1984.0,,170.0,2,3+2,"Three-bedroom, with elevator."
ML-2025-46360,2025-08-09,quadrilatero,2824,45,2,1,1,7,True,partly furnished,autonomous,,,M2,183.0,1,temporary,"One-bedroom, in historic building, with elevator, near metro M2."
ML-2025-63739,2025-12-15,brera,1686,53 sqm,2,2,1,3,True,furnished,auto.,G,1961.0,M3,202.0,1,4+4,"Two-bedroom, with elevator, near metro M3."
ML-2025-56424,24/09/2024,magenta,€ 1287,76 sqm,3,2,2,1,True,furn.,central,G,,M2,213.0,2,3+2,"Two-bedroom, with elevator, near metro M2."
ML-2025-11819,01/03/2025,sempione,884,107,4,4,2,2,True,unfurnished,autonomous,,1957.0,M1,306.0,1,student,"Four-bedroom, with elevator, near metro M1."
ML-2025-30708,18/09/2025,lambrate,380,123,5,5,1,6,True,unfurnished,centr.,,,M1,276.0,2,4+4,"Five-bedroom, with elevator, near metro M1."
ML-2025-20387,2025-09-24,lorenteggio,380,92,4,4,1,2,True,partly furnished,central,F,1921.0,M2,171.0,1,4+4,"Four-bedroom, in historic building, with elevator, near metro M2."
ML-2025-54933,24/06/2025,porta romana,€ 853,77 sqm,3,2,2,6,True,unfurnished,autonomous,C,1967.0,M2,,1,4+4,"Two-bedroom, with elevator, near metro M2."
ML-2025-97006,2025-08-14,Zone Navigli,€568,91 sqm,3,3,2,5th,False,furnished,central,G,1946.0,M3,276.0,2,student,"Three-bedroom, near metro M3."
ML-2025-71580,2025-05-11,quadrilatero,2997,55,2,2,1,3,True,furnished,autonomous,,1941.0,M2,206.0,2,4+4,"Two-bedroom, with elevator, near metro M2."
ML-2025-66196,05/04/2025,nolo,380,66,3,2,2,1,True,partly furn.,central,F,,M2,185.0,1,4+4,"Two-bedroom, with elevator, near metro M2."
ML-2025-50929,2025-08-16,Lorenteggio,380,52 sqm,2,1,1,4,True,empty,autonomous ,D,1942.0,M2,180.0,1,student,"One-bedroom, with elevator, near metro M2."
ML-2025-35394,25/07/2024,bocconi,477,45 sqm,2,2,1,0,False,partly,central,F,,M5,173.0,2,temporary,"Two-bedroom, near metro M5."
ML-2025-21084,2025-01-14,Nolo,€380,79,4,3,2,first,True,unfurnished,autonomous,G,,M5,185.0,2,4+4,"Three-bedroom, with elevator, near metro M5."
ML-2025-90789,2024-10-18,Zone Navigli,€868,75,3,2,1,6,True,partly furnished,autonomous,,1906.0,M2,194.0,2,4+4,"Two-bedroom, in historic building, with elevator, near metro M2."
ML-2025-01965,2025-03-08,greco,€ 380,89,4,4,2,1,False,unfurnished,central,E,1942.0,M3,227.0,1,3+2,"Four-bedroom, near metro M3."
ML-2025-91022,21/01/2024,Porta Garibaldi,2130,85,3,2,1,3,False,partly furnished,autonomous,F,1903.0,M1,,3,temporary,"Two-bedroom, in historic building, near metro M1."
ML-2025-21799,12/04/2025,Quadrilatero,4317,76,3,2,1,4,True,partly furnished,central,,1916.0,M1,263.0,2,4+4,"Two-bedroom, in historic building, with elevator, near metro M1."
ML-2025-80282,2025-11-10,Navigli,630,85,4,4,1,1,False,partly furnished,autonomous,F,1956.0,M2,227.0,2,4+4,"Four-bedroom, near metro M2."
ML-2025-85025,07/10/2025,centro storico,1573,69,3,3,1,1,False,partly furnished,autonomous,E,2021.0,M3,225.0,3,student,"Three-bedroom, near metro M3."
ML-2025-91711,2025-06-18,Porta Venezia,€ 1378,81,1,1,1,2th,True,unfurnished,autonomous,E,1911.0,M5,241.0,1,temporary,"One-bedroom, in historic building, with elevator, near metro M5."
ML-2025-95923,2025-06-01,centro storico,1444,54,2,2,1,3,False,unfurnished,central,,1929.0,M3,158.0,1,4+4,"Two-bedroom, in historic building, near metro M3."
ML-2025-50252,26/06/2025,isola,€ 409,80,4,3,2,2,True,unfurn.,autonomous,,1943.0,M3,226.0,1,student,"Three-bedroom, with elevator, near metro M3."
ML-2025-56242,2025-01-27,città studi,€ 380,88,3,2,1,4,False,partly furnished,autonomous,F,1982.0,M1,247.0,1,3+2,"Two-bedroom, near metro M1."
ML-2025-03174,2025-05-26,magenta,€ 1040,55,3,2,1,3,False,partly furnished,autonomous,c,,M5,243.0,1,student,"Two-bedroom, in historic building, near metro M5."
ML-2025-82906,26/11/2025,isola,€604,71,2,2,1,ground floor,False,partly furnished,auto.,F,1908.0,M1,,3,4+4,"Two-bedroom, in historic building, near metro M1."
ML-2025-58091,2025-08-23,Corvetto,380,56,3,3,1,4,False,furnished,central,E,1937.0,M5,215.0,2,4+4,"Three-bedroom, near metro M5."
ML-2025-04698,2025-05-23,sempione,787,58 sqm,2,2,1,2,False,partly furnished,central,G,1906.0,M1,243.0,2,3+2,"Two-bedroom, in historic building, near metro M1."
ML-2025-34648,2025-12-12,tortona,804,47 sqm,1,1,1,2,True,partly furnished,central,B,1918.0,M1,206.0,2,4+4,"One-bedroom, in historic building, with elevator, near metro M1."
ML-2025-85358,2024-01-05,porta romana,€1505,109 sqm,5,5,2,6,True,unfurn.,autonomous,E,1909.0,M2,,1,4+4,"Five-bedroom, in historic building, with elevator, near metro M2."
ML-2025-38411,01/11/2025,affori,€ 380,102,5,4,2,1,False,empty,autonomous,C,1968.0,M1,226.0,1,3+2,"Four-bedroom, near metro M1."
ML-2025-28720,01/06/2024,Porta Venezia,1327,84,4,3,2,2,True,partly furn.,centr.,G,2001.0,M1,203.0,1,3+2,"Three-bedroom, with elevator, near metro M1."
ML-2025-27176,20/07/2024,Magenta,€ 1968,140,6,6,2,4th,False,partly furnished,central,C,2010.0,M3,329.0,2,4+4,"Six-bedroom, near metro M3."
ML-2025-17546,2025-12-06,greco,€ 380,66,2,1,1,5,True,unfurnished,autonomous,E,1989.0,M3,191.0,2,4+4,"One-bedroom, with elevator, near metro M3."
ML-2025-54036,2024-12-05,Porta Garibaldi,2717,202,7,6,2,0,True,unfurnished,central,,1952.0,M2,410.0,2,3+2,"Six-bedroom, with elevator, near metro M2."
ML-2025-27708,2025-10-24,Zone Sempione,457,65,3,2,1,ground floor,True,unfurnished,autonomous,G,1901.0,M2,173.0,3,3+2,"Two-bedroom, in historic building, with elevator, near metro M2."
ML-2025-58333,05/07/2025,nolo,447,77,4,3,2,4,True,unfurnished,autonomous,,1939.0,M2,251.0,1,4+4,"Three-bedroom, with elevator, near metro M2."
ML-2025-49801,05/08/2025,città studi,518,61,3,3,1,7,True,furnished,autonomous,F,,M1,202.0,1,4+4,"Three-bedroom, in historic building, with elevator, near metro M1."
ML-2025-65156,2025-11-13,Zone Porta Romana,1436,80,2,1,2,7,True,furnished,autonomous,C,1989.0,M2,,1,4+4,"One-bedroom, with elevator, near metro M2."
ML-2025-58755,2025-10-07,Porta Venezia,1575,94,3,3,1,3,False,partly furnished,autonomous,,1945.0,M3,278.0,3,temporary,"Three-bedroom, near metro M3."
ML-2025-05923,2025-04-03,magenta,1313,67,2,1,1,ground floor,False,partly furnished, autonomous,,1911.0,M5,251.0,2,temporary,"One-bedroom, in historic building, near metro M5."
ML-2025-00697,19/07/2025,quadrilatero,€ 4500,130,5,5,2,3,False,furnished,autonomous,F,,M2,352.0,1,3+2,"Five-bedroom, in historic building, near metro M2."
ML-2025-30394,14/10/2025,de angeli,€ 826,76,3,2,2,7,True,partly furnished,autonomous,A3,,M3,193.0,3,3+2,"Two-bedroom, with elevator, near metro M3."
ML-2025-34300,2024-10-13,Porta Romana,898,77 sqm,3,2,1,4,True,unfurnished,autonomous,G,1934.0,M2,215.0,1,4+4,"Two-bedroom, with elevator, near metro M2."
ML-2025-45145,07/04/2025,Tortona,700,51,1,1,1,7,False,furn.,autonomous,E,1977.0,M3,166.0,1,4+4,"One-bedroom, near metro M3."
ML-2025-70446,2024-11-18,bicocca,380,81 sqm,4,4,2,2,True,empty,central,F,1910.0,M3,171.0,1,4+4,"Four-bedroom, in historic building, with elevator, near metro M3."
ML-2025-97186,16/07/2024,bicocca,380,67,3,2,1,7,True,furnished,central,d,2000.0,M2,,1,4+4,"Two-bedroom, with elevator, near metro M2."
ML-2025-75030,2025-05-16,Isola,380,57,2,2,1,0,False,furnished,auto.,D,1941.0,M1,192.0,2,4+4,"Two-bedroom, near metro M1."
ML-2025-36612,2025-06-26,Porta Garibaldi,€1005,53,2,1,1,6,True,partly,autonomous,G,1977.0,M5,205.0,3,4+4,"One-bedroom, with elevator, near metro M5."
ML-2025-23438,2025-06-16,lorenteggio,380,178,6,5,3,ground floor,False,unfurnished,autonomous,G,1907.0,,307.0,1,student,"Five-bedroom, in historic building."
ML-2025-35615,25/01/2025,Zone Bocconi,819,64,2,2,1,6,True,furnished,autonomous,F,2017.0,M3,226.0,2,3+2,"Two-bedroom, with elevator, near metro M3."
ML-2025-24647,24/03/2025,lambrate,380,42,2,1,1,1,True,unfurnished,autonomous,G,1996.0,M2,140.0,1,temporary,"One-bedroom, with elevator, near metro M2."
ML-2025-56022,2025-02-03,Greco,380,55,2,1,1,7,True,unfurnished,autonomous,C,,M1,192.0,2,3+2,"One-bedroom, with elevator, near metro M1."
ML-2025-67966,2025-09-06,bicocca,€ 380,69,3,2,1,1,False,unfurnished,autonomous,G,,,,1,temporary,Two-bedroom.
ML-2025-26213,19/06/2025,Quadrilatero,€ 4331,85,3,3,2,4th,False,furnished,central,,1953.0,M2,289.0,1,4+4,"Three-bedroom, near metro M2."
ML-2025-60957,04/02/2025,Tortona,1016,85,3,3,1,4,False,furnished,autonomous,G,,M2,252.0,1,4+4,"Three-bedroom, near metro M2."
ML-2025-36983,2024-08-20,Zone Brera,€2828,89 sqm,4,4,1,3,True,unfurnished,autonomous,,2002.0,M1,247.0,2,3+2,"Four-bedroom, with elevator, near metro M1."
ML-2025-49716,11/06/2024,Città Studi,€ 380,56,3,2,1,7,False,unfurnished,autonomous,,1968.0,M3,220.0,1,3+2,"Two-bedroom, near metro M3."
ML-2025-23833,2024-09-09,corvetto,€ 380,79 sqm,3,2,1,3,False,partly furnished,central,F,1919.0,M2,230.0,1,4+4,"Two-bedroom, in historic building, near metro M2."
ML-2025-54653,15/12/2025,Porta Garibaldi,1157,52,2,1,1,ground floor,False,furnished,central,G,1905.0,M3,204.0,1,3+2,"One-bedroom, in historic building, near metro M3."
ML-2025-09103,08/12/2025,Isola,380,56,2,2,1,0,False,partly furnished,central,A3,1945.0,M1,164.0,3,4+4,"Two-bedroom, near metro M1."
ML-2025-49945,14/06/2025,centro storico,1446,51,2,1,1,3th,False,partly furnished,heat pump,E,1903.0,M2,,1,4+4,"One-bedroom, in historic building, near metro M2."
ML-2025-44639,2025-01-21,corvetto,380,46 sqm,2,1,1,3,False,furn.,autonomous,F,2021.0,M1,153.0,3,student,"One-bedroom, near metro M1."
ML-2025-40721,2025-01-15,brera,€ 3211,102 sqm,4,3,1,6,True,furnished,autonomous,D,1929.0,M3,279.0,1,3+2,"Three-bedroom, in historic building, with elevator, near metro M3."
ML-2025-90217,2025-02-27,Centro Storico,2620,89,4,4,1,0,False,unfurnished,central,D,,M2,263.0,1,4+4,"Four-bedroom, in historic building, near metro M2."
ML-2025-78786,2024-01-14,porta venezia,€ 1261,99 sqm,4,3,1,0,True,partly furnished,autonomous,F,1970.0,M2,266.0,2,4+4,"Three-bedroom, with elevator, near metro M2."
ML-2025-57315,22/08/2025,centro storico,1400,71 sqm,3,3,1,7,False,furnished,central,,,M5,212.0,1,student,"Three-bedroom, in historic building, near metro M5."
ML-2025-88857,2025-12-14,Zone Isola,489,92 sqm,4,4,2,first,True,furnished,autonomous,,1947.0,M2,205.0,2,student,"Four-bedroom, with elevator, near metro M2."
ML-2025-65856,2024-10-23,porta garibaldi,€ 1022,38 sqm,1,1,1,5,True,unfurn.,autonomous,G,1917.0,M2,128.0,1,4+4,"One-bedroom, in historic building, with elevator, near metro M2."
ML-2025-63984,26/09/2025,magenta,1848,95 sqm,3,2,1,2,True,partly furnished,autonomous,C,1930.0,M3,266.0,1,4+4,"Two-bedroom, with elevator, near metro M3."
ML-2025-48100,2025-04-24,centro storico,2432,74,3,3,2,4,True,furnished,autonomous,D,1991.0,M2,178.0,1,3+2,"Three-bedroom, with elevator, near metro M2."
ML-2025-26974,2024-09-02,brera,2935,87,4,3,1,0,True,furnished,central,,,M3,273.0,2,4+4,"Three-bedroom, with elevator, near metro M3."
ML-2025-29923,2024-07-05,Zone Navigli,898,80 sqm,4,3,2,2,False,furnished, autonomous,e,1906.0,M5,242.0,2,3+2,"Three-bedroom, in historic building, near metro M5."
ML-2025-97441,26/05/2025,Zone Centro Storico,€ 1332,50,2,2,2,0,False,partly furnished,autonomous,,2009.0,M3,195.0,1,4+4,"Two-bedroom, near metro M3."
ML-2025-67839,22/01/2025,bocconi,1052,41,2,1,2,4,True,unfurnished,autonomous,,1917.0,M1,197.0,2,4+4,"One-bedroom, in historic building, with elevator, near metro M1."
ML-2025-08823,2025-07-16,Zone Porta Venezia,789,55,2,2,1,4th,True,unfurnished,central,,1941.0,M1,,2,3+2,"Two-bedroom, with elevator, near metro M1."
ML-2025-23522,2025-06-18,porta romana,972,85,3,3,1,7,False,partly furnished,centr.,F,1910.0,M5,250.0,2,4+4,"Three-bedroom, in historic building, near metro M5."
ML-2025-95205,02/07/2025,Navigli,€699,89,3,3,1,3,False,unfurnished,central,F,1902.0,M1,,1,3+2,"Three-bedroom, in historic building, near metro M1."
ML-2025-20841,14/06/2025,Isola,380,43,1,1,1,6,True,partly furnished,auto.,F,1935.0,M2,113.0,2,4+4,"One-bedroom, with elevator, near metro M2."
ML-2025-55599,2025-10-02,Centro Storico,1197,50,3,3,1,ground floor,False,furnished,autonomous,F,2013.0,M5,197.0,1,4+4,"Three-bedroom, near metro M5."
ML-2025-35333,2024-11-17,Brera,€2018,54,3,3,2,3,True,furnished,autonomous,,,M3,216.0,1,student,"Three-bedroom, with elevator, near metro M3."
ML-2025-71015,2024-07-16,Zone De Angeli,€ 470,62 sqm,3,2,1,2,False,furnished, autonomous,F,1958.0,M1,213.0,1,4+4,"Two-bedroom, near metro M1."
ML-2025-86113,2025-05-18,centro storico,1211,43,1,1,1,2,False,furnished,autonomous,G,,M3,188.0,2,4+4,"One-bedroom, near metro M3."
ML-2025-42354,2024-04-19,porta garibaldi,1087,43,2,1,1,6th,True,partly furnished,central,G,1911.0,M2,185.0,1,4+4,"One-bedroom, in historic building, with elevator, near metro M2."
ML-2025-01025,2025-11-27,porta garibaldi,€1228,53,2,1,1,2,True,unfurnished,autonomous,G,,M5,213.0,1,temporary,"One-bedroom, with elevator, near metro M5."
ML-2025-35709,2024-07-15,magenta,1473,72,3,3,1,ground floor,False,furnished,auto.,B,1962.0,M2,221.0,1,3+2,"Three-bedroom, near metro M2."
ML-2025-02200,2024-12-22,Isola,380,46,2,2,1,0,True,partly furnished,autonomous,E,1956.0,M2,189.0,1,4+4,"Two-bedroom, with elevator, near metro M2."
ML-2025-22330,2025-09-13,bicocca,380,67 sqm,3,2,2,2,True,unfurnished, autonomous,E,,M1,146.0,1,4+4,"Two-bedroom, with elevator, near metro M1."
ML-2025-38530,2024-07-21,De Angeli,€ 701,101 sqm,5,4,1,7,True,unfurnished,autonomous,,1935.0,M1,206.0,1,3+2,"Four-bedroom, with elevator, near metro M1."
ML-2025-11224,2024-01-08,Porta Romana,588,44 sqm,2,2,1,4,False,furnished,central,F,1990.0,M2,165.0,2,temporary,"Two-bedroom, near metro M2."
ML-2025-03556,2025-09-12,Zone Magenta,1402,65,2,2,1,6,True,partly furn.,central,D,,M3,233.0,1,4+4,"Two-bedroom, with elevator, near metro M3."
ML-2025-31277,2024-06-17,porta venezia,€ 1623,100,4,4,1,2,True,unfurnished,central,F,,M2,251.0,2,4+4,"Four-bedroom, with elevator, near metro M2."
ML-2025-02614,27/02/2025,Porta Garibaldi,€ 968,60,2,2,1,4,False,partly furnished,central,G,1921.0,M5,220.0,1,3+2,"Two-bedroom, in historic building, near metro M5."
ML-2025-25451,25/05/2025,Bocconi,796,57 sqm,2,1,1,7,False,partly furnished,autonomous,e,2023.0,M1,169.0,1,4+4,"One-bedroom, near metro M1."
ML-2025-11711,08/06/2024,Porta Venezia,€ 2039,105,5,4,1,7,True,unfurnished,central,,1960.0,M2,261.0,2,3+2,"Four-bedroom, with elevator, near metro M2."
ML-2025-53370,12/11/2024,Zone Magenta,1216,63 sqm,3,3,1,3,True,furn.,central,,1970.0,M2,216.0,1,4+4,"Three-bedroom, with elevator, near metro M2."
ML-2025-79921,2024-08-03,Zone Quarto Oggiaro,380,103,4,3,2,5,True,unfurnished,autonomous,G,,M3,189.0,1,3+2,"Three-bedroom, with elevator, near metro M3."
ML-2025-85722,19/05/2025,Centro Storico,€1952,81,3,2,1,7th,True,furnished,central,C,1939.0,M2,,1,temporary,"Two-bedroom, with elevator, near metro M2."
ML-2025-62126,02/12/2025,isola,380,62 sqm,3,3,2,6,True,partly furnished,heatpump,G,1940.0,M2,133.0,1,student,"Three-bedroom, with elevator, near metro M2."
ML-2025-08360,2025-08-01,bocconi,1296,83,4,4,1,7,True,furnished,central,A3,1971.0,M1,,2,3+2,"Four-bedroom, with elevator, near metro M1."
ML-2025-07301,2025-12-21,quadrilatero,4045,78,3,2,1,0,True,furnished,autonomous,,1958.0,M3,242.0,2,4+4,"Two-bedroom, with elevator, near metro M3."
ML-2025-74697,2025-06-13,centro storico,€ 2692,100,4,4,1,4th,False,unfurnished,autonomous,,1935.0,M5,254.0,1,3+2,"Four-bedroom, near metro M5."
ML-2025-74773,05/11/2025,quadrilatero,3063,58 sqm,2,1,1,6,True,empty,central,,2021.0,M3,261.0,1,temporary,"One-bedroom, with elevator, near metro M3."
ML-2025-26755,2025-10-21,Quarto Oggiaro,380,71 sqm,3,2,1,5,True,unfurnished,central,D,2015.0,M3,138.0,1,4+4,"Two-bedroom, with elevator, near metro M3."
ML-2025-99217,2025-09-21,Zone Centro Storico,€ 2091,69 sqm,2,1,1,first,False,partly furnished,autonomous,F,1966.0,M3,,2,4+4,"One-bedroom, near metro M3."
ML-2025-64108,23/12/2025,quadrilatero,4223,90,4,3,2,4,True,partly furnished,autonomous,G,1918.0,M3,239.0,1,4+4,"Three-bedroom, in historic building, with elevator, near metro M3."
ML-2025-43773,22/07/2025,centro storico,1211,49,3,2,2,1,False,partly furnished,autonomous,F,1931.0,M3,,1,3+2,"Two-bedroom, near metro M3."
ML-2025-62725,15/02/2024,Zone Brera,3306,100 sqm,3,2,2,0,True,unfurnished,autonomous,,2014.0,M1,311.0,2,4+4,"Two-bedroom, with elevator, near metro M1."
ML-2025-01875,2025-05-26,Zone Città Studi,380,82,3,3,1,ground floor,False,unfurnished,central,,1941.0,M2,257.0,2,4+4,"Three-bedroom, near metro M2."
ML-2025-73749,2025-01-16,porta venezia,858,44,2,1,1,7,True,partly furnished,autonomous,G,1942.0,M5,218.0,2,3+2,"One-bedroom, with elevator, near metro M5."
ML-2025-22069,19/04/2025,tortona,€ 1089,107 sqm,4,3,1,2,True,furnished,autonomous,E,,M5,246.0,2,student,"Three-bedroom, with elevator, near metro M5."
ML-2025-01524,04/09/2025,Nolo,820,153 sqm,7,6,3,3,False,furnished,central,G,1917.0,M3,,1,4+4,"Six-bedroom, in historic building, near metro M3."
ML-2025-62536,2024-02-15,Zone De Angeli,€1039,99 sqm,4,3,2,2,True,furnished,autonomous,G,1999.0,M2,,1,4+4,"Three-bedroom, with elevator, near metro M2."
ML-2025-00138,08/08/2025,centro storico,€2013,115,5,5,3,7,True,unfurnished,central,E,1946.0,M3,261.0,2,student,"Five-bedroom, with elevator, near metro M3."
ML-2025-02608,2025-08-22,De Angeli,€ 579,72,3,2,2,7,True,unfurnished,autonomous,,,M1,193.0,2,student,"Two-bedroom, with elevator, near metro M1."
ML-2025-16874,2024-07-19,città studi,380,39 sqm,2,1,1,5,True,furnished,autonomous,F,1986.0,M1,167.0,1,4+4,"One-bedroom, with elevator, near metro M1."
ML-2025-95465,2025-09-19,Quadrilatero,2377,37 sqm,3,2,1,6,True,furnished,central,,1943.0,M2,168.0,1,4+4,"Two-bedroom, with elevator, near metro M2."
ML-2025-98037,21/06/2025,bicocca,€ 380,77,3,2,1,0,True,furnished,auto.,F,1956.0,M2,,1,4+4,"Two-bedroom, with elevator, near metro M2."
ML-2025-42056,2025-08-17,de angeli,€ 380,57,2,1,1,7,True,unfurnished,autonomous,G,1998.0,M2,195.0,2,4+4,"One-bedroom, with elevator, near metro M2."
ML-2025-34167,2025-09-03,porta romana,728,51,1,1,1,3,False,furnished, autonomous,,,M3,199.0,1,4+4,"One-bedroom, near metro M3."
ML-2025-42671,2025-08-07,quarto oggiaro,€ 380,68,3,3,1,3,False,partly furnished,central,,1902.0,M3,169.0,2,3+2,"Three-bedroom, in historic building, near metro M3."
ML-2025-62525,26/09/2025,isola,€737,87 sqm,4,4,1,1,True,partly furnished,autonomous,E,2022.0,M1,231.0,2,temporary,"Four-bedroom, with elevator, near metro M1."
ML-2025-57547,19/10/2025,nolo,380,42,1,1,1,3,False,partly furnished,autonomous,F,1966.0,M2,141.0,2,3+2,"One-bedroom, near metro M2."
ML-2025-30801,26/05/2024,lorenteggio,€380,60,2,1,1,1,True,partly furnished,autonomous ,D,1942.0,M3,127.0,2,temporary,"One-bedroom, with elevator, near metro M3."
ML-2025-25240,2024-11-02,Navigli,€1085,119,5,4,2,6,True,partly furnished,central,,1906.0,M5,286.0,1,3+2,"Four-bedroom, in historic building, with elevator, near metro M5."
ML-2025-48782,06/04/2025,lambrate,€ 380,48,2,2,1,4,False,unfurnished,central,D,1907.0,M5,146.0,1,4+4,"Two-bedroom, in historic building, near metro M5."
ML-2025-28756,18/01/2025,magenta,1870,95,4,4,2,4th,False,unfurnished,central,F,1963.0,M1,255.0,1,4+4,"Four-bedroom, near metro M1."
ML-2025-43789,2025-12-02,lambrate,380,59,2,2,1,ground floor,True,partly furnished,central,E,1937.0,M2,124.0,2,temporary,"Two-bedroom, with elevator, near metro M2."
ML-2025-02853,2025-11-02,Zone Nolo,€ 414,85,3,2,1,5th,False,unfurnished,central,G,2000.0,M3,186.0,3,3+2,"Two-bedroom, near metro M3."
ML-2025-18806,2024-05-10,porta venezia,1847,103 sqm,4,3,1,3,False,furnished,autonomous ,,1907.0,M1,286.0,2,4+4,"Three-bedroom, in historic building, near metro M1."
ML-2025-96962,2024-03-19,isola,€ 739,91,4,3,2,3,True,furnished,autonomous,F,,M3,201.0,1,4+4,"Three-bedroom, with elevator, near metro M3."
ML-2025-35823,2024-03-26,Zone Magenta,€ 1636,96,3,3,1,3th,False,empty,central,C,1915.0,M2,255.0,1,3+2,"Three-bedroom, in historic building, near metro M2."
ML-2025-43351,2025-07-27,brera,1887,47,2,1,1,0,False,partly furnished,centr.,,1911.0,M3,,1,4+4,"One-bedroom, in historic building, near metro M3."
ML-2025-19064,12/12/2025,Centro Storico,2466,103,4,3,1,3,False,unfurnished,central,E,1935.0,M1,260.0,2,temporary,"Three-bedroom, near metro M1."
ML-2025-87374,20/04/2025,magenta,1199,52,3,3,1,5,False,furnished,heat pump,F,1938.0,M2,196.0,2,4+4,"Three-bedroom, near metro M2."
ML-2025-27968,09/09/2024,centro storico,2059,77 sqm,3,2,1,2,True,unfurnished,central,G,2019.0,M2,244.0,2,3+2,"Two-bedroom, with elevator, near metro M2."
ML-2025-29352,2025-05-20,quadrilatero,3942,77,3,2,1,2,False,partly furnished,auto.,E,1985.0,M2,258.0,1,4+4,"Two-bedroom, near metro M2."
ML-2025-41728,2024-07-25,sempione,€ 954,83,4,4,2,ground floor,True,partly furnished,centr.,d,1922.0,M1,211.0,2,4+4,"Four-bedroom, in historic building, with elevator, near metro M1."
ML-2025-80819,2025-08-18,bocconi,960,79 sqm,4,4,1,5,False,unfurnished,auto.,D,,M2,206.0,1,temporary,"Four-bedroom, near metro M2."
ML-2025-79553,04/10/2024,sempione,580,52,1,1,1,4,True,furnished,central,,1992.0,M2,220.0,2,4+4,"One-bedroom, with elevator, near metro M2."
ML-2025-18304,2024-09-08,magenta,1007,44,1,1,1,1,False,furnished,central,D,,M1,176.0,2,4+4,"One-bedroom, near metro M1."
ML-2025-19642,26/03/2024,affori,380,95,4,3,2,2,True,partly furn.,central,D,1922.0,M2,216.0,2,4+4,"Three-bedroom, in historic building, with elevator, near metro M2."
ML-2025-25510,2024-02-22,nolo,€380,75,3,2,2,1,True,furnished,autonomous,,1951.0,M1,196.0,1,4+4,"Two-bedroom, with elevator, near metro M1."
ML-2025-19574,22/07/2025,Zone Brera,2540,105,4,4,1,4,True,partly furnished,central,E,1977.0,M5,294.0,1,4+4,"Four-bedroom, with elevator, near metro M5."
ML-2025-50073,2025-05-02,Zone Quadrilatero,3499,69 sqm,3,2,1,5,True,furnished,heat pump,E,2008.0,M1,170.0,3,4+4,"Two-bedroom, with elevator, near metro M1."
ML-2025-24736,2025-04-11,bocconi,730,43 sqm,2,1,1,4,True,partly furnished,autonomous,E,1970.0,M3,203.0,2,4+4,"One-bedroom, with elevator, near metro M3."
ML-2025-07255,14/03/2025,quadrilatero,€4500,98,4,4,1,1,True,furnished,autonomous,F,1945.0,M2,264.0,2,3+2,"Four-bedroom, with elevator, near metro M2."
ML-2025-78933,2025-11-22,Porta Garibaldi,€ 1420,61 sqm,2,1,1,first,False,unfurnished,central,F,2014.0,M2,174.0,1,temporary,"One-bedroom, near metro M2."
ML-2025-34242,2025-02-03,lorenteggio,380,79,3,3,1,6th,True,unfurnished,central,E,1935.0,M5,165.0,1,4+4,"Three-bedroom, with elevator, near metro M5."
ML-2025-24731,21/02/2025,centro storico,1705,56,2,2,1,3th,False,partly furnished,central,G,1998.0,M3,205.0,2,temporary,"Two-bedroom, near metro M3."
ML-2025-14335,2024-05-17,centro storico,€2692,124,5,5,2,3,True,partly furnished,central,E,1986.0,M3,,2,student,"Five-bedroom, with elevator, near metro M3."
ML-2025-81944,16/03/2025,Lorenteggio,380,52 sqm,2,1,1,2,False,furnished,autonomous,G,1967.0,M1,155.0,1,3+2,"One-bedroom, near metro M1."
ML-2025-60200,24/01/2024,nolo,432,62,1,1,1,7,True,furnished,autonomous,F,1997.0,M1,159.0,1,3+2,"One-bedroom, with elevator, near metro M1."
ML-2025-32266,22/03/2025,Zone Quadrilatero,€ 3442,73,4,4,1,1,True,furnished,central,E,1945.0,M1,260.0,2,4+4,"Four-bedroom, with elevator, near metro M1."
ML-2025-82795,20/05/2025,Affori,380,48,2,1,1,6,True,unfurnished,autonomous,F,1917.0,,123.0,1,4+4,"One-bedroom, in historic building, with elevator."
ML-2025-30292,2024-06-14,Zone De Angeli,€523,79,3,3,1,6,True,unfurnished,autonomous,C,1916.0,M5,200.0,1,student,"Three-bedroom, in historic building, with elevator, near metro M5."
ML-2025-24976,27/07/2024,porta garibaldi,€ 2037,123,6,5,3,1,False,furnished,autonomous,,1927.0,M2,293.0,2,student,"Five-bedroom, in historic building, near metro M2."
ML-2025-37827,23/02/2025,Zone Città Studi,380,59,2,1,1,0,False,partly,autonomous,F,1971.0,M2,206.0,2,4+4,"One-bedroom, near metro M2."
ML-2025-03918,2025-12-09,porta romana,€956,80,3,3,1,1,False,furnished,autonomous,C,1911.0,M1,231.0,1,4+4,"Three-bedroom, in historic building, near metro M1."
ML-2025-44812,22/07/2025,centro storico,1044,28 sqm,1,1,1,2,False,furnished,central,e,1916.0,M2,156.0,3,4+4,"One-bedroom, in historic building, near metro M2."
ML-2025-75089,2025-05-16,nolo,380,69,3,2,1,3,False,furnished,autonomous,F,1912.0,M1,191.0,3,4+4,"Two-bedroom, in historic building, near metro M1."
ML-2025-41978,25/09/2025,Zone Porta Romana,€707,63,2,2,1,4,False,unfurnished,central,B,1951.0,M2,237.0,2,student,"Two-bedroom, near metro M2."
ML-2025-58070,2025-12-11,Bocconi,€ 969,53,2,2,1,3,False,furnished,autonomous,,2004.0,M5,,2,4+4,"Two-bedroom, near metro M5."
ML-2025-39437,2025-01-22,de angeli,706,102,5,4,3,3th,True,partly furnished,central,G,1900.0,M2,258.0,2,3+2,"Four-bedroom, in historic building, with elevator, near metro M2."
ML-2025-82292,2025-07-08,centro storico,1439,62,3,2,1,7,True,unfurnished,autonomous,E,1982.0,M1,,1,temporary,"Two-bedroom, with elevator, near metro M1."
ML-2025-99775,2025-11-25,Nolo,€ 380,66 sqm,3,2,1,7th,False,unfurnished,auto.,C,1918.0,M2,253.0,1,4+4,"Two-bedroom, in historic building, near metro M2."
ML-2025-54244,05/03/2025,porta venezia,941,61 sqm,3,2,1,0,False,furnished,autonomous,,1902.0,M2,222.0,1,3+2,"Two-bedroom, in historic building, near metro M2."
ML-2025-69311,05/11/2025,De Angeli,380,36 sqm,2,1,1,6,True,partly furnished,heat pump,f,2023.0,M1,155.0,1,4+4,"One-bedroom, with elevator, near metro M1."
ML-2025-60914,2025-08-27,Zone Porta Romana,€ 494,47 sqm,2,1,1,2,True,partly,central,,1914.0,M5,178.0,3,4+4,"One-bedroom, in historic building, with elevator, near metro M5."
ML-2025-88161,2025-01-08,città studi,573,98 sqm,4,3,1,ground floor,False,unfurnished,central,,1906.0,M2,256.0,3,4+4,"Three-bedroom, in historic building, near metro M2."
ML-2025-90560,15/11/2025,Tortona,€ 413,33,1,1,1,7,True,furnished,autonomous,G,1905.0,M2,74.0,2,4+4,"One-bedroom, in historic building, with elevator, near metro M2."
ML-2025-89362,13/01/2025,Zone Navigli,€662,54,3,2,1,4,True,furnished,auto.,,,M3,216.0,2,3+2,"Two-bedroom, in historic building, with elevator, near metro M3."
ML-2025-06976,2025-09-22,Bocconi,€1223,61 sqm,2,1,1,4th,False,furnished,heat pump,C,1952.0,M1,169.0,3,4+4,"One-bedroom, near metro M1."
ML-2025-42693,2025-07-07,sempione,€ 1645,129 sqm,5,5,3,3th,True,furnished,autonomous,d,1972.0,M1,290.0,2,temporary,"Five-bedroom, with elevator, near metro M1."
ML-2025-50108,2024-10-10,tortona,928,92,3,2,1,ground floor,True,unfurnished,centr.,E,1905.0,M3,203.0,1,3+2,"Two-bedroom, in historic building, with elevator, near metro M3."
ML-2025-77520,2025-04-25,sempione,€ 616,58 sqm,2,1,1,ground floor,True,furnished,central,C,1917.0,M1,,3,student,"One-bedroom, in historic building, with elevator, near metro M1."
ML-2025-56460,2024-02-25,corvetto,€380,111,4,4,2,2,True,partly furnished,central,E,1990.0,M1,240.0,2,3+2,"Four-bedroom, with elevator, near metro M1."
ML-2025-47075,05/06/2024,isola,564,54 sqm,2,2,1,6,True,unfurnished,autonomous ,G,1921.0,M5,208.0,1,3+2,"Two-bedroom, in historic building, with elevator, near metro M5."
ML-2025-53326,2025-09-14,Porta Garibaldi,2242,100 sqm,5,4,1,2,True,unfurnished,autonomous,C,1920.0,M3,,1,4+4,"Four-bedroom, in historic building, with elevator, near metro M3."
ML-2025-59468,2024-07-13,centro storico,1219,44,2,2,1,3th,False,partly furnished,autonomous,G,1968.0,M1,242.0,2,4+4,"Two-bedroom, near metro M1."
ML-2025-60338,14/02/2024,Bicocca,€ 380,102 sqm,4,4,2,4,False,furn.,hp,G,2023.0,M5,229.0,1,temporary,"Four-bedroom, near metro M5."
ML-2025-73450,2025-08-15,Zone Porta Garibaldi,1400,61,2,2,1,2,True,furnished,centr.,,,M1,200.0,2,3+2,"Two-bedroom, in historic building, with elevator, near metro M1."
ML-2025-40017,2025-05-02,Navigli,€ 675,49,3,3,2,3,True,unfurnished,autonomous,G,,M3,202.0,2,3+2,"Three-bedroom, in historic building, with elevator, near metro M3."
ML-2025-58180,2025-09-24,Brera,2401,65 sqm,3,2,1,4,True,unfurnished,central,F,2013.0,M2,201.0,1,4+4,"Two-bedroom, with elevator, near metro M2."
ML-2025-12060,2024-12-07,Affori,380,77,3,3,2,6th,True,partly furn.,autonomous,E,1946.0,M2,156.0,1,4+4,"Three-bedroom, with elevator, near metro M2."
ML-2025-50724,07/11/2024,Zone Navigli,€471,59,2,2,1,6,True,partly furnished,autonomous,,1991.0,M3,189.0,2,4+4,"Two-bedroom, with elevator, near metro M3."
ML-2025-37432,22/12/2024,bocconi,1222,85 sqm,4,3,1,6,True,unfurnished,autonomous,C,1904.0,M1,236.0,1,4+4,"Three-bedroom, in historic building, with elevator, near metro M1."
ML-2025-01185,2024-08-27,quadrilatero,2840,57,2,2,1,4,True,partly furnished,central,E,1967.0,M5,162.0,2,temporary,"Two-bedroom, with elevator, near metro M5."
ML-2025-20676,2025-09-25,Corvetto,€ 380,87,4,4,2,5,False,furnished,autonomous,,1905.0,M1,240.0,3,3+2,"Four-bedroom, in historic building, near metro M1."
ML-2025-96975,2025-02-08,quadrilatero,€ 4500,82,4,3,2,1,True,furnished,autonomous,F,1933.0,M5,257.0,2,4+4,"Three-bedroom, with elevator, near metro M5."
ML-2025-54916,21/03/2025,Porta Venezia,€ 1455,69,3,2,2,1,False,furnished, autonomous,,1933.0,M1,242.0,2,4+4,"Two-bedroom, near metro M1."
ML-2025-03799,2025-02-05,De Angeli,470,60 sqm,2,1,1,7,True,unfurnished,autonomous,F,1962.0,M1,147.0,2,temporary,"One-bedroom, with elevator, near metro M1."
ML-2025-88550,11/09/2025,greco,380,74,3,2,2,4,False,furnished,autonomous,G,1914.0,M1,172.0,3,4+4,"Two-bedroom, in historic building, near metro M1."
ML-2025-12030,07/08/2024,Zone Porta Venezia,€ 1648,85 sqm,3,2,2,ground floor,True,furnished,autonomous,B,1962.0,M2,228.0,3,4+4,"Two-bedroom, with elevator, near metro M2."
ML-2025-62438,2024-12-07,Zone Porta Garibaldi,€2740,144,5,5,3,3,False,partly furnished,central,D,1971.0,M2,325.0,1,temporary,"Five-bedroom, near metro M2."
ML-2025-04248,24/09/2025,Zone Sempione,€1111,97,4,3,2,7,False,furnished,heat pump,C,2021.0,M3,259.0,1,3+2,"Three-bedroom, near metro M3."
ML-2025-83639,24/11/2024,de angeli,430,99 sqm,4,3,1,0,True,furnished,autonomous,G,1945.0,M3,266.0,2,4+4,"Three-bedroom, with elevator, near metro M3."
ML-2025-62620,2025-10-05,navigli,€1594,206,7,7,3,3,True,furnished,heat pump,,,M2,,1,4+4,"Seven-bedroom, with elevator, near metro M2."
ML-2025-85589,10/08/2025,porta garibaldi,1986,84,3,2,1,6,False,furnished,central,C,1900.0,M2,,2,4+4,"Two-bedroom, in historic building, near metro M2."
ML-2025-30263,01/07/2025,Sempione,€ 1099,83,3,3,1,3,False,furnished,central,F,2009.0,M2,293.0,2,3+2,"Three-bedroom, near metro M2."
ML-2025-89295,2025-02-23,Sempione,1273,90,4,3,2,2,False,furnished,autonomous,E,2022.0,M3,242.0,3,4+4,"Three-bedroom, near metro M3."
ML-2025-89376,08/08/2025,Zone Bicocca,€ 380,49,2,1,1,7,True,furnished,central,B,1919.0,M5,124.0,1,3+2,"One-bedroom, in historic building, with elevator, near metro M5."
ML-2025-47768,2025-07-17,tortona,€868,60 sqm,2,1,1,5,True,partly furnished,central,,,M2,143.0,2,4+4,"One-bedroom, in historic building, with elevator, near metro M2."
ML-2025-59269,2025-12-15,brera,€ 2089,59 sqm,3,3,1,3,True,furnished,auto.,F,1922.0,M2,216.0,2,3+2,"Three-bedroom, in historic building, with elevator, near metro M2."
ML-2025-37652,06/11/2024,Greco,€ 380,88,4,3,1,4,False,unfurnished,centr.,A1,1946.0,M2,227.0,2,3+2,"Three-bedroom, near metro M2."
ML-2025-78152,10/05/2025,De Angeli,517,66 sqm,3,2,1,6,True,unfurnished,auto.,,2004.0,M1,167.0,1,temporary,"Two-bedroom, with elevator, near metro M1."
ML-2025-64140,2025-03-04,Zone Bicocca,380,73 sqm,3,3,1,2,True,partly furnished,central,,1956.0,,199.0,1,4+4,"Three-bedroom, with elevator."
ML-2025-14522,05/03/2025,brera,3399,102,4,4,1,ground floor,True,partly furnished,centr.,A3,2012.0,M1,280.0,2,4+4,"Four-bedroom, with elevator, near metro M1."
ML-2025-41013,2025-06-23,porta venezia,€2006,95,4,3,2,6,True,unfurn.,autonomous,E,2007.0,M3,217.0,2,4+4,"Three-bedroom, with elevator, near metro M3."
ML-2025-41062,2025-12-10,Sempione,€ 720,66,3,3,1,0,False,furnished,autonomous,C,1946.0,M1,229.0,2,4+4,"Three-bedroom, near metro M1."
ML-2025-43527,2025-11-13,centro storico,1407,55 sqm,2,1,1,6,True,furnished,central,F,1925.0,M1,203.0,1,4+4,"One-bedroom, in historic building, with elevator, near metro M1."
ML-2025-62444,19/12/2025,Zone Corvetto,€380,104,4,3,1,2,False,furnished,autonomous,D,2013.0,M1,,1,4+4,"Three-bedroom, near metro M1."
ML-2025-27985,2025-03-24,Zone Navigli,930,92,4,4,2,5,True,partly furnished,central,C,1932.0,M2,271.0,1,temporary,"Four-bedroom, with elevator, near metro M2."
ML-2025-18778,2025-01-12,sempione,653,40,1,1,1,4,True,unfurnished,central,,2011.0,M3,197.0,2,temporary,"One-bedroom, with elevator, near metro M3."
ML-2025-45738,2025-09-24,affori,380,63,2,2,1,0,True,furnished,autonomous,D,1965.0,,130.0,2,3+2,"Two-bedroom, with elevator."
ML-2025-38201,16/05/2025,navigli,€747,74,3,2,1,0,True,furnished,autonomous,e,2021.0,M2,228.0,1,4+4,"Two-bedroom, with elevator, near metro M2."
ML-2025-90758,2025-06-02,Zone Magenta,€ 1908,92,4,3,1,5,True,partly furnished,heat pump,D,1946.0,M1,259.0,1,3+2,"Three-bedroom, with elevator, near metro M1."
ML-2025-75445,26/09/2024,città studi,€ 565,96,3,3,1,4,False,unfurnished,heat pump,,1978.0,M3,,1,3+2,"Three-bedroom, near metro M3."
ML-2025-24539,2024-12-08,Zone Nolo,€ 380,77,3,2,1,0,True,furnished,autonomous,C,1961.0,M3,199.0,1,3+2,"Two-bedroom, with elevator, near metro M3."
ML-2025-68218,2024-03-21,navigli,877,86 sqm,4,3,1,7,True,partly furn.,autonomous,C,2014.0,M3,235.0,1,4+4,"Three-bedroom, with elevator, near metro M3."
ML-2025-60521,24/08/2025,Nolo,380,72,4,3,2,1,False,unfurnished,autonomous,G,1919.0,M2,227.0,3,temporary,"Three-bedroom, in historic building, near metro M2."
ML-2025-90189,2025-01-22,Zone Baggio,380,55,2,2,1,6,True,unfurnished,central,C,1937.0,M2,162.0,1,4+4,"Two-bedroom, with elevator, near metro M2."
ML-2025-74554,17/07/2025,porta garibaldi,€1315,64,2,1,1,0,True,unfurnished,autonomous,,1962.0,M1,,1,4+4,"One-bedroom, with elevator, near metro M1."
ML-2025-55819,08/01/2025,quadrilatero,€ 2705,70 sqm,2,1,1,first,True,unfurnished,autonomous,,1942.0,M1,180.0,2,4+4,"One-bedroom, with elevator, near metro M1."
ML-2025-25019,18/10/2025,Navigli,€ 604,69,3,3,1,4,True,furnished,autonomous ,,,M5,167.0,3,4+4,"Three-bedroom, with elevator, near metro M5."
ML-2025-20686,2025-07-14,navigli,380,36,2,1,1,4,True,partly furnished,heat pump,B,1940.0,M1,130.0,2,student,"One-bedroom, with elevator, near metro M1."
ML-2025-37431,2025-04-18,quadrilatero,€ 3370,61 sqm,2,2,1,4,True,partly furnished,auto.,,,M2,,1,3+2,"Two-bedroom, with elevator, near metro M2."
ML-2025-87872,2025-03-10,quadrilatero,3488,71,3,2,1,first,True,unfurnished,central,D,1902.0,M1,224.0,2,temporary,"Two-bedroom, in historic building, with elevator, near metro M1."
ML-2025-89896,2024-08-19,Bocconi,800,63 sqm,2,2,1,2,True,unfurnished,autonomous,,1967.0,M1,202.0,1,student,"Two-bedroom, with elevator, near metro M1."
ML-2025-96201,14/04/2025,magenta,1192,64,3,2,1,2,False,partly furnished,central,g,1912.0,M5,211.0,1,3+2,"Two-bedroom, in historic building, near metro M5."
ML-2025-98088,2024-05-27,Zone Corvetto,€ 380,83,3,3,1,3,False,furnished,centr.,C,1921.0,M1,206.0,2,temporary,"Three-bedroom, in historic building, near metro M1."
ML-2025-48560,2024-01-04,Zone Porta Venezia,978,48,2,2,1,7,True,furnished,heat pump,E,1982.0,M2,219.0,2,student,"Two-bedroom, with elevator, near metro M2."
ML-2025-60142,2025-05-20,Brera,€1436,40,1,1,1,3,True,partly furnished,central,,1942.0,M3,143.0,1,4+4,"One-bedroom, with elevator, near metro M3."
ML-2025-08448,2024-09-14,sempione,976,62 sqm,2,1,2,1,False,furn.,autonomous,,1954.0,M1,215.0,2,4+4,"One-bedroom, near metro M1."
ML-2025-15948,2025-01-16,Zone De Angeli,€ 829,91,4,3,1,2,True,empty,autonomous,D,2000.0,M1,241.0,2,4+4,"Three-bedroom, with elevator, near metro M1."
ML-2025-25290,15/11/2025,porta romana,€ 1147,126,5,4,2,first,False,unfurnished,autonomous,E,1929.0,M2,270.0,2,3+2,"Four-bedroom, in historic building, near metro M2."
ML-2025-16951,2025-04-04,porta venezia,1752,92 sqm,4,4,1,0,True,furnished,auto.,E,1988.0,M1,270.0,1,temporary,"Four-bedroom, with elevator, near metro M1."
ML-2025-75215,2025-09-16,Quadrilatero,2121,42,2,1,1,1,True,furnished,heat pump,F,1992.0,M1,201.0,3,4+4,"One-bedroom, with elevator, near metro M1."
ML-2025-84377,12/02/2025,Zone Porta Garibaldi,1352,65,3,3,2,2,True,partly furnished,autonomous,,2023.0,M2,,1,temporary,"Three-bedroom, with elevator, near metro M2."
ML-2025-00023,07/02/2025,Porta Garibaldi,€1653,77 sqm,3,3,1,3,True,furnished,central,E,1988.0,M1,169.0,1,3+2,"Three-bedroom, with elevator, near metro M1."
ML-2025-68354,25/11/2025,porta romana,€1105,74,4,3,1,5,True,furnished,autonomous,E,,M3,247.0,1,4+4,"Three-bedroom, with elevator, near metro M3."
ML-2025-29476,06/12/2025,centro storico,2636,85 sqm,4,3,1,3th,True,furnished,central,,1956.0,M5,261.0,2,3+2,"Three-bedroom, with elevator, near metro M5."
ML-2025-49463,2025-04-12,Zone Porta Garibaldi,1138,51,2,2,1,5,True,furnished,central,D,2002.0,M1,201.0,3,temporary,"Two-bedroom, with elevator, near metro M1."
ML-2025-36899,2024-12-10,Corvetto,€ 380,72,3,3,1,ground floor,False,empty,central,,1969.0,M1,106.0,1,4+4,"Three-bedroom, near metro M1."
ML-2025-15154,13/10/2024,Zone Città Studi,718,81,4,3,2,7th,True,partly furnished,autonomous,F,,M1,209.0,1,4+4,"Three-bedroom, with elevator, near metro M1."
ML-2025-78839,15/04/2025,Porta Garibaldi,€ 2420,93,4,4,1,1,False,unfurnished,central,C,1932.0,M1,218.0,3,3+2,"Four-bedroom, near metro M1."
ML-2025-30790,18/10/2024,Brera,€ 1057,53 sqm,2,2,1,0,True,unfurnished,central,F,1904.0,M2,237.0,2,4+4,"Two-bedroom, in historic building, with elevator, near metro M2."
ML-2025-43704,2024-12-10,porta venezia,€ 1645,62 sqm,2,2,1,3,True,furnished,autonomous,A2,2003.0,M2,184.0,3,4+4,"Two-bedroom, with elevator, near metro M2."
ML-2025-59051,10/04/2024,porta romana,€ 782,28,1,1,1,5,True,partly furnished,heat pump,,,M1,191.0,2,temporary,"One-bedroom, in historic building, with elevator, near metro M1."
ML-2025-52554,20/06/2024,sempione,€380,56 sqm,3,3,1,first,False,partly furnished,central,D,1940.0,M2,222.0,2,4+4,"Three-bedroom, near metro M2."
ML-2025-18470,2024-04-19,De Angeli,380,58,2,1,1,1,True,partly furnished,auto.,E,1934.0,M1,189.0,2,4+4,"One-bedroom, with elevator, near metro M1."
ML-2025-67159,2025-01-16,affori,€380,49,2,2,1,6,True,furnished,autonomous,F,,M3,166.0,1,temporary,"Two-bedroom, with elevator, near metro M3."
ML-2025-15945,2025-12-15,lorenteggio,€ 380,74,3,2,1,6,False,furnished,autonomous,F,,,,2,3+2,Two-bedroom.
ML-2025-78492,2025-07-04,Corvetto,380,69,3,2,1,6,True,furn.,autonomous,G,,M3,167.0,1,4+4,"Two-bedroom, with elevator, near metro M3."
ML-2025-64835,2024-03-16,corvetto,380,32,2,1,1,1,True,furnished,central,E,1938.0,M2,154.0,2,4+4,"One-bedroom, with elevator, near metro M2."
ML-2025-33809,2024-07-07,Centro Storico,2234,75,3,2,1,4th,True,furnished,central,B,1945.0,M2,217.0,2,4+4,"Two-bedroom, with elevator, near metro M2."
ML-2025-35389,02/10/2025,Quadrilatero,2399,51,2,1,1,ground floor,False,partly furnished,autonomous,G,,M3,172.0,1,4+4,"One-bedroom, in historic building, near metro M3."
ML-2025-17184,2025-11-17,porta romana,964,83,3,2,2,3th,True,furn.,central,F,1992.0,M1,229.0,2,student,"Two-bedroom, with elevator, near metro M1."
ML-2025-44335,15/10/2025,Tortona,€742,45,1,1,1,1,False,furnished,autonomous,,1937.0,M3,146.0,1,4+4,"One-bedroom, near metro M3."
ML-2025-18198,2025-05-15,brera,2280,71 sqm,3,2,1,ground floor,False,partly furnished,autonomous,,1998.0,M2,278.0,2,4+4,"Two-bedroom, near metro M2."
ML-2025-50715,20/12/2024,de angeli,380,63,3,2,1,7,True,partly furnished,centr.,E,1935.0,M2,210.0,1,temporary,"Two-bedroom, with elevator, near metro M2."
ML-2025-16015,2024-10-10,città studi,€460,78,3,2,1,1,True,furnished,central,,2021.0,M2,203.0,2,temporary,"Two-bedroom, with elevator, near metro M2."
ML-2025-88823,2025-06-10,Zone Tortona,721,73,4,4,1,4,False,furnished,autonomous,,1953.0,M2,185.0,1,3+2,"Four-bedroom, near metro M2."
ML-2025-11445,05/10/2025,Zone Quadrilatero,2990,64,3,2,2,ground floor,False,partly furnished,autonomous,,,M3,,1,4+4,"Two-bedroom, near metro M3."
ML-2025-71939,2025-12-03,porta romana,€380,41 sqm,3,2,2,4,False,partly furnished,central,G,1927.0,M1,203.0,1,4+4,"Two-bedroom, in historic building, near metro M1."
ML-2025-44089,2024-01-25,quadrilatero,1791,42,2,2,1,ground floor,True,unfurnished,autonomous,E,1941.0,M2,,1,student,"Two-bedroom, with elevator, near metro M2."
ML-2025-33939,2024-08-08,de angeli,655,57,2,1,2,first,False,furnished,autonomous,G,2000.0,M1,158.0,2,3+2,"One-bedroom, near metro M1."
ML-2025-18312,13/09/2025,nolo,€380,70,2,2,1,3,False,unfurnished,heat pump,C,1935.0,M1,165.0,1,temporary,"Two-bedroom, near metro M1."
ML-2025-63719,25/11/2025,sempione,538,57,3,3,1,2,False,partly furnished,central,F,,M1,190.0,2,4+4,"Three-bedroom, near metro M1."
ML-2025-78250,2024-06-06,porta romana,1272,87,3,2,2,first,True,furnished,central,G,1908.0,M2,,1,temporary,"Two-bedroom, in historic building, with elevator, near metro M2."
ML-2025-64762,05/05/2025,Zone Navigli,552,63 sqm,2,2,1,2,False,furnished,autonomous,,1995.0,M3,192.0,2,student,"Two-bedroom, near metro M3."
ML-2025-00006,2025-03-20,navigli,623,50,3,3,2,2,False,partly furn.,central,E,,M3,,2,4+4,"Three-bedroom, in historic building, near metro M3."
ML-2025-83222,10/05/2024,sempione,€ 576,64 sqm,3,3,1,4th,False,unfurnished,central,D,1927.0,M2,223.0,1,4+4,"Three-bedroom, in historic building, near metro M2."
ML-2025-95351,07/06/2025,Bicocca,380,76 sqm,3,2,1,0,False,furnished,autonomous,E,1915.0,,193.0,1,4+4,"Two-bedroom, in historic building."
ML-2025-70565,2024-10-22,Zone Porta Venezia,1260,78,3,2,1,4,False,partly furnished,autonomous,G,1909.0,M5,248.0,1,3+2,"Two-bedroom, in historic building, near metro M5."
ML-2025-01323,08/11/2024,baggio,€ 380,135 sqm,5,4,2,6,True,unfurnished,autonomous,F,2013.0,M1,237.0,1,4+4,"Four-bedroom, with elevator, near metro M1."
ML-2025-50495,2025-07-01,brera,€ 1838,55,2,1,1,1,True,furnished,autonomous,,1961.0,M3,195.0,1,4+4,"One-bedroom, with elevator, near metro M3."
ML-2025-32533,23/09/2025,affori,380,68,3,2,1,4,True,furnished,heat pump,D,1915.0,,140.0,3,3+2,"Two-bedroom, in historic building, with elevator."
ML-2025-65296,27/09/2025,brera,€ 2949,81,4,3,2,first,False,furn.,central,G,1992.0,M1,256.0,1,3+2,"Three-bedroom, near metro M1."
ML-2025-75405,2025-08-25,Porta Romana,€ 946,69,3,2,1,ground floor,True,partly furnished, autonomous,F,,M5,190.0,2,4+4,"Two-bedroom, in historic building, with elevator, near metro M5."
ML-2025-88737,04/10/2024,de angeli,€ 431,59,3,3,1,3,False,furnished,autonomous,B,1969.0,M1,187.0,3,student,"Three-bedroom, near metro M1."
ML-2025-87205,2025-01-13,quadrilatero,€ 1854,41,2,1,1,ground floor,False,partly furnished,autonomous,G,1919.0,M5,186.0,1,4+4,"One-bedroom, in historic building, near metro M5."
ML-2025-96510,24/06/2024,Isola,€ 433,59,2,1,1,3,False,unfurnished,autonomous,,1966.0,M3,208.0,2,3+2,"One-bedroom, near metro M3."
ML-2025-08723,2024-09-18,Isola,458,48 sqm,2,2,2,0,False,partly furnished,autonomous,,1919.0,M5,147.0,3,3+2,"Two-bedroom, in historic building, near metro M5."
ML-2025-11789,09/07/2024,porta venezia,406,38,2,2,1,1,False,partly furnished,heat pump,,1969.0,M2,187.0,1,3+2,"Two-bedroom, near metro M2."
ML-2025-80107,10/10/2024,Bocconi,€1152,53,3,2,2,4,True,partly furnished,heat pump,A,1938.0,M2,162.0,2,3+2,"Two-bedroom, with elevator, near metro M2."
ML-2025-71621,2025-04-09,de angeli,468,49,2,2,1,2,True,partly furnished,heatpump,B,1945.0,M2,145.0,2,3+2,"Two-bedroom, with elevator, near metro M2."
ML-2025-75150,18/12/2025,de angeli,€ 736,86 sqm,3,2,1,2,True,furnished,autonomous,A,,M2,221.0,2,temporary,"Two-bedroom, with elevator, near metro M2."
ML-2025-23502,18/02/2024,magenta,1881,86 sqm,3,3,1,3,False,furnished,central,G,1910.0,M5,275.0,2,temporary,"Three-bedroom, in historic building, near metro M5."
ML-2025-45987,20/10/2025,Zone Porta Garibaldi,1199,51,2,1,1,6,True,furnished,central,,1909.0,M2,169.0,1,student,"One-bedroom, in historic building, with elevator, near metro M2."
ML-2025-64274,2024-09-08,porta venezia,1084,64,3,3,1,4,True,unfurnished,auto.,E,1957.0,M2,170.0,1,student,"Three-bedroom, with elevator, near metro M2."
ML-2025-62690,20/01/2025,porta venezia,€ 802,37,2,1,1,6,False,furnished,autonomous,D,1931.0,M5,150.0,2,4+4,"One-bedroom, near metro M5."
ML-2025-85866,2025-03-12,quadrilatero,3021,59 sqm,3,3,1,0,True,furnished,autonomous,D,1904.0,M2,,1,3+2,"Three-bedroom, in historic building, with elevator, near metro M2."
ML-2025-36715,02/12/2024,Baggio,380,80,3,3,1,3,False,furnished,autonomous,,1941.0,,236.0,2,4+4,Three-bedroom.
ML-2025-83658,2025-09-22,Affori,380,93 sqm,4,4,1,4,True,partly furn.,central,G,1966.0,,214.0,2,3+2,"Four-bedroom, with elevator."
ML-2025-31183,2025-10-03,Zone Bicocca,380,55,2,1,1,2th,False,furnished,central,G,2011.0,M1,137.0,2,4+4,"One-bedroom, near metro M1."
ML-2025-76005,01/11/2025,Zone Porta Garibaldi,€ 2554,101 sqm,4,3,1,4,True,furnished,heat pump,G,1983.0,M2,262.0,2,4+4,"Three-bedroom, with elevator, near metro M2."
ML-2025-03304,2025-01-20,Zone Porta Garibaldi,573,41,2,1,1,7,False,unfurnished,central,F,2005.0,M2,215.0,2,student,"One-bedroom, near metro M2."
ML-2025-20521,2024-11-03,porta garibaldi,€ 924,45,2,2,1,0,False,unfurnished,autonomous,D,1900.0,M3,,2,3+2,"Two-bedroom, in historic building, near metro M3."
ML-2025-00684,15/09/2025,porta garibaldi,€ 1893,90 sqm,4,3,1,5,True,partly furnished,autonomous,C,1969.0,M1,243.0,3,4+4,"Three-bedroom, with elevator, near metro M1."
ML-2025-21619,2025-03-10,Isola,767,126,5,4,3,3,True,unfurnished,autonomous,E,1928.0,M1,284.0,1,3+2,"Four-bedroom, in historic building, with elevator, near metro M1."
ML-2025-52615,2025-04-26,Zone Quadrilatero,4500,83,4,4,2,2,False,partly furnished,heat pump,,1991.0,M5,270.0,2,4+4,"Four-bedroom, near metro M5."
ML-2025-87099,09/05/2025,brera,2130,69,3,2,1,4,True,furnished,autonomous,,1971.0,M2,215.0,1,temporary,"Two-bedroom, with elevator, near metro M2."
ML-2025-01159,2025-08-03,corvetto,€380,32,2,1,2,3,False,furnished,autonomous,,,M2,152.0,2,4+4,"One-bedroom, in historic building, near metro M2."
ML-2025-58502,2025-04-04,porta garibaldi,601,34,1,1,1,ground floor,True,unfurnished,autonomous,F,,M1,192.0,2,3+2,"One-bedroom, with elevator, near metro M1."
ML-2025-12284,2025-04-27,Corvetto,380,73,3,3,2,1,False,furnished,central,D,1960.0,M5,207.0,3,3+2,"Three-bedroom, near metro M5."
ML-2025-17382,2025-07-26,Zone Quadrilatero,€3579,62,2,2,1,6,True,partly furn., autonomous,E,1912.0,M5,216.0,1,3+2,"Two-bedroom, in historic building, with elevator, near metro M5."
ML-2025-09653,04/09/2025,tortona,€ 612,48,2,1,1,3,False,partly furnished,auto.,G,1910.0,M2,138.0,2,4+4,"One-bedroom, in historic building, near metro M2."
ML-2025-58825,2024-06-10,porta venezia,€ 1678,72,3,3,2,7,True,furnished,central,,1993.0,M1,221.0,1,temporary,"Three-bedroom, with elevator, near metro M1."
ML-2025-63308,01/03/2025,porta romana,949,73 sqm,3,3,1,first,True,partly furnished,autonomous,C,,M5,205.0,2,temporary,"Three-bedroom, with elevator, near metro M5."
ML-2025-27661,2024-02-23,Centro Storico,€3371,97,4,3,1,7,True,furnished,central,D,2020.0,M5,254.0,2,4+4,"Three-bedroom, with elevator, near metro M5."
ML-2025-66894,25/11/2025,Brera,€2261,73,3,2,1,2,False,furnished,central,E,1946.0,M2,228.0,2,4+4,"Two-bedroom, near metro M2."
ML-2025-40035,2024-06-20,greco,€380,108,4,4,2,2,False,furnished,autonomous,E,1969.0,M3,252.0,2,3+2,"Four-bedroom, near metro M3."
ML-2025-75430,14/01/2024,magenta,€1467,70,3,3,1,4,False,unfurnished,autonomous,,2015.0,M2,205.0,2,4+4,"Three-bedroom, near metro M2."
ML-2025-52381,2025-05-10,città studi,380,67 sqm,3,2,1,3,False,partly furnished,autonomous ,,1939.0,M1,167.0,1,4+4,"Two-bedroom, near metro M1."
ML-2025-97318,2025-01-08,Zone Isola,960,102,5,5,2,5,False,furn.,autonomous,f,1902.0,M3,234.0,2,4+4,"Five-bedroom, in historic building, near metro M3."
ML-2025-66696,2025-03-20,Navigli,524,50,2,2,1,first,False,unfurnished,central,f,1947.0,M3,227.0,2,4+4,"Two-bedroom, near metro M3."
ML-2025-97987,16/02/2025,Porta Garibaldi,3018,187,7,7,2,0,False,furnished,autonomous,D,1976.0,M2,408.0,2,temporary,"Seven-bedroom, near metro M2."
ML-2025-91027,2025-12-13,quadrilatero,3224,80 sqm,3,2,1,1,True,furnished,autonomous,G,1932.0,M3,224.0,3,student,"Two-bedroom, with elevator, near metro M3."
ML-2025-20758,2024-05-11,Zone Lorenteggio,380,80 sqm,3,2,2,ground floor,True,unfurnished,central,,1962.0,M2,226.0,1,3+2,"Two-bedroom, with elevator, near metro M2."
ML-2025-34624,20/03/2025,Lambrate,€380,84,4,4,2,2,False,partly furnished,central,C,1930.0,M5,207.0,1,4+4,"Four-bedroom, near metro M5."
ML-2025-35172,27/08/2025,Sempione,€ 1297,135,6,6,2,6,False,unfurnished,central,G,1966.0,M1,373.0,2,4+4,"Six-bedroom, near metro M1."
ML-2025-61058,2025-12-04,porta garibaldi,2305,92 sqm,4,3,1,7,True,partly,central,E,,M5,259.0,1,4+4,"Three-bedroom, with elevator, near metro M5."
ML-2025-56150,21/06/2025,Zone Quadrilatero,2294,40,2,1,1,4,True,furn.,autonomous,C,1961.0,M1,203.0,2,3+2,"One-bedroom, with elevator, near metro M1."
ML-2025-47147,13/03/2025,Quarto Oggiaro,€380,114,4,3,2,3,False,unfurnished,autonomous,,1941.0,M1,243.0,3,3+2,"Three-bedroom, near metro M1."
ML-2025-04420,2025-06-18,Zone Magenta,€ 1004,62,2,2,1,2,False,furnished,central,D,1993.0,M3,246.0,2,student,"Two-bedroom, near metro M3."
ML-2025-44775,22/08/2024,centro storico,€2043,73,3,2,1,4,True,partly furnished,centr.,C,1923.0,M1,226.0,2,4+4,"Two-bedroom, in historic building, with elevator, near metro M1."
ML-2025-19243,2025-11-09,Zone Magenta,€772,45,1,1,1,4,False,furnished,autonomous,D,1930.0,M1,218.0,3,4+4,"One-bedroom, near metro M1."
ML-2025-94921,2025-02-06,bicocca,380,84,3,2,1,ground floor,True,furnished,heat pump,F,1925.0,,184.0,2,3+2,"Two-bedroom, in historic building, with elevator."
ML-2025-85357,01/07/2025,città studi,€380,56,2,2,1,1,True,partly furn.,central,,1960.0,M2,175.0,1,4+4,"Two-bedroom, with elevator, near metro M2."
ML-2025-18180,27/01/2025,Zone Sempione,1105,72,3,2,2,5,False,furnished, autonomous,,1952.0,M3,222.0,2,4+4,"Two-bedroom, near metro M3."
ML-2025-40815,2025-07-22,bicocca,€ 380,63 sqm,3,3,1,5,True,unfurnished,central,E,1902.0,,191.0,2,4+4,"Three-bedroom, in historic building, with elevator."
ML-2025-63506,20/01/2025,Porta Venezia,2070,137,6,6,2,3,False,partly furnished,autonomous,D,1966.0,M2,,2,4+4,"Six-bedroom, near metro M2."
ML-2025-48462,2024-06-02,quarto oggiaro,380,140,5,5,2,5,True,unfurnished,heat pump,,1947.0,,,1,4+4,"Five-bedroom, with elevator."
ML-2025-17091,25/06/2024,isola,€ 522,71,2,1,1,4,False,unfurnished,autonomous,E,1941.0,M2,245.0,1,4+4,"One-bedroom, near metro M2."
ML-2025-73652,2025-12-04,Zone Città Studi,€ 415,72,3,3,2,0,True,partly furnished,central,,1954.0,M2,209.0,1,temporary,"Three-bedroom, with elevator, near metro M2."
ML-2025-90693,08/03/2025,Zone Centro Storico,€1565,61,1,1,1,6,False,unfurn.,central,,2016.0,M2,195.0,1,temporary,"One-bedroom, near metro M2."
ML-2025-80873,16/03/2024,lorenteggio,380,103,5,4,3,ground floor,False,furnished,autonomous,D,1947.0,,253.0,2,4+4,Four-bedroom.
ML-2025-35460,2025-07-01,Porta Romana,€ 1110,62,2,1,1,1,True,partly furn.,central,E,2002.0,M1,153.0,2,4+4,"One-bedroom, with elevator, near metro M1."
ML-2025-86489,2025-02-21,centro storico,1480,60,3,3,2,1,False,unfurnished,autonomous,g,,M3,236.0,1,temporary,"Three-bedroom, near metro M3."
ML-2025-88270,2025-01-26,isola,€ 655,99,4,3,1,7,True,partly furnished,autonomous,D,1907.0,M2,233.0,1,student,"Three-bedroom, in historic building, with elevator, near metro M2."
ML-2025-89486,2025-06-12,quadrilatero,2944,58,3,3,1,2,True,unfurnished,autonomous,C,1948.0,M2,247.0,1,temporary,"Three-bedroom, with elevator, near metro M2."
ML-2025-82527,04/03/2025,Quadrilatero,4500,69,4,3,1,ground floor,False,furnished,central,A,1955.0,M1,197.0,2,4+4,"Three-bedroom, near metro M1."
ML-2025-29453,16/09/2025,Zone Città Studi,380,40,1,1,1,ground floor,False,partly furnished,central,F,1952.0,M5,,2,temporary,"One-bedroom, near metro M5."
ML-2025-50120,22/02/2025,navigli,€ 835,90,4,4,1,first,False,furnished,autonomous,,1944.0,M1,255.0,3,3+2,"Four-bedroom, near metro M1."
ML-2025-64904,27/01/2024,quarto oggiaro,€ 380,138 sqm,5,4,2,3,False,partly furnished,central,F,2008.0,,273.0,2,4+4,Four-bedroom.
ML-2025-81367,2025-03-08,Zone Magenta,€ 1534,90,4,4,2,3th,True,partly furnished,central,,,M1,235.0,1,4+4,"Four-bedroom, in historic building, with elevator, near metro M1."
ML-2025-11123,08/11/2025,Zone Sempione,€1001,117,5,5,3,5th,True,partly furnished,autonomous,A,1941.0,M5,281.0,1,student,"Five-bedroom, with elevator, near metro M5."
ML-2025-06678,2024-07-03,isola,€ 417,52,2,1,1,1,True,furnished,heat pump,E,1966.0,M2,207.0,2,student,"One-bedroom, with elevator, near metro M2."
ML-2025-96888,02/04/2025,Bocconi,1278,76,3,3,1,1,True,furnished,autonomous,G,1987.0,M2,249.0,2,4+4,"Three-bedroom, with elevator, near metro M2."
ML-2025-69616,20/08/2025,nolo,380,50,2,2,2,3,False,furnished,centr.,D,1933.0,M2,,1,3+2,"Two-bedroom, near metro M2."
ML-2025-26764,06/08/2025,porta garibaldi,€ 1831,65,2,2,1,6,True,furnished,central,E,1910.0,M5,196.0,1,4+4,"Two-bedroom, in historic building, with elevator, near metro M5."
ML-2025-99601,2025-06-09,Baggio,380,92,4,4,1,4,True,furnished,heat pump,,1989.0,,173.0,2,3+2,"Four-bedroom, with elevator."
ML-2025-39037,13/03/2025,Zone Magenta,€1231,73,3,2,2,6,True,unfurnished,autonomous,,1963.0,M3,232.0,2,4+4,"Two-bedroom, with elevator, near metro M3."
ML-2025-63197,03/05/2025,quadrilatero,€ 1971,43 sqm,1,1,2,0,True,furnished,autonomous,G,1920.0,M1,213.0,2,4+4,"One-bedroom, in historic building, with elevator, near metro M1."
ML-2025-93067,21/11/2025,bocconi,€ 790,44,2,1,1,3,False,partly furnished,centr.,A1,1923.0,M2,179.0,2,4+4,"One-bedroom, in historic building, near metro M2."
ML-2025-85471,2025-09-16,de angeli,€ 380,43,2,1,1,3,True,furn.,central,D,1966.0,M3,,2,4+4,"One-bedroom, with elevator, near metro M3."
ML-2025-63014,2024-05-12,Zone Centro Storico,1870,83,4,4,2,ground floor,False,furnished,central,F,,M2,297.0,1,student,"Four-bedroom, in historic building, near metro M2."
ML-2025-55143,07/11/2025,Zone Isola,€ 996,144 sqm,6,5,2,2,False,unfurnished,central,G,1917.0,M3,268.0,2,temporary,"Five-bedroom, in historic building, near metro M3."
ML-2025-28829,16/03/2025,Zone Affori,380,113,4,3,2,2,False,furnished,centr.,A2,1930.0,,256.0,1,4+4,Three-bedroom.
ML-2025-17691,2025-03-20,Sempione,453,36,1,1,1,3,False,unfurnished,autonomous,F,1929.0,M2,173.0,1,4+4,"One-bedroom, in historic building, near metro M2."
ML-2025-08627,2025-01-16,Lorenteggio,€380,115 sqm,5,5,2,first,False,unfurn.,autonomous,A1,1927.0,M1,258.0,2,4+4,"Five-bedroom, in historic building, near metro M1."
ML-2025-01647,2024-02-21,porta garibaldi,€ 2025,97,4,4,2,2,True,unfurnished,autonomous,F,,M2,,2,4+4,"Four-bedroom, with elevator, near metro M2."
ML-2025-48870,14/04/2025,Zone Bocconi,741,41 sqm,2,2,1,first,False,unfurnished,autonomous,E,1969.0,M3,,2,3+2,"Two-bedroom, near metro M3."
ML-2025-34946,2024-01-04,Porta Romana,€ 1023,63,3,2,1,1,True,partly,central,E,1955.0,M1,214.0,3,4+4,"Two-bedroom, with elevator, near metro M1."
ML-2025-59071,2025-05-05,Baggio,380,103,4,3,2,6,True,partly furnished,autonomous,G,1951.0,M3,221.0,1,4+4,"Three-bedroom, with elevator, near metro M3."
ML-2025-51099,2025-01-22,navigli,744,85,3,3,2,4,True,furnished,autonomous,,2017.0,M1,192.0,1,student,"Three-bedroom, with elevator, near metro M1."
ML-2025-66839,2025-01-02,Sempione,517,44,2,2,1,0,False,unfurnished,autonomous,C,1941.0,M5,223.0,1,temporary,"Two-bedroom, near metro M5."
ML-2025-19395,2025-07-13,navigli,€820,87,3,3,1,3th,False,partly furnished,central,,1989.0,M3,,1,4+4,"Three-bedroom, near metro M3."
ML-2025-16467,06/07/2025,tortona,510,33,1,1,1,4th,False,furnished,autonomous,D,1914.0,M2,151.0,2,3+2,"One-bedroom, in historic building, near metro M2."
ML-2025-12673,21/10/2025,sempione,€ 736,65,2,1,1,2,False,unfurnished,autonomous,F,,M3,214.0,2,4+4,"One-bedroom, near metro M3."
ML-2025-70591,2024-06-08,Zone Porta Garibaldi,2194,104,4,4,1,2,False,unfurnished,central,F,1939.0,M3,312.0,1,3+2,"Four-bedroom, near metro M3."
ML-2025-91054,21/11/2025,greco,380,70,2,1,1,5,True,furnished,autonomous,G,1935.0,M1,,2,4+4,"One-bedroom, with elevator, near metro M1."
ML-2025-36259,06/06/2025,Isola,380,59 sqm,2,1,2,0,True,furnished,central,E,1927.0,M2,169.0,2,4+4,"One-bedroom, in historic building, with elevator, near metro M2."
ML-2025-14417,17/04/2025,Zone Città Studi,380,96,4,3,1,7,True,partly furnished,autonomous,,1924.0,M2,266.0,3,4+4,"Three-bedroom, in historic building, with elevator, near metro M2."
ML-2025-94400,2024-02-06,magenta,1531,98,4,3,1,2,False,furnished,central,,1991.0,M2,274.0,1,student,"Three-bedroom, near metro M2."
ML-2025-22975,13/06/2025,navigli,1052,111 sqm,5,4,1,3,True,furnished,autonomous,,1951.0,M2,251.0,2,temporary,"Four-bedroom, with elevator, near metro M2."
ML-2025-65344,17/05/2024,isola,€451,95 sqm,3,3,2,1,True,partly furnished,autonomous,G,,M2,275.0,1,3+2,"Three-bedroom, with elevator, near metro M2."
ML-2025-88191,05/07/2024,brera,3438,102,4,4,1,7,True,partly furnished,autonomous,D,1968.0,M1,285.0,2,temporary,"Four-bedroom, with elevator, near metro M1."
ML-2025-91806,2025-12-13,brera,3654,90,4,3,1,1,False,unfurnished,central,d,1968.0,M1,237.0,3,temporary,"Three-bedroom, near metro M1."
ML-2025-22404,2025-01-20,bocconi,€ 1377,77,3,3,1,6,True,furnished,central,,1994.0,M1,237.0,2,temporary,"Three-bedroom, with elevator, near metro M1."
ML-2025-03013,2025-05-07,città studi,€465,72,3,3,1,2,True,furnished,autonomous,C,1947.0,M1,217.0,2,4+4,"Three-bedroom, with elevator, near metro M1."
ML-2025-42129,02/02/2024,bocconi,734,64,2,1,1,0,True,partly furnished,central,G,,M2,203.0,2,4+4,"One-bedroom, with elevator, near metro M2."
ML-2025-90336,2025-10-07,Centro Storico,€1555,46,1,1,1,3,True,furnished,autonomous,,1930.0,M1,206.0,2,temporary,"One-bedroom, with elevator, near metro M1."
ML-2025-47269,2025-07-11,magenta,864,50,2,1,1,4th,True,partly furnished,central,,2018.0,M1,206.0,1,student,"One-bedroom, with elevator, near metro M1."
ML-2025-87786,04/02/2025,Zone Quadrilatero,3231,63,3,2,1,3,False,partly furnished,heat pump,F,1972.0,M3,246.0,2,3+2,"Two-bedroom, near metro M3."
ML-2025-83374,22/10/2024,bicocca,380,76,3,2,1,7,True,furnished,autonomous,,1919.0,,,3,student,"Two-bedroom, in historic building, with elevator."
ML-2025-51078,19/02/2025,de angeli,€ 893,116 sqm,4,4,2,4,True,unfurn.,autonomous,F,1916.0,M5,263.0,2,3+2,"Four-bedroom, in historic building, with elevator, near metro M5."
ML-2025-86941,14/10/2025,Porta Venezia,1515,69 sqm,2,1,2,3,False,partly furnished,central,,1954.0,M5,228.0,1,4+4,"One-bedroom, near metro M5."
ML-2025-97639,2025-12-13,bocconi,1408,99,4,3,1,2,True,partly furn.,centr.,,2022.0,M2,,2,student,"Three-bedroom, with elevator, near metro M2."
ML-2025-67951,22/07/2024,Zone Quadrilatero,4500,102,5,4,1,1,True,unfurnished,central,G,1980.0,M3,297.0,2,temporary,"Four-bedroom, with elevator, near metro M3."
ML-2025-74921,18/08/2025,porta romana,€ 880,65 sqm,3,3,2,3,True,furnished,autonomous,G,1920.0,M1,202.0,1,3+2,"Three-bedroom, in historic building, with elevator, near metro M1."
ML-2025-44640,2025-01-19,Quadrilatero,4500,86,3,3,1,4,False,unfurnished,central,F,1942.0,M3,259.0,2,temporary,"Three-bedroom, near metro M3."
ML-2025-99505,11/08/2024,porta romana,€ 833,64 sqm,3,2,1,3,False,unfurnished,autonomous,,2010.0,M2,250.0,1,4+4,"Two-bedroom, near metro M2."
ML-2025-35454,2025-02-01,bocconi,€ 1758,111,4,4,1,6,True,unfurnished,heat pump,E,2012.0,M3,295.0,2,3+2,"Four-bedroom, with elevator, near metro M3."
ML-2025-75633,03/06/2025,Zone Greco,€380,87,4,4,2,7,True,furnished,central,,2001.0,M1,212.0,1,4+4,"Four-bedroom, with elevator, near metro M1."
ML-2025-94202,20/07/2025,Porta Venezia,€ 672,46,2,1,1,ground floor,True,partly furnished,central,E,1934.0,M5,216.0,1,3+2,"One-bedroom, with elevator, near metro M5."
ML-2025-91517,23/10/2024,tortona,668,74,2,1,1,ground floor,True,unfurnished,central,B,1946.0,M2,198.0,3,3+2,"One-bedroom, with elevator, near metro M2."
ML-2025-88239,2025-10-03,Bocconi,2344,125 sqm,5,5,2,2,True,furnished,hp,A,1933.0,M3,,1,4+4,"Five-bedroom, with elevator, near metro M3."
ML-2025-19715,2025-12-02,Corvetto,380,66,2,2,1,4,False,furnished,autonomous,F,2020.0,M5,228.0,1,4+4,"Two-bedroom, near metro M5."
ML-2025-98020,07/10/2025,città studi,715,82,3,3,1,ground floor,True,furnished,heat pump,E,1903.0,M5,240.0,1,4+4,"Three-bedroom, in historic building, with elevator, near metro M5."
ML-2025-19699,2025-01-10,porta romana,€1282,85,3,2,1,1,True,unfurnished,autonomous,D,2002.0,M2,280.0,2,3+2,"Two-bedroom, with elevator, near metro M2."
ML-2025-23583,2025-09-05,città studi,380,49 sqm,2,1,1,3,True,furnished,autonomous,G,1920.0,M2,172.0,3,4+4,"One-bedroom, in historic building, with elevator, near metro M2."
ML-2025-50773,2025-03-16,magenta,1621,84,3,3,2,3,True,unfurnished,autonomous,d,2005.0,M3,230.0,2,4+4,"Three-bedroom, with elevator, near metro M3."
ML-2025-14400,25/12/2025,Zone Corvetto,€ 380,43,2,2,1,6,True,furnished,autonomous,F,1958.0,M2,,2,4+4,"Two-bedroom, with elevator, near metro M2."
ML-2025-72926,18/11/2024,navigli,836,56 sqm,3,3,2,4,True,furnished,autonomous,G,1927.0,M2,148.0,1,4+4,"Three-bedroom, in historic building, with elevator, near metro M2."
ML-2025-92810,2025-04-09,Bocconi,1785,102,4,4,2,3,False,furnished,autonomous,G,1927.0,M3,267.0,1,temporary,"Four-bedroom, in historic building, near metro M3."
ML-2025-26500,14/01/2024,centro storico,1647,79,3,3,1,6,True,furnished,autonomous,G,1924.0,M5,272.0,2,3+2,"Three-bedroom, in historic building, with elevator, near metro M5."
ML-2025-32733,26/11/2025,navigli,€ 722,63 sqm,2,1,1,3th,True,furnished,autonomous,,1998.0,M2,218.0,1,3+2,"One-bedroom, with elevator, near metro M2."
ML-2025-41694,22/05/2025,de angeli,813,82,4,4,1,1,False,furnished,autonomous,E,2021.0,M1,166.0,2,4+4,"Four-bedroom, near metro M1."
ML-2025-08687,2025-11-05,città studi,€ 601,69,2,2,1,6,True,unfurnished,centr.,F,1973.0,M3,170.0,2,3+2,"Two-bedroom, with elevator, near metro M3."
ML-2025-17242,13/01/2024,isola,380,70,3,2,2,3,True,unfurnished,central,G,1922.0,M2,207.0,3,4+4,"Two-bedroom, in historic building, with elevator, near metro M2."
ML-2025-94943,03/04/2024,baggio,380,88,3,3,2,4,False,unfurnished,central,E,1947.0,,213.0,1,temporary,Three-bedroom.
ML-2025-92551,2024-05-23,Zone De Angeli,547,54,2,2,1,2,False,furnished,centr.,F,2001.0,M3,190.0,3,4+4,"Two-bedroom, near metro M3."
ML-2025-50230,19/02/2025,Zone Magenta,1415,71,2,2,1,first,True,furnished,central,C,1985.0,M2,222.0,2,temporary,"Two-bedroom, with elevator, near metro M2."
ML-2025-74440,07/06/2024,tortona,603,63,2,2,1,6,True,furnished,autonomous,F,1916.0,M3,213.0,1,student,"Two-bedroom, in historic building, with elevator, near metro M3."
ML-2025-04885,2024-12-21,porta garibaldi,€ 1044,40,2,2,1,6,True,unfurnished,autonomous,C,1943.0,M5,185.0,1,temporary,"Two-bedroom, with elevator, near metro M5."
ML-2025-03838,13/03/2025,città studi,380,51 sqm,2,1,1,first,True,unfurnished,autonomous,F,2012.0,M2,174.0,2,temporary,"One-bedroom, with elevator, near metro M2."
ML-2025-88515,2025-06-22,Zone Magenta,1807,121,5,5,1,2,False,partly furnished,autonomous,E,1997.0,M1,311.0,1,4+4,"Five-bedroom, near metro M1."
ML-2025-02250,2025-01-01,Porta Venezia,1568,80,3,2,1,4,True,unfurnished,central,,2005.0,M3,222.0,1,3+2,"Two-bedroom, with elevator, near metro M3."
ML-2025-70687,12/08/2025,greco,380,44,2,1,2,4,True,furnished,autonomous,E,1968.0,M1,160.0,2,4+4,"One-bedroom, with elevator, near metro M1."
ML-2025-99378,2025-06-16,quarto oggiaro,380,41,2,2,1,6,True,furnished,heat pump,F,1942.0,M5,91.0,2,3+2,"Two-bedroom, with elevator, near metro M5."
ML-2025-79288,03/07/2025,De Angeli,525,67,2,2,2,first,True,partly furnished,autonomous ,,1956.0,M1,209.0,1,3+2,"Two-bedroom, with elevator, near metro M1."
ML-2025-39608,11/07/2025,Corvetto,380,121,5,5,1,3,True,furnished,central,A,1903.0,M2,276.0,3,temporary,"Five-bedroom, in historic building, with elevator, near metro M2."
ML-2025-53640,2024-08-20,Sempione,870,66,3,3,1,2,True,furnished,autonomous,C,1997.0,M5,206.0,1,student,"Three-bedroom, with elevator, near metro M5."
ML-2025-60228,2025-09-19,Zone Sempione,1036,111,5,4,2,4,True,furnished,heat pump,,1980.0,M1,296.0,3,student,"Four-bedroom, with elevator, near metro M1."
ML-2025-44431,2025-12-03,sempione,745,79,3,3,1,1,False,partly furnished,central,F,1922.0,M1,271.0,2,4+4,"Three-bedroom, in historic building, near metro M1."
ML-2025-94783,21/09/2024,Porta Garibaldi,1460,83,3,2,1,ground floor,False,partly furnished,autonomous,D,1953.0,M1,213.0,2,student,"Two-bedroom, near metro M1."
ML-2025-04423,2024-11-20,isola,430,44,2,1,1,5,False,furnished,autonomous,,1964.0,M5,195.0,2,temporary,"One-bedroom, near metro M5."
ML-2025-95579,12/01/2025,Porta Venezia,1683,97 sqm,4,3,2,ground floor,False,furnished,central,G,1901.0,M5,291.0,1,3+2,"Three-bedroom, in historic building, near metro M5."
ML-2025-85914,23/02/2024,città studi,380,62,3,2,1,3,False,partly furnished,autonomous,d,1973.0,M2,188.0,2,4+4,"Two-bedroom, near metro M2."
ML-2025-09594,17/06/2025,porta romana,1271,95,3,2,2,4,False,furnished,autonomous,E,1961.0,M3,275.0,2,4+4,"Two-bedroom, near metro M3."
ML-2025-56728,27/02/2024,porta romana,€ 955,53,2,1,1,7th,True,furnished,heat pump,A1,1942.0,M3,185.0,2,4+4,"One-bedroom, with elevator, near metro M3."
ML-2025-63544,2024-11-20,nolo,€380,74 sqm,4,3,2,1,True,unfurnished,centr.,G,1915.0,M1,238.0,2,4+4,"Three-bedroom, in historic building, with elevator, near metro M1."
ML-2025-98475,2025-11-27,Navigli,€ 822,79,3,3,1,7th,True,furnished,autonomous ,,2012.0,M1,160.0,1,4+4,"Three-bedroom, with elevator, near metro M1."
ML-2025-99281,2025-08-23,porta venezia,1228,66,2,2,1,2,False,furnished,autonomous,,1966.0,M5,254.0,3,4+4,"Two-bedroom, near metro M5."
ML-2025-47041,2025-06-10,Lambrate,380,81,3,3,1,1,False,unfurnished,autonomous,G,,M1,181.0,3,3+2,"Three-bedroom, in historic building, near metro M1."
ML-2025-17966,03/11/2025,Zone De Angeli,€ 592,64,3,3,2,4,True,unfurnished,central,D,1972.0,M2,194.0,2,3+2,"Three-bedroom, with elevator, near metro M2."
ML-2025-80555,18/07/2024,Quadrilatero,3357,56,2,1,1,3,False,unfurnished,autonomous ,,,M1,192.0,2,4+4,"One-bedroom, near metro M1."
ML-2025-66282,2024-12-15,centro storico,2861,123,5,5,2,2,False,furnished,autonomous,,,M2,349.0,2,temporary,"Five-bedroom, in historic building, near metro M2."
ML-2025-51352,2025-10-27,magenta,€ 1947,101,4,3,1,3,True,furnished,auto.,,1979.0,M1,262.0,2,4+4,"Three-bedroom, with elevator, near metro M1."
ML-2025-77399,2024-05-25,Bicocca,€380,54,2,1,1,ground floor,True,partly furnished,heat pump,F,1928.0,,141.0,2,4+4,"One-bedroom, in historic building, with elevator."
ML-2025-08283,2025-08-01,Zone De Angeli,€ 648,85,3,3,1,2,True,furnished,autonomous,C,1920.0,M1,252.0,3,4+4,"Three-bedroom, in historic building, with elevator, near metro M1."
ML-2025-07557,2025-02-08,quadrilatero,2573,54,2,1,1,1,True,furnished,central,B,2021.0,M5,228.0,1,3+2,"One-bedroom, with elevator, near metro M5."
ML-2025-48109,14/01/2024,Bicocca,453,46,2,2,1,7,True,furnished,autonomous,,1906.0,M1,134.0,2,4+4,"Two-bedroom, in historic building, with elevator, near metro M1."
ML-2025-38702,2025-02-17,Zone Brera,€3598,101,4,3,1,3,True,furnished,central,G,,M2,,1,3+2,"Three-bedroom, with elevator, near metro M2."
ML-2025-15698,11/12/2025,Navigli,380,39,2,1,1,4,True,unfurnished,autonomous,E,,M2,140.0,1,4+4,"One-bedroom, in historic building, with elevator, near metro M2."
ML-2025-20529,2024-02-08,Lorenteggio,€380,97,4,4,1,3,True,furnished,central,E,1969.0,M2,251.0,2,4+4,"Four-bedroom, with elevator, near metro M2."
ML-2025-48641,2025-03-13,quadrilatero,€ 3469,64,3,2,2,7,True,unfurn.,heat pump,A,1930.0,M3,235.0,2,4+4,"Two-bedroom, with elevator, near metro M3."
ML-2025-05678,2025-09-22,quadrilatero,2443,65,2,2,1,3,False,furnished,autonomous,,1963.0,M2,230.0,1,4+4,"Two-bedroom, near metro M2."
ML-2025-71139,2025-03-26,Isola,€ 571,81,3,2,1,5,True,partly furnished,autonomous,E,1956.0,M3,,2,student,"Two-bedroom, with elevator, near metro M3."
ML-2025-09930,2025-02-21,città studi,380,86 sqm,3,2,1,2,False,unfurnished,heat pump,E,1983.0,M2,181.0,1,3+2,"Two-bedroom, near metro M2."
ML-2025-66685,05/09/2025,quarto oggiaro,€380,52,3,3,1,2,True,furnished,autonomous,E,1904.0,M5,121.0,2,4+4,"Three-bedroom, in historic building, with elevator, near metro M5."
ML-2025-34177,26/12/2025,corvetto,€ 380,90 sqm,3,2,2,7th,False,partly furnished,central,B,1982.0,M3,210.0,1,temporary,"Two-bedroom, near metro M3."
ML-2025-15732,15/02/2025,Centro Storico,€ 2362,73,3,2,1,7,True,partly furnished,central,A1,1985.0,M1,262.0,1,3+2,"Two-bedroom, with elevator, near metro M1."
ML-2025-57916,19/08/2024,Zone Quadrilatero,2421,45,2,1,1,2th,True,furnished, autonomous,G,1952.0,M3,159.0,1,4+4,"One-bedroom, with elevator, near metro M3."
ML-2025-63131,19/07/2025,bicocca,€ 380,66,3,2,1,2,False,unfurnished,autonomous,F,1912.0,,,1,student,"Two-bedroom, in historic building."
ML-2025-95361,14/12/2024,Porta Romana,1550,114,5,4,2,2,False,unfurnished, autonomous,,1921.0,M5,,2,4+4,"Four-bedroom, in historic building, near metro M5."
ML-2025-43641,2025-12-15,Zone De Angeli,772,126,5,5,1,2,False,unfurnished,central,G,1910.0,M5,242.0,2,4+4,"Five-bedroom, in historic building, near metro M5."
ML-2025-93566,2025-07-15,bocconi,1974,90,4,3,2,2,False,furnished,autonomous,,2006.0,M3,245.0,2,temporary,"Three-bedroom, near metro M3."
ML-2025-47533,04/11/2024,Brera,1527,46,2,1,1,7,True,furnished,central,,1998.0,M2,206.0,2,student,"One-bedroom, with elevator, near metro M2."
ML-2025-87238,22/03/2025,de angeli,600,83,3,3,1,3,False,furnished,autonomous,,,M2,242.0,1,4+4,"Three-bedroom, in historic building, near metro M2."
ML-2025-28152,09/08/2024,quadrilatero,€ 4332,94,3,3,2,2,True,furnished,central,,1926.0,M5,215.0,3,4+4,"Three-bedroom, in historic building, with elevator, near metro M5."
ML-2025-77143,20/03/2024,isola,€736,90,3,3,2,2,False,furnished,autonomous,D,1903.0,M5,248.0,2,3+2,"Three-bedroom, in historic building, near metro M5."
ML-2025-21970,01/01/2025,tortona,952,92,3,3,1,7,False,partly furnished,autonomous,G,2004.0,M1,233.0,1,3+2,"Three-bedroom, near metro M1."
ML-2025-04070,2025-10-04,porta garibaldi,€ 1750,79,3,3,1,3,False,furnished,autonomous,E,1956.0,M2,225.0,2,4+4,"Three-bedroom, near metro M2."
ML-2025-13018,2025-07-08,bocconi,1185,68,3,3,2,1,False,furnished,autonomous ,D,1962.0,M1,263.0,1,student,"Three-bedroom, near metro M1."
ML-2025-40563,2025-01-09,città studi,380,57,2,1,1,6th,False,furnished,auto.,,1916.0,M1,181.0,2,4+4,"One-bedroom, in historic building, near metro M1."
ML-2025-13035,2025-10-03,Lorenteggio,380,36,1,1,1,3,True,furnished,heat pump,B,1900.0,M2,139.0,1,temporary,"One-bedroom, in historic building, with elevator, near metro M2."
ML-2025-77934,19/11/2025,Zone Lorenteggio,380,79,4,4,1,ground floor,True,partly furnished,autonomous,F,1921.0,,189.0,2,temporary,"Four-bedroom, in historic building, with elevator."
ML-2025-08923,2025-05-02,porta garibaldi,€ 2119,75,3,2,1,3,False,partly furnished,autonomous,F,1913.0,M3,,1,4+4,"Two-bedroom, in historic building, near metro M3."
ML-2025-96748,03/01/2025,Brera,2631,85,4,4,2,2,True,furnished,central,,2009.0,M1,,2,4+4,"Four-bedroom, with elevator, near metro M1."
ML-2025-35026,17/04/2025,Zone Sempione,922,44 sqm,1,1,1,2,True,furnished,central,C,2021.0,M3,202.0,2,4+4,"One-bedroom, with elevator, near metro M3."
ML-2025-46224,18/08/2025,corvetto,€380,88 sqm,3,2,1,4,False,furnished,autonomous,E,2000.0,M2,195.0,2,3+2,"Two-bedroom, near metro M2."
ML-2025-74456,18/01/2025,Zone Magenta,1670,144 sqm,5,4,1,2,True,partly furnished,auto.,G,2011.0,M3,336.0,1,3+2,"Four-bedroom, with elevator, near metro M3."
ML-2025-70127,24/05/2025,isola,830,72,3,2,2,6,False,furnished,autonomous ,G,1907.0,M1,218.0,1,temporary,"Two-bedroom, in historic building, near metro M1."
ML-2025-83766,22/03/2025,isola,450,69,2,2,1,2,False,furnished,autonomous,,1964.0,M2,167.0,2,4+4,"Two-bedroom, near metro M2."
ML-2025-99532,10/08/2025,Centro Storico,2128,78,3,3,1,4th,True,furnished,autonomous,C,1908.0,M3,221.0,2,4+4,"Three-bedroom, in historic building, with elevator, near metro M3."
ML-2025-30473,2025-03-18,Bocconi,2045,143,5,4,2,1,True,furnished,autonomous,D,1922.0,M3,346.0,2,4+4,"Four-bedroom, in historic building, with elevator, near metro M3."
ML-2025-62300,06/10/2025,magenta,€ 1142,49,2,1,1,3,False,furnished,central,F,2016.0,M2,178.0,2,4+4,"One-bedroom, near metro M2."
ML-2025-67010,23/04/2025,Bicocca,380,75,3,2,2,2,True,partly furnished,central,,1912.0,,251.0,1,3+2,"Two-bedroom, in historic building, with elevator."
ML-2025-77877,2024-02-24,Lambrate,380,53 sqm,3,2,2,3,False,furnished,autonomous,A4,1988.0,M5,191.0,2,student,"Two-bedroom, near metro M5."
ML-2025-28819,2025-04-16,Zone Lambrate,380,58,2,2,1,6,True,furnished,autonomous,C,2023.0,M2,185.0,2,temporary,"Two-bedroom, with elevator, near metro M2."
ML-2025-96630,2025-12-14,Isola,728,69,3,3,2,0,True,furnished,central,B,,M1,246.0,2,4+4,"Three-bedroom, with elevator, near metro M1."
ML-2025-23920,2025-10-17,magenta,€1822,112,4,3,2,4,True,furnished,central,D,2006.0,M5,303.0,2,student,"Three-bedroom, with elevator, near metro M5."
ML-2025-71008,23/08/2025,Sempione,€ 1466,131,5,4,3,0,False,partly furnished,central,,1902.0,M3,315.0,2,4+4,"Four-bedroom, in historic building, near metro M3."
ML-2025-88492,25/03/2025,lambrate,380,82 sqm,3,3,1,4,True,unfurnished,central,g,2009.0,M1,175.0,2,student,"Three-bedroom, with elevator, near metro M1."
ML-2025-13190,2025-05-03,porta garibaldi,1250,61,3,2,2,first,False,partly furnished,central,,1969.0,M5,222.0,2,4+4,"Two-bedroom, near metro M5."
ML-2025-53754,2024-06-17,Affori,€380,167,7,7,2,1,False,partly furnished,central,E,1977.0,M1,,2,4+4,"Seven-bedroom, near metro M1."
ML-2025-97910,06/12/2024,Zone Quadrilatero,3054,60,3,2,1,5,False,unfurnished,autonomous,E,1967.0,M3,204.0,3,temporary,"Two-bedroom, near metro M3."
ML-2025-14826,02/04/2025,De Angeli,582,57 sqm,2,2,2,4,True,unfurnished,heat pump,,1960.0,M3,136.0,3,4+4,"Two-bedroom, with elevator, near metro M3."
ML-2025-80396,2024-10-01,brera,1214,38,2,1,1,4,True,unfurnished,central,B,1964.0,M2,155.0,1,temporary,"One-bedroom, with elevator, near metro M2."
ML-2025-83851,2025-04-03,Quadrilatero,4500,114 sqm,5,5,2,2th,False,unfurnished,autonomous,D,1918.0,M5,343.0,2,temporary,"Five-bedroom, in historic building, near metro M5."
ML-2025-26459,2025-02-13,porta garibaldi,1929,98,4,3,1,2,True,unfurnished,central,D,1976.0,M3,263.0,1,4+4,"Three-bedroom, with elevator, near metro M3."
ML-2025-70712,2025-10-24,centro storico,2296,163,6,5,3,3,False,unfurnished,autonomous,,,M1,,3,4+4,"Five-bedroom, in historic building, near metro M1."
ML-2025-98731,2025-02-24,centro storico,€1029,43,1,1,1,4th,False,furnished,autonomous,F,1956.0,M3,192.0,3,4+4,"One-bedroom, near metro M3."
ML-2025-38736,2025-10-22,centro storico,€ 2739,117,5,4,2,3,False,unfurnished,autonomous,F,1921.0,M3,291.0,1,3+2,"Four-bedroom, in historic building, near metro M3."
ML-2025-07965,2024-12-18,Zone Isola,€539,72,3,2,1,7,False,furnished,central,E,1907.0,M2,266.0,1,4+4,"Two-bedroom, in historic building, near metro M2."
ML-2025-25980,2024-02-17,Zone Bicocca,380,93,4,3,2,1,False,unfurnished,autonomous,,1903.0,,204.0,2,4+4,"Three-bedroom, in historic building."
ML-2025-93984,2025-08-01,Centro Storico,€ 961,39,1,1,1,3,False,unfurnished,central,D,1913.0,M1,180.0,1,4+4,"One-bedroom, in historic building, near metro M1."
ML-2025-91979,23/02/2025,città studi,594,117,6,5,2,1,False,unfurnished,central,A3,1979.0,M5,288.0,2,4+4,"Five-bedroom, near metro M5."
ML-2025-84110,01/06/2024,Zone Lambrate,380,92,4,3,1,0,True,unfurnished,autonomous,C,1939.0,M2,218.0,1,4+4,"Three-bedroom, with elevator, near metro M2."
ML-2025-58129,22/06/2024,quadrilatero,3575,69,2,1,1,3,True,partly furnished, autonomous,,,M2,251.0,2,4+4,"One-bedroom, with elevator, near metro M2."
ML-2025-27496,2025-01-20,quadrilatero,4239,88 sqm,3,2,1,ground floor,True,partly furnished, autonomous,G,1962.0,M2,272.0,1,4+4,"Two-bedroom, with elevator, near metro M2."
ML-2025-61723,2025-03-08,de angeli,€571,54,2,1,1,2,False,furnished,central,G,2011.0,M1,189.0,2,temporary,"One-bedroom, near metro M1."
ML-2025-86040,2025-07-03,lambrate,380,57,2,2,1,5,True,furnished,heat pump,G,,M1,157.0,2,3+2,"Two-bedroom, with elevator, near metro M1."
ML-2025-82122,2025-11-24,Tortona,€707,60,2,2,1,3,False,furnished,autonomous,F,1902.0,M1,,2,4+4,"Two-bedroom, in historic building, near metro M1."
ML-2025-06041,06/04/2025,Lambrate,€ 380,37,2,2,1,5,True,furnished,central,F,1976.0,M1,,2,temporary,"Two-bedroom, with elevator, near metro M1."
ML-2025-71114,15/11/2025,Brera,3608,95 sqm,4,4,1,2,False,furnished,heat pump,F,1906.0,M5,249.0,2,4+4,"Four-bedroom, in historic building, near metro M5."
ML-2025-95221,2025-03-19,navigli,886,106 sqm,4,4,1,3,True,partly furnished,central,,1975.0,M1,276.0,2,4+4,"Four-bedroom, with elevator, near metro M1."
ML-2025-12534,2025-01-13,Sempione,€429,55,2,2,1,7,False,partly furnished,autonomous,D,1990.0,M1,176.0,1,4+4,"Two-bedroom, near metro M1."
ML-2025-60482,07/05/2025,porta romana,1138,79,3,2,1,first,True,furnished,autonomous,G,1964.0,M2,194.0,1,4+4,"Two-bedroom, with elevator, near metro M2."
ML-2025-62104,14/01/2024,sempione,869,64 sqm,2,1,1,4,False,partly furnished,central,G,1940.0,M5,181.0,2,temporary,"One-bedroom, near metro M5."
ML-2025-52109,14/01/2025,Porta Garibaldi,1578,79,4,4,2,5,False,furnished,autonomous,D,1942.0,M1,242.0,1,4+4,"Four-bedroom, near metro M1."
ML-2025-75187,2024-04-12,sempione,510,56,3,2,1,2,True,partly furnished, autonomous,,1989.0,M1,215.0,2,3+2,"Two-bedroom, with elevator, near metro M1."
ML-2025-99103,11/08/2025,Zone Isola,€389,51,2,1,2,2,True,unfurnished,autonomous,,1974.0,M3,169.0,1,4+4,"One-bedroom, with elevator, near metro M3."
ML-2025-65058,2025-12-02,navigli,926,101 sqm,4,3,2,5,True,unfurnished,autonomous ,G,1963.0,M2,251.0,1,4+4,"Three-bedroom, with elevator, near metro M2."
ML-2025-02637,10/08/2024,porta venezia,1237,68,3,2,1,0,True,furnished,central,E,,M2,236.0,2,3+2,"Two-bedroom, with elevator, near metro M2."
ML-2025-51801,2025-09-10,porta venezia,€ 2564,142,5,4,2,2,True,furnished,heat pump,E,1941.0,M1,336.0,2,4+4,"Four-bedroom, with elevator, near metro M1."
ML-2025-51243,07/09/2025,sempione,752,71 sqm,3,2,1,3,True,furnished,heat pump,,1981.0,M5,250.0,1,4+4,"Two-bedroom, with elevator, near metro M5."
ML-2025-27126,2025-07-03,Brera,€ 1818,51,2,1,1,1,True,unfurnished,centr.,E,1917.0,M2,197.0,2,4+4,"One-bedroom, in historic building, with elevator, near metro M2."
ML-2025-73521,2025-01-12,Brera,€ 4042,108,5,4,2,4,True,partly furn.,central,D,1936.0,M3,266.0,3,4+4,"Four-bedroom, with elevator, near metro M3."
ML-2025-57146,25/05/2025,quadrilatero,4139,87 sqm,3,3,2,4,False,unfurnished,central,A1,1925.0,M5,286.0,1,student,"Three-bedroom, in historic building, near metro M5."
ML-2025-11227,05/03/2024,quadrilatero,4347,90,4,3,2,7,True,partly furnished,heat pump,,2007.0,M3,256.0,3,3+2,"Three-bedroom, with elevator, near metro M3."
ML-2025-77673,19/07/2025,lambrate,380,106 sqm,4,3,2,4,True,furnished,central,E,1955.0,M1,226.0,2,temporary,"Three-bedroom, with elevator, near metro M1."
ML-2025-01497,26/10/2025,Navigli,398,56,3,2,1,4,False,partly furnished,central,G,1983.0,M3,216.0,1,student,"Two-bedroom, near metro M3."
ML-2025-86859,26/06/2025,lorenteggio,380,67,2,1,1,5,True,partly furnished,autonomous,,1943.0,M2,210.0,2,4+4,"One-bedroom, with elevator, near metro M2."
ML-2025-61521,2025-07-09,quadrilatero,3217,66,3,3,1,1,False,furnished,autonomous,D,1910.0,M1,232.0,2,temporary,"Three-bedroom, in historic building, near metro M1."
ML-2025-99522,04/08/2025,città studi,€ 380,45,2,2,1,3,False,unfurnished,autonomous,,,M1,143.0,2,student,"Two-bedroom, near metro M1."
ML-2025-33802,2025-01-20,Zone Isola,€497,64 sqm,2,1,1,first,False,furnished,central,,1927.0,M1,239.0,1,4+4,"One-bedroom, in historic building, near metro M1."
ML-2025-22317,09/09/2024,navigli,€ 925,112,4,3,1,1,True,furnished,heat pump,E,1989.0,M5,287.0,1,3+2,"Three-bedroom, with elevator, near metro M5."
ML-2025-48180,08/09/2025,de angeli,684,76,3,2,2,2,True,furnished,heatpump,F,1971.0,M3,215.0,1,4+4,"Two-bedroom, with elevator, near metro M3."
ML-2025-80779,20/12/2024,corvetto,380,44,2,1,1,first,False,unfurnished,central,C,1910.0,M3,138.0,2,4+4,"One-bedroom, in historic building, near metro M3."
ML-2025-62229,08/05/2025,de angeli,€ 390,41,2,1,1,0,False,partly furnished,central,A,1939.0,M3,186.0,2,4+4,"One-bedroom, near metro M3."
ML-2025-44522,2024-12-15,Quadrilatero,4500,125,5,4,2,2,True,furnished,autonomous,G,1904.0,M3,288.0,3,4+4,"Four-bedroom, in historic building, with elevator, near metro M3."
ML-2025-38617,14/04/2025,Porta Venezia,1273,68,4,4,1,2,True,partly furnished,autonomous,,2017.0,M5,190.0,2,4+4,"Four-bedroom, with elevator, near metro M5."
ML-2025-78872,2025-05-23,città studi,€380,56,2,1,1,3,False,partly furnished,central,D,1943.0,M1,232.0,2,3+2,"One-bedroom, near metro M1."
ML-2025-21455,2025-10-20,porta romana,€ 996,64 sqm,3,3,1,4,False,unfurnished,autonomous,,2000.0,M1,187.0,2,4+4,"Three-bedroom, near metro M1."
ML-2025-03348,2025-06-10,sempione,399,42,1,1,1,ground floor,True,partly furnished,central,,1957.0,M2,201.0,2,4+4,"One-bedroom, with elevator, near metro M2."
ML-2025-23858,2024-05-01,Tortona,1451,115,4,4,2,7,True,partly furnished,central,F,1943.0,M3,,3,4+4,"Four-bedroom, with elevator, near metro M3."
ML-2025-20935,07/07/2025,Zone Tortona,€ 757,61 sqm,2,1,1,5,True,furnished,auto.,F,2006.0,M3,197.0,2,student,"One-bedroom, with elevator, near metro M3."
ML-2025-18737,2025-06-05,lambrate,380,113,4,4,2,6,True,partly furnished,central,G,1968.0,M5,,1,temporary,"Four-bedroom, with elevator, near metro M5."
ML-2025-30913,22/02/2025,Zone Bocconi,€1007,71 sqm,3,3,2,0,False,furnished,central,D,1924.0,M3,232.0,2,4+4,"Three-bedroom, in historic building, near metro M3."
ML-2025-71598,2024-11-21,Zone Centro Storico,2910,115,4,3,2,0,True,furnished,central,d,1908.0,M1,335.0,3,temporary,"Three-bedroom, in historic building, with elevator, near metro M1."
ML-2025-24744,2025-10-02,centro storico,2238,77,3,2,1,2,True,furnished,central,G,1907.0,M1,,1,temporary,"Two-bedroom, in historic building, with elevator, near metro M1."
ML-2025-13429,10/02/2025,nolo,380,94,3,3,1,6,True,unfurnished, autonomous,,,M2,218.0,2,temporary,"Three-bedroom, with elevator, near metro M2."
ML-2025-39869,2025-03-05,Zone Porta Garibaldi,€ 1998,90 sqm,4,3,2,3,False,partly furnished,central,,1982.0,M3,257.0,2,temporary,"Three-bedroom, near metro M3."
ML-2025-97217,2024-07-24,Porta Romana,€ 1618,87,4,4,1,2,False,furnished,autonomous,F,2019.0,M2,,2,4+4,"Four-bedroom, near metro M2."
ML-2025-93834,2025-06-20,isola,501,79,4,4,2,1,False,unfurnished,autonomous ,C,1921.0,M1,199.0,2,4+4,"Four-bedroom, in historic building, near metro M1."
ML-2025-00478,2025-02-04,sempione,€894,65,2,2,1,2th,False,furnished,autonomous,G,1923.0,M2,205.0,2,temporary,"Two-bedroom, in historic building, near metro M2."
ML-2025-01244,19/05/2025,lambrate,€ 380,137,5,4,2,3,False,partly furnished,central,D,1909.0,M3,294.0,1,temporary,"Four-bedroom, in historic building, near metro M3."
ML-2025-30361,2024-12-22,tortona,380,51,2,1,1,3,True,furnished,heat pump,F,1947.0,M1,147.0,1,4+4,"One-bedroom, with elevator, near metro M1."
ML-2025-14505,02/04/2024,Zone Navigli,667,70,3,2,1,6,True,empty,autonomous,,1948.0,M3,221.0,1,3+2,"Two-bedroom, with elevator, near metro M3."
ML-2025-80268,17/04/2025,Porta Romana,€ 993,70,3,2,1,4th,False,unfurnished,centr.,F,1946.0,M1,230.0,2,3+2,"Two-bedroom, near metro M1."
ML-2025-14960,15/10/2025,porta garibaldi,€1948,81,3,2,2,first,False,furnished,central,E,1960.0,M2,230.0,1,4+4,"Two-bedroom, near metro M2."
ML-2025-09010,05/11/2025,Zone Magenta,€ 1408,60,2,1,1,7,True,partly furn.,heat pump,,1911.0,M3,152.0,2,3+2,"One-bedroom, in historic building, with elevator, near metro M3."
ML-2025-22582,2025-03-25,tortona,€779,78,3,2,1,7,False,partly furnished,autonomous,G,1903.0,M1,220.0,2,4+4,"Two-bedroom, in historic building, near metro M1."
ML-2025-58797,01/05/2024,bocconi,1127,66 sqm,3,3,2,6,True,unfurnished,autonomous,C,1914.0,M3,254.0,1,4+4,"Three-bedroom, in historic building, with elevator, near metro M3."
ML-2025-16586,2025-11-14,Zone Centro Storico,1251,40 sqm,2,2,1,3,False,unfurnished,autonomous ,E,2008.0,M3,,1,4+4,"Two-bedroom, near metro M3."
ML-2025-29064,24/11/2024,Centro Storico,1898,70,3,3,2,3th,False,partly furnished,heat pump,A2,,M2,233.0,2,4+4,"Three-bedroom, near metro M2."
ML-2025-50278,2025-05-09,porta venezia,€ 816,48,1,1,1,2,True,furnished,autonomous,,1981.0,M5,181.0,1,4+4,"One-bedroom, with elevator, near metro M5."
ML-2025-96541,08/10/2024,affori,380,38,1,1,1,5,False,furn.,autonomous,E,1931.0,M3,136.0,2,4+4,"One-bedroom, near metro M3."
ML-2025-86562,20/04/2025,Città Studi,380,73,4,4,2,2,False,unfurnished,heat pump,,1921.0,M2,215.0,1,4+4,"Four-bedroom, in historic building, near metro M2."
ML-2025-21898,2025-03-07,quadrilatero,€4500,83,4,3,1,1,False,empty,autonomous,,1961.0,M1,,1,4+4,"Three-bedroom, near metro M1."
ML-2025-29025,14/12/2025,Affori,380,84,3,2,1,ground floor,True,unfurnished,central,,,M2,,1,4+4,"Two-bedroom, with elevator, near metro M2."
ML-2025-07097,2024-08-05,Porta Garibaldi,€1633,85,3,3,2,3,True,unfurnished,heat pump,G,1943.0,M2,245.0,1,4+4,"Three-bedroom, with elevator, near metro M2."
ML-2025-29549,02/10/2025,Zone Porta Garibaldi,631,36,1,1,1,6,True,unfurnished,autonomous,G,1964.0,M1,156.0,1,4+4,"One-bedroom, with elevator, near metro M1."
ML-2025-61373,10/03/2024,Baggio,380,43,2,2,1,6,True,furnished,autonomous,,1975.0,,143.0,1,temporary,"Two-bedroom, with elevator."
ML-2025-51783,2025-01-04,Centro Storico,€ 4082,140,6,6,2,6,True,furn.,autonomous,,1907.0,M5,289.0,2,3+2,"Six-bedroom, in historic building, with elevator, near metro M5."
ML-2025-37604,15/01/2025,porta venezia,€1009,49,2,1,1,4,True,furnished,central,B,1974.0,M1,182.0,1,3+2,"One-bedroom, with elevator, near metro M1."
ML-2025-01900,14/09/2024,Nolo,€ 523,87,3,2,1,6th,True,furnished,autonomous,C,1989.0,M3,240.0,1,3+2,"Two-bedroom, with elevator, near metro M3."
ML-2025-90388,2025-04-13,Zone Quadrilatero,€ 2356,55,1,1,1,6,True,partly furnished,autonomous,,1946.0,M3,228.0,2,4+4,"One-bedroom, with elevator, near metro M3."
ML-2025-39029,27/07/2024,bocconi,€ 1020,72 sqm,2,1,1,first,False,partly furnished,autonomous ,,1910.0,M3,217.0,2,4+4,"One-bedroom, in historic building, near metro M3."
ML-2025-91497,2025-09-23,porta venezia,1006,56,2,2,1,4,True,furnished,autonomous,E,,M3,148.0,2,4+4,"Two-bedroom, with elevator, near metro M3."
ML-2025-73513,2025-10-12,brera,3516,85,4,4,1,0,True,unfurnished,central,,1922.0,M2,268.0,2,temporary,"Four-bedroom, in historic building, with elevator, near metro M2."
ML-2025-79504,2025-03-06,porta venezia,1131,73,2,2,1,3th,False,furn.,autonomous,F,2021.0,M2,268.0,1,3+2,"Two-bedroom, near metro M2."
ML-2025-42159,06/07/2025,Zone Isola,€380,60,2,1,1,3,False,unfurnished,central,G,1950.0,M1,174.0,2,temporary,"One-bedroom, near metro M1."
ML-2025-12865,2025-08-21,quadrilatero,€ 2395,48,2,1,1,first,False,partly furnished,heatpump,C,1986.0,M2,190.0,3,student,"One-bedroom, near metro M2."
ML-2025-22455,23/07/2024,Quadrilatero,4500,77 sqm,2,1,1,0,True,furnished,central,E,1902.0,M2,264.0,1,4+4,"One-bedroom, in historic building, with elevator, near metro M2."
ML-2025-65806,25/10/2025,De Angeli,€ 440,46,2,2,1,0,False,partly furn.,central,B,2019.0,M1,,1,student,"Two-bedroom, near metro M1."
ML-2025-58492,26/05/2025,Magenta,1907,81,3,2,1,5,True,furnished,autonomous,C,1900.0,M1,265.0,1,3+2,"Two-bedroom, in historic building, with elevator, near metro M1."
ML-2025-09219,2025-04-01,Navigli,1361,176,7,7,2,7,True,furnished,autonomous,G,2002.0,M1,399.0,3,3+2,"Seven-bedroom, with elevator, near metro M1."
ML-2025-86156,2024-04-23,centro storico,€ 2562,112,4,4,2,1,False,unfurnished,autonomous,A,2000.0,M1,257.0,1,4+4,"Four-bedroom, near metro M1."
ML-2025-02525,2024-02-21,magenta,€ 1575,90,4,3,1,7,True,partly furnished,autonomous,D,1998.0,M2,,3,4+4,"Three-bedroom, with elevator, near metro M2."
ML-2025-47106,05/01/2025,porta romana,€701,68 sqm,3,2,1,ground floor,False,unfurnished,heat pump,E,1962.0,M1,230.0,2,4+4,"Two-bedroom, near metro M1."
ML-2025-19719,2025-08-08,Città Studi,€ 380,36,1,1,1,7,False,partly furnished,autonomous,D,2006.0,M1,152.0,2,4+4,"One-bedroom, near metro M1."
ML-2025-17325,2025-12-27,porta venezia,614,44,2,1,1,1,True,partly furnished,autonomous,E,1929.0,M3,194.0,1,4+4,"One-bedroom, in historic building, with elevator, near metro M3."
ML-2025-49445,2025-02-13,Zone Affori,€380,110 sqm,4,3,1,7,True,unfurnished,central,G,1983.0,,226.0,1,4+4,"Three-bedroom, with elevator."
ML-2025-32712,2025-04-19,quarto oggiaro,380,53,2,1,1,7,False,furnished,heat pump,F,1956.0,M5,,1,4+4,"One-bedroom, near metro M5."
ML-2025-45109,2025-01-02,Zone Brera,1903,55,3,2,1,4,True,furnished,central,E,2017.0,M5,201.0,2,4+4,"Two-bedroom, with elevator, near metro M5."
ML-2025-94536,2025-03-18,brera,€ 2091,66,3,3,1,4,True,unfurnished,autonomous,F,1957.0,M5,196.0,2,student,"Three-bedroom, with elevator, near metro M5."
ML-2025-77599,08/02/2024,Brera,€1389,48,2,1,1,3,True,unfurnished,central,G,1959.0,M3,179.0,2,4+4,"One-bedroom, with elevator, near metro M3."
ML-2025-32552,21/12/2025,città studi,495,46 sqm,2,2,1,4,False,furnished,autonomous,D,1975.0,M1,168.0,1,student,"Two-bedroom, near metro M1."
ML-2025-52340,2025-04-04,Zone Brera,€2730,69,3,3,2,6,True,furnished,central,,1974.0,M1,227.0,2,3+2,"Three-bedroom, with elevator, near metro M1."
ML-2025-37473,27/12/2025,de angeli,€ 380,51,2,1,1,2,False,furnished,central,F,1953.0,M5,187.0,2,4+4,"One-bedroom, near metro M5."
ML-2025-26423,2025-09-07,Sempione,742,54 sqm,2,1,1,2,False,furnished,central,F,1956.0,M5,,2,4+4,"One-bedroom, near metro M5."
ML-2025-45640,12/04/2025,lambrate,€380,53,2,2,1,7,True,unfurnished,autonomous,,1945.0,M2,,1,4+4,"Two-bedroom, with elevator, near metro M2."
ML-2025-13972,2025-04-01,porta garibaldi,2092,84,3,2,1,6,True,partly,heat pump,F,1923.0,M2,271.0,3,4+4,"Two-bedroom, in historic building, with elevator, near metro M2."
ML-2025-23549,2025-02-03,lorenteggio,€ 380,65,2,1,1,4,False,partly furnished, autonomous,,1928.0,M1,,2,4+4,"One-bedroom, in historic building, near metro M1."
ML-2025-56970,2024-12-26,Zone Centro Storico,€ 1518,66,3,2,1,first,True,partly furnished,autonomous,F,2011.0,M1,231.0,2,temporary,"Two-bedroom, with elevator, near metro M1."
ML-2025-73651,19/10/2025,navigli,697,86,3,3,1,7,True,unfurnished,central,,1943.0,M2,269.0,1,4+4,"Three-bedroom, with elevator, near metro M2."
ML-2025-67483,2025-09-25,magenta,€1429,67,3,3,1,7,True,furnished,autonomous,C,,M1,200.0,2,3+2,"Three-bedroom, with elevator, near metro M1."
ML-2025-98652,23/01/2025,Baggio,€380,64 sqm,2,2,1,2,False,unfurnished,autonomous,F,1918.0,M2,146.0,1,4+4,"Two-bedroom, in historic building, near metro M2."
ML-2025-21292,2025-12-18,Nolo,380,83 sqm,3,3,1,4,False,partly furnished,autonomous,F,1927.0,M3,253.0,2,3+2,"Three-bedroom, in historic building, near metro M3."
ML-2025-12075,2025-03-18,lambrate,€ 380,88,4,4,1,3,True,unfurnished,autonomous,,2021.0,M3,236.0,1,student,"Four-bedroom, with elevator, near metro M3."
ML-2025-63182,09/08/2025,Zone Quadrilatero,3408,66,3,3,2,6,True,unfurnished,autonomous ,E,1987.0,M5,,1,4+4,"Three-bedroom, with elevator, near metro M5."
ML-2025-56699,2024-07-19,Corvetto,380,72,3,3,1,5,True,unfurn.,central,,1902.0,M1,198.0,1,4+4,"Three-bedroom, in historic building, with elevator, near metro M1."
ML-2025-86020,2025-01-26,porta garibaldi,1123,53 sqm,2,2,1,3,False,furnished,autonomous,G,1974.0,M2,187.0,2,student,"Two-bedroom, near metro M2."
ML-2025-12708,2025-05-07,porta garibaldi,1246,52,2,1,1,7,True,furnished,heat pump,F,1950.0,M3,158.0,2,student,"One-bedroom, with elevator, near metro M3."
ML-2025-24220,2025-02-27,Zone Corvetto,380,92,4,3,2,4,False,furnished,central,E,1957.0,M2,224.0,2,temporary,"Three-bedroom, near metro M2."
ML-2025-41189,2025-03-15,Navigli,€821,82,3,3,2,3,False,furnished,central,F,1983.0,M5,263.0,1,temporary,"Three-bedroom, near metro M5."
ML-2025-81942,22/04/2025,Navigli,794,82,4,3,1,7,True,partly furnished,central,D,2021.0,M1,264.0,2,4+4,"Three-bedroom, with elevator, near metro M1."
ML-2025-19707,10/01/2024,Nolo,€380,77,3,3,1,3,False,furnished,central,D,,M1,238.0,3,3+2,"Three-bedroom, in historic building, near metro M1."
ML-2025-95036,2025-09-19,quadrilatero,3193,71,3,3,1,3,False,furnished,autonomous,,1998.0,M2,255.0,2,4+4,"Three-bedroom, near metro M2."
ML-2025-11069,2025-09-16,Magenta,2223,89,3,2,1,3th,False,partly furnished,heat pump,D,1985.0,M2,305.0,2,3+2,"Two-bedroom, near metro M2."
ML-2025-93648,2025-08-09,Quadrilatero,4500,97,4,4,1,first,True,partly furnished,autonomous,,1915.0,M2,235.0,2,temporary,"Four-bedroom, in historic building, with elevator, near metro M2."
ML-2025-67363,01/06/2024,brera,3740,96 sqm,4,4,2,2,False,unfurnished,autonomous,D,1901.0,M2,275.0,2,4+4,"Four-bedroom, in historic building, near metro M2."
ML-2025-14119,2025-03-24,de angeli,568,68,3,3,2,0,True,furnished,central,G,1961.0,M1,175.0,1,3+2,"Three-bedroom, with elevator, near metro M1."
ML-2025-98919,2024-08-19,nolo,526,114,4,3,2,ground floor,False,furnished,autonomous,D,2016.0,M2,306.0,1,temporary,"Three-bedroom, near metro M2."
ML-2025-04895,14/09/2024,magenta,1282,76,3,2,1,4,True,unfurnished,central,F,1996.0,M3,216.0,2,4+4,"Two-bedroom, with elevator, near metro M3."
ML-2025-38977,2025-03-15,navigli,922,87,4,4,1,7th,True,partly furnished,heat pump,,1952.0,M1,,1,3+2,"Four-bedroom, with elevator, near metro M1."
ML-2025-72657,2025-04-18,Zone Isola,€ 461,77 sqm,3,3,1,4,False,furnished,centr.,D,1951.0,M5,209.0,1,temporary,"Three-bedroom, near metro M5."
ML-2025-34397,2024-11-01,città studi,455,76 sqm,3,3,1,0,True,partly furnished,autonomous,F,1918.0,M3,225.0,2,4+4,"Three-bedroom, in historic building, with elevator, near metro M3."
ML-2025-38204,05/09/2024,Quarto Oggiaro,380,54,2,1,1,4,True,unfurnished,autonomous,G,1903.0,M1,129.0,2,4+4,"One-bedroom, in historic building, with elevator, near metro M1."
ML-2025-28624,27/06/2024,Zone Quarto Oggiaro,€ 380,89,4,4,1,first,False,unfurnished,autonomous,G,1990.0,M1,184.0,1,4+4,"Four-bedroom, near metro M1."
ML-2025-17773,01/04/2025,Navigli,€ 1358,189,7,6,2,0,True,furnished,autonomous,D,1936.0,M1,401.0,2,4+4,"Six-bedroom, with elevator, near metro M1."
ML-2025-58289,2024-03-03,magenta,1499,61,3,2,1,5,False,partly furnished,central,E,1900.0,M1,230.0,1,4+4,"Two-bedroom, in historic building, near metro M1."
ML-2025-44707,2025-03-27,isola,€380,72,3,3,1,ground floor,False,unfurnished,centr.,C,2017.0,M3,210.0,1,3+2,"Three-bedroom, near metro M3."
ML-2025-81113,22/11/2024,Tortona,1060,60,2,1,1,3,True,furnished,central,E,1906.0,M5,213.0,1,4+4,"One-bedroom, in historic building, with elevator, near metro M5."
ML-2025-54268,17/06/2025,Isola,471,59,2,2,1,4,False,furnished,central,D,,M1,219.0,2,3+2,"Two-bedroom, in historic building, near metro M1."
ML-2025-51356,2024-07-25,città studi,577,120,4,4,2,2,False,furnished,autonomous,G,1923.0,M2,270.0,1,4+4,"Four-bedroom, in historic building, near metro M2."
ML-2025-16177,2025-12-19,tortona,€786,55,2,2,2,4,False,furnished,auto.,f,1955.0,M5,230.0,2,temporary,"Two-bedroom, near metro M5."
ML-2025-25189,2025-09-03,magenta,1380,59,2,1,1,3,True,furnished,centr.,C,1910.0,M2,223.0,1,4+4,"One-bedroom, in historic building, with elevator, near metro M2."
ML-2025-03786,2025-08-02,magenta,937,40,2,1,1,0,False,furnished,autonomous,G,,M2,165.0,1,3+2,"One-bedroom, near metro M2."
ML-2025-97423,2024-03-24,navigli,560,54 sqm,2,1,1,1,True,unfurnished,autonomous,,1985.0,M2,206.0,1,4+4,"One-bedroom, with elevator, near metro M2."
ML-2025-78179,2024-05-12,Zone Brera,1685,38 sqm,1,1,1,ground floor,True,empty,central,C,1967.0,M1,208.0,2,temporary,"One-bedroom, with elevator, near metro M1."
ML-2025-27052,2025-01-10,quadrilatero,4500,87,4,4,1,1,False,unfurnished,autonomous ,G,1969.0,M1,,3,4+4,"Four-bedroom, near metro M1."
ML-2025-45609,08/07/2025,Sempione,1351,186,7,6,2,1,True,unfurnished,autonomous,F,2018.0,M5,398.0,1,student,"Six-bedroom, with elevator, near metro M5."
ML-2025-56212,2025-04-22,navigli,€ 674,62,3,3,2,7,True,furnished,autonomous,,1944.0,M3,116.0,2,4+4,"Three-bedroom, with elevator, near metro M3."
ML-2025-24438,2025-06-23,Porta Venezia,€898,39,1,1,1,6,True,furnished,autonomous,C,1902.0,M2,153.0,1,temporary,"One-bedroom, in historic building, with elevator, near metro M2."
ML-2025-12828,17/06/2025,tortona,€ 1128,96,4,3,1,2,False,unfurnished,central,D,1921.0,M5,,1,4+4,"Three-bedroom, in historic building, near metro M5."
ML-2025-95518,2025-01-14,sempione,948,54,3,2,1,5,True,unfurn.,autonomous,,1900.0,M2,170.0,1,4+4,"Two-bedroom, in historic building, with elevator, near metro M2."
ML-2025-35691,16/07/2025,Zone Porta Romana,€ 1568,110,4,3,1,first,True,furnished,central,G,1972.0,M1,290.0,1,3+2,"Three-bedroom, with elevator, near metro M1."
ML-2025-75905,2025-09-11,lambrate,380,63,2,2,1,5th,True,partly furn.,autonomous,D,1921.0,M5,204.0,2,4+4,"Two-bedroom, in historic building, with elevator, near metro M5."
ML-2025-63315,10/10/2024,Quarto Oggiaro,380,56,3,3,2,first,True,partly furnished,autonomous,E,1966.0,M3,132.0,2,temporary,"Three-bedroom, with elevator, near metro M3."
ML-2025-40265,2024-03-04,Nolo,380,66,3,3,1,1,False,partly furnished,auto.,G,1930.0,M3,151.0,2,4+4,"Three-bedroom, near metro M3."
ML-2025-61574,13/05/2025,bocconi,1366,91,3,2,1,2,True,unfurnished,heat pump,G,1973.0,M1,228.0,2,temporary,"Two-bedroom, with elevator, near metro M1."
ML-2025-27285,2025-07-11,centro storico,€ 1733,65,3,3,1,6th,True,furnished,autonomous,G,1921.0,M2,242.0,2,4+4,"Three-bedroom, in historic building, with elevator, near metro M2."
ML-2025-25228,2024-10-08,Baggio,380,59,3,3,2,6,False,partly furnished,centr.,,1989.0,,189.0,1,3+2,Three-bedroom.
ML-2025-72920,2025-01-10,Navigli,€ 779,65,2,2,1,2,True,partly furnished,central,G,1918.0,M1,155.0,1,3+2,"Two-bedroom, in historic building, with elevator, near metro M1."
ML-2025-77682,19/06/2025,quarto oggiaro,€ 380,45 sqm,2,1,2,0,True,partly furnished,autonomous,,1935.0,,,1,3+2,"One-bedroom, with elevator."
ML-2025-72434,2025-10-22,Zone Nolo,€ 380,80,3,2,1,2,False,partly furnished,autonomous,E,1947.0,M3,179.0,1,3+2,"Two-bedroom, near metro M3."
ML-2025-69967,2024-01-22,centro storico,1044,37,1,1,2,2,False,partly furnished,central,B,1902.0,M2,185.0,1,3+2,"One-bedroom, in historic building, near metro M2."
ML-2025-88398,23/01/2025,centro storico,€ 1648,60,2,2,1,3,True,empty,central,D,2012.0,M5,214.0,1,3+2,"Two-bedroom, with elevator, near metro M5."
ML-2025-30374,2024-02-27,Bocconi,€ 1618,91 sqm,4,3,2,4,False,furnished,autonomous,E,1962.0,M5,305.0,2,temporary,"Three-bedroom, near metro M5."
ML-2025-01314,2024-04-11,Tortona,€ 581,78,3,3,1,7,False,empty,heat pump,,1925.0,M5,204.0,1,4+4,"Three-bedroom, in historic building, near metro M5."
ML-2025-27698,2025-02-25,centro storico,€ 2308,86,3,3,1,0,False,unfurnished,central,D,1925.0,M2,283.0,2,4+4,"Three-bedroom, in historic building, near metro M2."
ML-2025-62961,2024-05-12,sempione,€ 650,68 sqm,3,3,1,4,True,partly furnished,central,B,1978.0,M2,241.0,2,3+2,"Three-bedroom, with elevator, near metro M2."
ML-2025-59735,2025-04-23,de angeli,380,105,4,3,1,1,False,unfurnished,autonomous,F,1986.0,M2,249.0,1,3+2,"Three-bedroom, near metro M2."
ML-2025-28175,2024-10-27,porta garibaldi,1670,97 sqm,4,4,2,4,False,unfurnished,auto.,,1919.0,M1,262.0,1,student,"Four-bedroom, in historic building, near metro M1."
ML-2025-77852,22/05/2025,porta garibaldi,1822,82,4,3,2,5,False,partly furn.,autonomous,D,1926.0,M5,237.0,2,student,"Three-bedroom, in historic building, near metro M5."
ML-2025-97460,11/12/2025,Centro Storico,3081,97,4,3,1,4,False,unfurnished,heatpump,F,1943.0,M5,254.0,2,temporary,"Three-bedroom, near metro M5."
ML-2025-12301,11/02/2025,bicocca,€ 380,91,4,4,2,4,False,furnished,autonomous,D,1962.0,,189.0,2,3+2,Four-bedroom.
ML-2025-02483,2024-03-17,magenta,992,60 sqm,3,2,2,1,False,empty,central,,1961.0,M3,,3,temporary,"Two-bedroom, near metro M3."
ML-2025-69464,2024-10-27,de angeli,656,44,1,1,1,7,True,furnished,autonomous,D,2022.0,M5,134.0,1,4+4,"One-bedroom, with elevator, near metro M5."
ML-2025-48744,04/02/2024,navigli,729,81,3,3,1,3,True,furnished,autonomous,,1970.0,M3,218.0,2,4+4,"Three-bedroom, with elevator, near metro M3."
ML-2025-66947,07/05/2025,tortona,€1241,85,5,4,3,3,False,unfurnished,autonomous,,1901.0,M1,223.0,2,temporary,"Four-bedroom, in historic building, near metro M1."
ML-2025-71080,2024-08-12,porta romana,€1586,103,4,4,1,5,True,partly furnished,central,B,1942.0,M1,271.0,3,temporary,"Four-bedroom, with elevator, near metro M1."
ML-2025-04012,22/11/2025,Zone Quadrilatero,€2808,50,2,2,1,2,False,furnished,autonomous,g,1968.0,M2,214.0,1,4+4,"Two-bedroom, near metro M2."
ML-2025-75125,07/03/2025,bicocca,€380,51,2,1,1,7th,False,furnished,central,G,2020.0,M5,145.0,2,temporary,"One-bedroom, near metro M5."
ML-2025-17500,13/04/2025,porta garibaldi,1881,82 sqm,4,3,2,ground floor,True,unfurnished,central,G,1977.0,M1,218.0,2,temporary,"Three-bedroom, with elevator, near metro M1."
ML-2025-63307,2025-01-07,porta garibaldi,€ 1747,68,3,3,1,1,True,empty,heat pump,G,1924.0,M2,227.0,1,4+4,"Three-bedroom, in historic building, with elevator, near metro M2."
ML-2025-98539,20/05/2025,Corvetto,380,36 sqm,1,1,1,7th,False,furnished,central,,1919.0,M3,156.0,2,4+4,"One-bedroom, in historic building, near metro M3."
ML-2025-47212,2025-03-07,Corvetto,380,80,3,2,1,3,False,furnished,central,,1951.0,M3,190.0,1,temporary,"Two-bedroom, near metro M3."
ML-2025-34959,2025-04-03,Zone De Angeli,€401,37 sqm,3,3,1,7,True,empty,central,B,1987.0,M5,127.0,2,4+4,"Three-bedroom, with elevator, near metro M5."
ML-2025-90942,2024-03-13,quadrilatero,2165,50 sqm,2,1,1,3th,False,partly furn.,autonomous,C,1908.0,M3,,3,4+4,"One-bedroom, in historic building, near metro M3."
ML-2025-41717,01/12/2024,nolo,413,112,4,3,1,7th,True,furnished,autonomous,E,1913.0,M2,,2,3+2,"Three-bedroom, in historic building, with elevator, near metro M2."
ML-2025-57675,08/07/2024,de angeli,€ 729,133,5,4,2,1,False,unfurnished,central,G,1942.0,M5,324.0,1,temporary,"Four-bedroom, near metro M5."
ML-2025-20060,2025-07-27,Navigli,457,46,1,1,1,5,True,partly furnished,autonomous,,1915.0,M3,196.0,1,temporary,"One-bedroom, in historic building, with elevator, near metro M3."
ML-2025-52120,2024-06-23,brera,€1908,62,3,2,2,4,False,furnished,autonomous,,1918.0,M3,218.0,1,3+2,"Two-bedroom, in historic building, near metro M3."
ML-2025-07375,17/08/2025,lambrate,€ 380,71,2,2,2,5,True,partly furn.,central,G,,M1,241.0,2,temporary,"Two-bedroom, with elevator, near metro M1."
ML-2025-85710,13/05/2024,porta garibaldi,€ 2920,131,5,5,3,2,True,furnished,central,A3,1988.0,M2,310.0,1,3+2,"Five-bedroom, with elevator, near metro M2."
ML-2025-60977,2025-02-22,tortona,1002,59,2,2,2,6,True,furnished,autonomous,A,,M1,,2,3+2,"Two-bedroom, with elevator, near metro M1."
ML-2025-44319,02/04/2025,corvetto,€ 380,59,2,2,1,first,True,furnished,central,D,2004.0,M5,202.0,2,4+4,"Two-bedroom, with elevator, near metro M5."
ML-2025-74856,2024-04-12,città studi,605,120,5,4,1,3th,False,furnished,autonomous,,1998.0,M1,309.0,1,4+4,"Four-bedroom, near metro M1."
ML-2025-60788,2024-04-12,Zone Isola,570,61,2,1,1,2th,False,partly, autonomous,E,2000.0,M2,205.0,1,4+4,"One-bedroom, near metro M2."
ML-2025-41919,2025-02-01,navigli,1007,90,3,2,1,6,True,unfurnished,heat pump,E,1947.0,M5,247.0,1,4+4,"Two-bedroom, with elevator, near metro M5."
ML-2025-32901,2025-11-03,Isola,640,42,1,1,1,2,True,partly furnished,autonomous,F,1916.0,M3,168.0,2,4+4,"One-bedroom, in historic building, with elevator, near metro M3."
ML-2025-06796,12/06/2025,brera,€ 2334,66,2,1,1,first,False,partly furnished,central,C,1961.0,M3,245.0,2,4+4,"One-bedroom, near metro M3."
ML-2025-21217,2024-06-04,bicocca,380,39,1,1,1,6,True,furnished,heat pump,F,,M3,112.0,2,4+4,"One-bedroom, in historic building, with elevator, near metro M3."
ML-2025-40231,2025-11-27,de angeli,380,48 sqm,2,1,1,3,True,partly furnished,autonomous,,1923.0,M1,161.0,1,3+2,"One-bedroom, in historic building, with elevator, near metro M1."
ML-2025-46033,2024-11-04,porta romana,€ 1340,94,4,3,2,5,True,partly furnished,autonomous,E,1928.0,M2,295.0,2,4+4,"Three-bedroom, in historic building, with elevator, near metro M2."
ML-2025-99436,01/03/2025,porta romana,1077,69,3,2,1,4,False,furnished,heat pump,A2,1933.0,M3,231.0,1,4+4,"Two-bedroom, near metro M3."
ML-2025-33603,2025-12-22,de angeli,492,63 sqm,3,3,1,3,False,partly furnished,central,G,1907.0,M5,214.0,1,temporary,"Three-bedroom, in historic building, near metro M5."
ML-2025-48106,11/06/2024,Centro Storico,1513,54,2,1,1,3,True,partly furnished,heat pump,,1994.0,M2,178.0,2,temporary,"One-bedroom, with elevator, near metro M2."
ML-2025-03774,2025-06-12,Zone Porta Garibaldi,€1353,65,3,3,2,first,False,unfurnished,central,,1918.0,M1,201.0,1,3+2,"Three-bedroom, in historic building, near metro M1."
ML-2025-09100,2024-12-08,isola,€ 380,78,3,3,1,3,False,furnished,central,F,2021.0,M1,230.0,2,4+4,"Three-bedroom, near metro M1."
ML-2025-48669,2024-12-01,bocconi,1517,99,4,3,2,2,False,furnished,autonomous,E,1913.0,M2,257.0,2,3+2,"Three-bedroom, in historic building, near metro M2."
ML-2025-34805,2025-12-20,Quadrilatero,€ 1710,28,2,2,2,1,False,partly furnished,autonomous,G,1947.0,M2,140.0,2,3+2,"Two-bedroom, near metro M2."
ML-2025-65623,2024-03-14,Zone Bocconi,1032,52,1,1,2,1,False,unfurnished,autonomous,G,2021.0,M1,206.0,1,4+4,"One-bedroom, near metro M1."
ML-2025-84364,2025-01-11,navigli,€ 919,74,3,3,2,3,True,partly furn., autonomous,C,1999.0,M2,247.0,1,4+4,"Three-bedroom, with elevator, near metro M2."
ML-2025-05201,06/04/2025,città studi,€380,68,3,3,1,1,False,partly furnished,central,,1974.0,M2,195.0,2,4+4,"Three-bedroom, near metro M2."
ML-2025-16543,04/04/2025,centro storico,2005,81,3,2,1,3,True,furnished,heat pump,D,1995.0,M3,269.0,1,4+4,"Two-bedroom, with elevator, near metro M3."
ML-2025-56731,20/08/2024,Isola,757,77,3,2,2,1,False,partly furnished,hp,F,1990.0,M2,271.0,2,4+4,"Two-bedroom, near metro M2."
ML-2025-09949,2024-02-02,Porta Garibaldi,1310,63,3,2,1,2,True,unfurnished,heat pump,,1984.0,M2,247.0,2,4+4,"Two-bedroom, with elevator, near metro M2."
ML-2025-31003,2025-03-26,Porta Venezia,1046,58,2,1,1,3,True,unfurnished,autonomous,E,,M2,199.0,1,4+4,"One-bedroom, with elevator, near metro M2."
ML-2025-70741,15/10/2025,Quadrilatero,€3901,64,3,2,1,4,True,furnished,autonomous,G,1951.0,M3,197.0,1,3+2,"Two-bedroom, with elevator, near metro M3."
ML-2025-04079,2025-08-05,Zone Quadrilatero,€ 4500,105 sqm,5,4,2,1,True,furnished,autonomous,,1992.0,M2,292.0,1,3+2,"Four-bedroom, with elevator, near metro M2."
ML-2025-61808,24/10/2025,magenta,906,54,3,3,1,6,True,furnished,central,,1974.0,M5,255.0,1,student,"Three-bedroom, with elevator, near metro M5."
ML-2025-09689,08/11/2025,brera,2768,68,3,2,1,ground floor,True,furnished,heat pump,C,1997.0,M2,260.0,3,4+4,"Two-bedroom, with elevator, near metro M2."
ML-2025-75910,2025-12-09,Baggio,380,75,3,3,1,7,True,furnished,central,G,1969.0,M3,181.0,2,temporary,"Three-bedroom, with elevator, near metro M3."
ML-2025-71631,2025-12-20,Navigli,€ 1128,121,4,4,1,2,True,furn.,central,G,1901.0,M2,330.0,2,4+4,"Four-bedroom, in historic building, with elevator, near metro M2."
ML-2025-05292,2025-09-04,lambrate,€ 380,63 sqm,3,2,1,3,False,unfurnished,autonomous,E,1911.0,M3,,1,temporary,"Two-bedroom, in historic building, near metro M3."
ML-2025-53913,2025-07-18,corvetto,380,98,3,3,1,7,True,partly furnished,autonomous,c,,M3,182.0,1,3+2,"Three-bedroom, with elevator, near metro M3."
ML-2025-47164,2024-08-08,Zone Brera,3922,108,4,3,2,5,True,furnished,autonomous,E,,M1,313.0,2,3+2,"Three-bedroom, with elevator, near metro M1."
ML-2025-95588,23/09/2025,Città Studi,380,68 sqm,3,2,1,ground floor,True,furnished,central,,1966.0,M2,205.0,3,3+2,"Two-bedroom, with elevator, near metro M2."
ML-2025-03970,2025-11-13,de angeli,€ 583,65,2,2,1,4,True,unfurnished,autonomous,,1904.0,M1,172.0,2,3+2,"Two-bedroom, in historic building, with elevator, near metro M1."
ML-2025-68158,2025-08-18,Città Studi,380,62,3,3,2,4,True,unfurnished,central,,1992.0,M2,196.0,1,temporary,"Three-bedroom, with elevator, near metro M2."
ML-2025-54395,2024-07-13,isola,€380,64,4,3,1,2,False,unfurnished,autonomous,G,2010.0,M5,,3,4+4,"Three-bedroom, near metro M5."
ML-2025-96256,2024-06-06,isola,669,94,4,3,1,4,True,partly furnished,central,g,1916.0,M2,,1,4+4,"Three-bedroom, in historic building, with elevator, near metro M2."
ML-2025-73462,09/10/2025,Centro Storico,€ 2363,76,3,3,2,7,True,furnished,central,D,1936.0,M3,239.0,2,temporary,"Three-bedroom, with elevator, near metro M3."
ML-2025-28512,2025-05-23,porta garibaldi,€ 1751,76,3,2,2,4,True,unfurnished,autonomous,E,1987.0,M2,220.0,2,3+2,"Two-bedroom, with elevator, near metro M2."
ML-2025-10890,2025-05-14,lorenteggio,€380,47,2,1,1,1,False,partly furn.,central,D,1925.0,,164.0,2,4+4,"One-bedroom, in historic building."
ML-2025-58248,05/08/2025,corvetto,€380,50 sqm,3,2,1,4,True,unfurnished,central,D,,M3,150.0,3,student,"Two-bedroom, with elevator, near metro M3."
ML-2025-84921,02/08/2024,Zone Centro Storico,€2725,148,6,6,2,7,True,unfurnished,heat pump,c,1982.0,M1,307.0,2,student,"Six-bedroom, with elevator, near metro M1."
ML-2025-55863,2024-05-03,Bocconi,€ 1159,66,3,2,2,0,False,partly furnished,autonomous,C,,M1,197.0,1,4+4,"Two-bedroom, in historic building, near metro M1."
ML-2025-58048,2025-01-23,porta romana,696,53 sqm,1,1,1,3,True,furnished,centr.,F,1903.0,M1,168.0,2,3+2,"One-bedroom, in historic building, with elevator, near metro M1."
ML-2025-52361,26/09/2025,Zone Greco,380,116,4,4,2,0,True,furnished,autonomous ,,1986.0,M1,220.0,2,4+4,"Four-bedroom, with elevator, near metro M1."
ML-2025-37155,2025-02-14,centro storico,€ 2112,77,2,1,2,ground floor,False,furnished,autonomous,C,,M5,273.0,1,4+4,"One-bedroom, near metro M5."
ML-2025-89740,2024-02-16,baggio,€380,86,4,3,1,4,False,partly furnished,autonomous,,1908.0,M1,218.0,3,student,"Three-bedroom, in historic building, near metro M1."
ML-2025-16668,2025-02-15,de angeli,647,67,2,1,2,5,True,partly furnished,central,,2016.0,M1,172.0,2,4+4,"One-bedroom, with elevator, near metro M1."
ML-2025-52770,2025-09-09,brera,€ 2244,63,3,2,1,7,True,furnished,autonomous,G,1986.0,M1,,1,4+4,"Two-bedroom, with elevator, near metro M1."
ML-2025-86947,2025-10-21,centro storico,€ 1995,66 sqm,3,2,1,1,False,unfurnished,central,F,1940.0,M1,224.0,1,temporary,"Two-bedroom, near metro M1."
ML-2025-26364,07/07/2025,de angeli,€566,43,2,1,2,3,False,unfurnished,autonomous,D,1918.0,M2,127.0,1,4+4,"One-bedroom, in historic building, near metro M2."
ML-2025-42238,20/02/2025,quadrilatero,€ 3024,68,2,1,1,3,False,furnished,autonomous,,2008.0,M1,224.0,1,student,"One-bedroom, near metro M1."
ML-2025-70196,03/01/2025,Porta Garibaldi,1813,78,3,3,1,3,True,partly furnished,central,F,1928.0,M1,233.0,2,4+4,"Three-bedroom, in historic building, with elevator, near metro M1."
ML-2025-12774,16/07/2024,Greco,380,134,5,5,2,7,True,furnished,autonomous,,1946.0,M1,287.0,2,4+4,"Five-bedroom, with elevator, near metro M1."
ML-2025-26485,2024-11-16,Zone Tortona,€ 710,72,2,2,1,7,True,partly furnished,autonomous,C,1915.0,M3,,1,student,"Two-bedroom, in historic building, with elevator, near metro M3."
ML-2025-72419,2025-09-04,Navigli,€520,31,2,1,2,1,False,partly furnished,autonomous,g,2022.0,M2,136.0,2,4+4,"One-bedroom, near metro M2."
ML-2025-08336,24/07/2025,isola,€ 457,68,3,3,2,6,True,furnished,autonomous,B,1992.0,M3,209.0,1,3+2,"Three-bedroom, with elevator, near metro M3."
ML-2025-37560,06/07/2025,centro storico,1929,183,7,6,2,5,True,unfurnished, autonomous,D,1995.0,M1,434.0,3,4+4,"Six-bedroom, with elevator, near metro M1."
ML-2025-58863,19/09/2025,Zone Corvetto,€380,95 sqm,4,3,2,6,True,unfurnished,central,D,1996.0,M2,173.0,2,temporary,"Three-bedroom, with elevator, near metro M2."
ML-2025-85045,2024-03-13,magenta,€1074,53,2,2,1,first,True,furnished,central,G,1949.0,M5,,1,4+4,"Two-bedroom, with elevator, near metro M5."
ML-2025-13748,2025-02-21,quadrilatero,4500,86 sqm,4,3,1,4,False,furnished,autonomous,E,1947.0,M1,228.0,1,temporary,"Three-bedroom, near metro M1."
ML-2025-53429,12/05/2024,porta romana,€ 814,54 sqm,2,1,1,1,True,partly furnished,autonomous,G,1914.0,M2,228.0,3,student,"One-bedroom, in historic building, with elevator, near metro M2."
ML-2025-71421,2025-02-17,corvetto,€ 380,44 sqm,3,3,1,7,True,unfurnished,central,G,1926.0,M2,,1,4+4,"Three-bedroom, in historic building, with elevator, near metro M2."
ML-2025-39694,20/04/2025,brera,2035,62,2,2,1,1,False,unfurnished,autonomous,G,2005.0,M1,237.0,2,4+4,"Two-bedroom, near metro M1."
ML-2025-43819,2025-11-01,de angeli,765,72,4,4,1,4,True,furnished,autonomous,C,1972.0,M2,183.0,1,3+2,"Four-bedroom, with elevator, near metro M2."
ML-2025-45985,06/06/2025,bocconi,€ 509,36 sqm,1,1,2,first,False,unfurnished,autonomous,D,2004.0,M2,,1,student,"One-bedroom, near metro M2."
ML-2025-86619,2025-06-13,Zone Lambrate,€ 380,47,2,2,1,3,False,unfurnished,central,G,1940.0,M2,167.0,2,4+4,"Two-bedroom, near metro M2."
ML-2025-61510,10/09/2025,Zone Corvetto,380,70,3,2,1,3,True,furnished,central,G,2004.0,M2,128.0,1,student,"Two-bedroom, with elevator, near metro M2."
ML-2025-40473,2025-04-01,de angeli,€ 570,61,3,3,1,6,True,furnished,autonomous,,1988.0,M2,191.0,2,temporary,"Three-bedroom, with elevator, near metro M2."
ML-2025-00966,18/09/2024,baggio,380,80,3,3,1,ground floor,True,furnished,autonomous,G,1928.0,M2,204.0,3,3+2,"Three-bedroom, in historic building, with elevator, near metro M2."
ML-2025-39619,2025-07-03,quadrilatero,€ 2225,46,2,2,1,3th,False,unfurnished,central,,1919.0,M3,162.0,2,4+4,"Two-bedroom, in historic building, near metro M3."
ML-2025-81615,2025-07-21,bicocca,€380,90,4,4,2,2,False,furnished,autonomous,E,1976.0,M3,224.0,2,3+2,"Four-bedroom, near metro M3."
ML-2025-42886,2025-05-05,Tortona,€ 579,46,2,1,1,7,True,partly furnished,autonomous,E,2000.0,M2,172.0,2,3+2,"One-bedroom, with elevator, near metro M2."
ML-2025-39343,17/12/2025,Zone Tortona,€ 1633,124,5,5,3,2,False,furnished,central,E,,M1,321.0,2,3+2,"Five-bedroom, near metro M1."
ML-2025-71372,2025-12-25,affori,380,38,1,1,1,7,False,partly furnished,autonomous,C,1944.0,M3,111.0,1,4+4,"One-bedroom, near metro M3."
ML-2025-97140,10/02/2025,corvetto,380,48,2,1,1,7,False,furnished, autonomous,D,1914.0,M1,159.0,1,3+2,"One-bedroom, in historic building, near metro M1."
ML-2025-15518,2025-03-06,bocconi,€ 1179,81,4,3,1,4,True,unfurnished,central,B,2007.0,M5,240.0,2,temporary,"Three-bedroom, with elevator, near metro M5."
ML-2025-94410,07/09/2025,Porta Garibaldi,€ 4027,125,5,4,2,1,True,empty,central,B,2014.0,M3,231.0,1,4+4,"Four-bedroom, with elevator, near metro M3."
ML-2025-34130,2024-07-13,isola,380,78,3,2,1,1,False,unfurnished, autonomous,D,,M1,213.0,2,3+2,"Two-bedroom, in historic building, near metro M1."
ML-2025-58661,08/10/2025,Navigli,€673,85 sqm,4,3,2,ground floor,False,partly furn.,autonomous,,2004.0,M3,239.0,2,4+4,"Three-bedroom, near metro M3."
ML-2025-26788,2025-04-24,navigli,727,70 sqm,3,2,2,6th,False,furnished,autonomous,,1955.0,M1,156.0,2,4+4,"Two-bedroom, near metro M1."
ML-2025-02156,23/08/2024,navigli,€ 470,49 sqm,3,2,1,1,False,furnished,autonomous,,2017.0,M1,200.0,2,4+4,"Two-bedroom, near metro M1."
ML-2025-38796,19/02/2025,brera,2226,59 sqm,2,2,1,2,True,furnished,autonomous,F,2022.0,M5,215.0,2,4+4,"Two-bedroom, with elevator, near metro M5."
ML-2025-88273,2024-12-10,Brera,€1297,46 sqm,2,1,1,5,False,unfurnished,autonomous,E,1939.0,M3,196.0,1,3+2,"One-bedroom, near metro M3."
ML-2025-91165,04/09/2025,bicocca,€ 380,45 sqm,2,1,1,4,True,partly furnished,autonomous,E,1933.0,,159.0,1,temporary,"One-bedroom, with elevator."
ML-2025-37642,2024-08-07,Zone Isola,786,81,3,2,1,6,True,furnished,autonomous,,1918.0,M3,216.0,2,4+4,"Two-bedroom, in historic building, with elevator, near metro M3."
ML-2025-63132,13/02/2025,Zone Quarto Oggiaro,€ 380,47,1,1,1,0,True,partly furnished,autonomous,B,1937.0,M1,123.0,1,4+4,"One-bedroom, with elevator, near metro M1."
ML-2025-77134,2025-11-23,Zone Città Studi,€ 380,78,3,2,2,1,True,furnished,central,F,1906.0,M3,239.0,2,temporary,"Two-bedroom, in historic building, with elevator, near metro M3."
ML-2025-50327,21/04/2025,Zone Centro Storico,€1118,44,2,2,1,6,True,partly furn.,central,g,2007.0,M5,195.0,2,4+4,"Two-bedroom, with elevator, near metro M5."
ML-2025-81191,2024-02-27,quadrilatero,€3492,78,3,2,1,2,False,furnished,heat pump,D,1905.0,M3,199.0,1,student,"Two-bedroom, in historic building, near metro M3."
ML-2025-12901,2025-06-12,porta venezia,886,59,2,2,1,1,False,partly furnished,central,G,2009.0,M2,,1,3+2,"Two-bedroom, near metro M2."
ML-2025-93308,15/12/2025,corvetto,€ 380,115,4,3,1,7th,True,unfurnished,central,D,1926.0,M2,257.0,1,student,"Three-bedroom, in historic building, with elevator, near metro M2."
ML-2025-57626,2024-06-06,porta venezia,€ 1404,78,3,2,1,0,True,partly furnished,autonomous,E,1965.0,M5,258.0,1,3+2,"Two-bedroom, with elevator, near metro M5."
ML-2025-15615,19/01/2024,Zone Porta Garibaldi,€ 1894,108,4,4,1,3,True,unfurnished,central,g,,M2,267.0,2,student,"Four-bedroom, with elevator, near metro M2."
ML-2025-79872,18/11/2025,Baggio,380,54,2,2,1,5th,True,furnished,autonomous,F,1997.0,M5,126.0,3,3+2,"Two-bedroom, with elevator, near metro M5."
ML-2025-92904,2025-08-02,Corvetto,380,71,4,4,1,1,True,partly furnished,central,F,2006.0,M2,165.0,1,4+4,"Four-bedroom, with elevator, near metro M2."
ML-2025-36094,2024-08-12,Zone Porta Venezia,951,50 sqm,3,2,1,first,False,unfurnished,heat pump,F,,M1,230.0,2,temporary,"Two-bedroom, in historic building, near metro M1."
ML-2025-46587,2024-07-26,Centro Storico,1677,61,2,1,1,0,False,furnished,autonomous,,1989.0,M1,226.0,2,4+4,"One-bedroom, near metro M1."
ML-2025-90286,14/01/2025,Quadrilatero,3295,64,2,1,1,0,True,unfurnished,heat pump,,1961.0,M2,259.0,1,3+2,"One-bedroom, with elevator, near metro M2."
ML-2025-53908,12/09/2025,Centro Storico,1707,54,2,2,2,4,False,partly furnished,central,,2015.0,M1,247.0,1,4+4,"Two-bedroom, near metro M1."
ML-2025-35147,04/02/2024,Zone Quadrilatero,€2742,46,2,1,1,first,False,unfurnished,central,,2018.0,M2,,1,temporary,"One-bedroom, near metro M2."
ML-2025-64138,2024-03-22,Tortona,862,43,1,1,1,5th,True,furnished,autonomous,C,1979.0,M5,145.0,2,temporary,"One-bedroom, with elevator, near metro M5."
ML-2025-16046,2024-08-25,Greco,€ 380,31,1,1,1,3,True,partly,autonomous,,1975.0,M1,121.0,2,temporary,"One-bedroom, with elevator, near metro M1."
ML-2025-34111,25/07/2025,porta garibaldi,965,48 sqm,2,2,1,2th,True,furnished,central,C,,M3,201.0,2,4+4,"Two-bedroom, with elevator, near metro M3."
ML-2025-82771,25/03/2025,Città Studi,€ 500,87 sqm,4,3,1,6th,True,furn.,autonomous,G,1933.0,M2,196.0,2,student,"Three-bedroom, with elevator, near metro M2."
ML-2025-09367,2025-01-26,Porta Venezia,776,40,1,1,1,first,False,furnished,autonomous,D,,M3,190.0,2,temporary,"One-bedroom, near metro M3."
ML-2025-56558,2025-03-09,lambrate,€380,43,2,2,1,3th,True,furnished,auto.,E,1944.0,M2,,1,4+4,"Two-bedroom, with elevator, near metro M2."
ML-2025-68131,2025-01-21,città studi,674,131,5,5,2,1,True,unfurnished,autonomous,F,1969.0,M5,269.0,1,4+4,"Five-bedroom, with elevator, near metro M5."
ML-2025-51679,08/12/2025,Zone De Angeli,560,56,2,2,1,1,True,furnished,central,,1900.0,M2,153.0,2,4+4,"Two-bedroom, in historic building, with elevator, near metro M2."
ML-2025-38981,2025-01-10,baggio,380,78,3,3,1,1,True,furnished,central,E,1917.0,,197.0,2,4+4,"Three-bedroom, in historic building, with elevator."
ML-2025-92568,2025-09-05,Magenta,1945,88 sqm,4,4,1,2,False,furnished,central,D,,M1,300.0,2,3+2,"Four-bedroom, near metro M1."
ML-2025-80851,02/05/2025,brera,€3687,88,3,2,2,3,True,partly furnished,central,E,1954.0,M2,,1,4+4,"Two-bedroom, with elevator, near metro M2."
ML-2025-82477,2025-04-16,Porta Venezia,692,41 sqm,2,1,1,3,False,unfurnished,central,F,1928.0,M1,188.0,1,4+4,"One-bedroom, in historic building, near metro M1."
ML-2025-09724,2025-01-03,isola,408,65,2,2,1,first,True,unfurnished,heat pump,E,1988.0,M2,187.0,2,3+2,"Two-bedroom, with elevator, near metro M2."
ML-2025-99272,06/01/2024,baggio,380,40,2,1,1,0,True,unfurnished,autonomous,E,2014.0,M2,135.0,2,4+4,"One-bedroom, with elevator, near metro M2."
ML-2025-50547,06/12/2025,Zone Navigli,1670,165,7,6,2,ground floor,True,furn.,centr.,E,1950.0,M3,341.0,2,temporary,"Six-bedroom, with elevator, near metro M3."
ML-2025-69165,17/10/2024,bicocca,€380,40,1,1,1,5,False,partly furnished,central,D,1994.0,M2,,1,4+4,"One-bedroom, near metro M2."
ML-2025-37765,14/04/2024,Zone Tortona,504,49 sqm,2,2,1,7,True,furnished,central,D,1936.0,M3,235.0,1,3+2,"Two-bedroom, with elevator, near metro M3."
ML-2025-57960,26/07/2025,Quadrilatero,€2223,49,2,2,1,0,False,furnished,central,,1905.0,M1,205.0,2,student,"Two-bedroom, in historic building, near metro M1."
ML-2025-71026,2025-11-18,magenta,€ 985,41,1,1,1,0,True,furnished,autonomous,G,1907.0,M3,,2,4+4,"One-bedroom, in historic building, with elevator, near metro M3."
ML-2025-53883,2024-04-05,Città Studi,€ 820,112,5,4,2,6,True,furnished, autonomous,G,2004.0,M5,285.0,1,4+4,"Four-bedroom, with elevator, near metro M5."
ML-2025-57059,2025-12-07,Bocconi,€2028,163 sqm,7,7,2,first,False,furnished,central,A2,1966.0,M2,382.0,1,student,"Seven-bedroom, near metro M2."
ML-2025-35599,07/07/2025,Zone Isola,€ 456,59,2,1,1,5,True,unfurnished,central,,,M1,,2,4+4,"One-bedroom, with elevator, near metro M1."
ML-2025-99214,13/06/2024,porta venezia,861,44,2,1,2,first,True,furnished,auto.,G,1932.0,M3,180.0,2,temporary,"One-bedroom, with elevator, near metro M3."
ML-2025-18093,03/11/2025,sempione,516,32,1,1,1,6,True,furnished,autonomous,D,1932.0,M1,139.0,1,student,"One-bedroom, with elevator, near metro M1."
ML-2025-37393,2024-06-12,quadrilatero,3431,64 sqm,2,1,1,4,False,unfurnished,autonomous,E,1953.0,M2,202.0,3,4+4,"One-bedroom, near metro M2."
ML-2025-82512,2025-01-09,baggio,380,63,3,2,2,first,True,unfurnished,autonomous,F,1974.0,,159.0,1,temporary,"Two-bedroom, with elevator."
ML-2025-47526,2024-02-03,quadrilatero,3111,56,2,1,1,ground floor,True,partly furnished,autonomous,E,1983.0,M2,203.0,1,3+2,"One-bedroom, with elevator, near metro M2."
ML-2025-00664,2025-09-24,Brera,€ 1923,76,4,3,2,4,True,furnished,autonomous,E,1930.0,M5,225.0,1,student,"Three-bedroom, with elevator, near metro M5."
ML-2025-10138,2025-08-10,porta garibaldi,1923,80,3,2,2,6,True,partly furnished,autonomous,g,2015.0,M1,264.0,1,3+2,"Two-bedroom, with elevator, near metro M1."
ML-2025-88784,2025-11-01,porta garibaldi,€ 1864,78 sqm,3,3,1,6,True,unfurnished,autonomous,F,2015.0,M2,254.0,2,temporary,"Three-bedroom, with elevator, near metro M2."
ML-2025-99159,20/03/2025,Porta Garibaldi,€ 1357,63,3,3,1,4th,True,unfurnished,central,F,1998.0,M1,240.0,1,4+4,"Three-bedroom, with elevator, near metro M1."
ML-2025-26248,2024-07-18,Zone Isola,€ 389,48,1,1,1,4,True,furnished,autonomous,,1934.0,M1,157.0,1,3+2,"One-bedroom, with elevator, near metro M1."
ML-2025-21053,10/05/2025,Lorenteggio,380,88,4,4,2,5,True,unfurnished,central,D,,M3,182.0,1,temporary,"Four-bedroom, in historic building, with elevator, near metro M3."
ML-2025-23940,2025-12-11,Zone Porta Garibaldi,1233,70,3,2,2,1,False,furnished,autonomous,G,1938.0,M3,221.0,1,student,"Two-bedroom, near metro M3."
ML-2025-91480,06/10/2025,porta garibaldi,€ 2594,96,4,4,1,2,False,unfurnished,autonomous,G,1948.0,M5,268.0,1,4+4,"Four-bedroom, near metro M5."
ML-2025-00707,09/03/2025,isola,645,92,4,3,2,ground floor,False,unfurnished,autonomous,G,1957.0,M1,245.0,1,4+4,"Three-bedroom, near metro M1."
ML-2025-09712,2025-09-05,Zone Centro Storico,1330,43,1,1,1,6,True,furnished,autonomous,,1911.0,M1,201.0,1,student,"One-bedroom, in historic building, with elevator, near metro M1."
ML-2025-36000,2025-09-05,Nolo,380,42,2,2,1,4,False,furnished,autonomous,G,1920.0,M2,199.0,2,3+2,"Two-bedroom, in historic building, near metro M2."
ML-2025-97872,11/05/2025,porta venezia,981,54,2,1,1,6,True,partly furnished, autonomous,A1,1982.0,M2,194.0,1,4+4,"One-bedroom, with elevator, near metro M2."
ML-2025-08881,23/06/2024,Città Studi,380,48,2,2,1,3,False,unfurnished,autonomous,,2001.0,M3,193.0,1,4+4,"Two-bedroom, near metro M3."
ML-2025-33261,05/03/2025,Centro Storico,€2105,91,4,3,2,7,True,unfurnished,centr.,,1976.0,M3,277.0,2,student,"Three-bedroom, with elevator, near metro M3."
ML-2025-18454,2025-05-23,corvetto,380,79,3,2,1,7th,True,partly furnished,autonomous,,,M5,203.0,1,student,"Two-bedroom, with elevator, near metro M5."
ML-2025-32853,23/02/2025,porta garibaldi,€ 2524,103,5,4,2,4,True,furnished,autonomous,,2020.0,M1,288.0,1,4+4,"Four-bedroom, with elevator, near metro M1."
ML-2025-68830,02/08/2025,affori,380,80 sqm,3,2,1,6,True,unfurnished,central,F,2009.0,,165.0,1,temporary,"Two-bedroom, with elevator."
ML-2025-19981,2024-07-08,Porta Garibaldi,1141,75 sqm,3,2,1,3,False,partly furnished,autonomous,,1944.0,M5,202.0,1,4+4,"Two-bedroom, near metro M5."
ML-2025-41533,16/08/2025,centro storico,€2577,107,5,4,2,1,False,furnished,autonomous,c,,M1,,1,4+4,"Four-bedroom, in historic building, near metro M1."
ML-2025-16176,2025-12-05,lambrate,€ 380,83 sqm,4,4,1,1,True,furnished,central,,1907.0,M2,171.0,1,temporary,"Four-bedroom, in historic building, with elevator, near metro M2."
ML-2025-01095,2025-05-12,città studi,€433,72,3,2,1,7,True,partly furn.,central,,1956.0,M3,221.0,2,4+4,"Two-bedroom, with elevator, near metro M3."
ML-2025-49959,2024-02-19,Bicocca,€ 380,118,5,4,2,first,True,furnished,centr.,D,1975.0,,222.0,1,4+4,"Four-bedroom, with elevator."
ML-2025-31688,2024-05-01,Isola,789,73,3,3,2,4th,False,furnished,heatpump,C,1979.0,M1,252.0,1,4+4,"Three-bedroom, near metro M1."
ML-2025-74400,18/05/2025,città studi,380,63,3,2,1,4,False,furnished,autonomous,D,1975.0,M2,185.0,2,4+4,"Two-bedroom, near metro M2."
ML-2025-00613,2025-06-09,De Angeli,393,52,3,3,1,0,True,partly furnished,autonomous ,C,1988.0,M2,210.0,2,4+4,"Three-bedroom, with elevator, near metro M2."
ML-2025-04978,2025-11-22,Zone Città Studi,380,90,4,3,1,6,False,unfurnished,central,E,1943.0,M5,230.0,2,student,"Three-bedroom, near metro M5."
ML-2025-91517,2025-12-06,magenta,2054,108,4,4,1,ground floor,True,furnished,centr.,G,,M3,271.0,1,4+4,"Four-bedroom, with elevator, near metro M3."
ML-2025-43225,2025-08-19,bocconi,€ 1336,69,3,2,1,4,True,furnished,heat pump,,1906.0,M5,235.0,2,3+2,"Two-bedroom, in historic building, with elevator, near metro M5."
ML-2025-86046,2025-10-21,bocconi,1630,111,5,5,2,4,False,furnished,central,E,1943.0,M2,283.0,2,4+4,"Five-bedroom, near metro M2."
ML-2025-10664,12/04/2025,Corvetto,380,35,1,1,1,1,True,unfurnished,autonomous,B,2009.0,M3,133.0,1,temporary,"One-bedroom, with elevator, near metro M3."
ML-2025-35328,13/05/2025,Navigli,620,69,3,3,1,2,True,partly furnished,central,F,1995.0,M1,203.0,2,3+2,"Three-bedroom, with elevator, near metro M1."
ML-2025-69604,11/11/2024,Isola,€563,69,3,2,1,4,True,furnished,autonomous,E,1951.0,M2,199.0,2,student,"Two-bedroom, with elevator, near metro M2."
ML-2025-24045,22/05/2025,Lambrate,€ 380,54 sqm,2,1,1,first,False,unfurnished, autonomous,,1982.0,M5,227.0,1,4+4,"One-bedroom, near metro M5."
ML-2025-22127,12/05/2025,Porta Garibaldi,€ 3211,161 sqm,7,6,2,3,False,unfurnished,autonomous,E,1919.0,M3,314.0,1,3+2,"Six-bedroom, in historic building, near metro M3."
ML-2025-10692,2024-11-27,Sempione,762,68,3,3,1,ground floor,False,partly,autonomous,F,1985.0,M3,186.0,1,4+4,"Three-bedroom, near metro M3."
ML-2025-34795,2025-10-05,Isola,€ 397,61,3,3,1,1,True,unfurnished,central,D,1932.0,M1,226.0,2,4+4,"Three-bedroom, with elevator, near metro M1."
ML-2025-70518,2025-10-11,Porta Venezia,€ 1267,71,3,3,1,1,True,furnished,central,G,1995.0,M1,253.0,2,3+2,"Three-bedroom, with elevator, near metro M1."
ML-2025-29325,2025-09-15,sempione,380,35,1,1,1,ground floor,False,unfurnished,heat pump,G,1940.0,M3,143.0,2,temporary,"One-bedroom, near metro M3."
ML-2025-12044,2025-08-15,quadrilatero,2636,54,2,2,1,6,True,unfurnished,autonomous,E,1913.0,M2,166.0,1,4+4,"Two-bedroom, in historic building, with elevator, near metro M2."
ML-2025-62525,2025-07-13,quadrilatero,4500,99 sqm,4,3,1,3,True,unfurnished,autonomous,G,,M2,309.0,1,3+2,"Three-bedroom, in historic building, with elevator, near metro M2."
ML-2025-66953,2025-09-27,città studi,€ 380,56,2,2,1,6,True,furnished,autonomous,,2022.0,M3,158.0,2,3+2,"Two-bedroom, with elevator, near metro M3."
ML-2025-40844,2024-01-14,sempione,657,52,2,1,1,2,False,furnished,autonomous,A2,1945.0,M1,180.0,2,4+4,"One-bedroom, near metro M1."
ML-2025-25835,2025-01-05,affori,€ 380,111,5,5,2,1,False,furnished,autonomous,G,1978.0,,233.0,2,temporary,Five-bedroom.
ML-2025-73170,11/11/2024,porta romana,€ 1592,112,5,4,2,0,True,furnished,auto.,F,,M1,253.0,2,3+2,"Four-bedroom, with elevator, near metro M1."
ML-2025-72929,02/02/2025,Zone Brera,2664,84,3,3,1,ground floor,True,furnished,central,,1998.0,M1,274.0,2,student,"Three-bedroom, with elevator, near metro M1."
ML-2025-59988,08/08/2025,corvetto,380,60,3,3,1,5,False,furnished,autonomous,,1912.0,M1,173.0,2,temporary,"Three-bedroom, in historic building, near metro M1."
ML-2025-39324,13/04/2025,Quadrilatero,€ 3329,64,3,3,1,3,False,furnished,central,C,1955.0,M1,202.0,2,temporary,"Three-bedroom, near metro M1."
ML-2025-50470,03/09/2025,quadrilatero,2507,53 sqm,2,2,1,first,True,furnished,autonomous,c,1924.0,M2,188.0,2,4+4,"Two-bedroom, in historic building, with elevator, near metro M2."
ML-2025-13684,14/06/2025,Zone Porta Romana,€571,49 sqm,2,1,1,5,True,partly furnished,autonomous,,1984.0,M2,218.0,3,temporary,"One-bedroom, with elevator, near metro M2."
ML-2025-00288,2024-04-06,Porta Garibaldi,€ 1011,49,2,1,1,2,False,unfurnished,heat pump,B,1969.0,M2,181.0,2,student,"One-bedroom, near metro M2."
ML-2025-27738,26/09/2025,de angeli,€ 663,56,3,2,2,1,False,furnished,autonomous,E,1933.0,M5,195.0,2,4+4,"Two-bedroom, near metro M5."
ML-2025-51931,2024-12-04,Sempione,€ 541,49,3,2,1,4,True,unfurnished,auto.,F,1985.0,M2,187.0,2,4+4,"Two-bedroom, with elevator, near metro M2."
ML-2025-69005,13/10/2025,bocconi,€ 723,40,2,1,1,1,True,unfurnished,heat pump,,2008.0,M3,,3,temporary,"One-bedroom, with elevator, near metro M3."
ML-2025-23749,2025-03-05,quadrilatero,€3787,76,3,3,1,7,False,furnished,autonomous,G,2011.0,M3,261.0,1,4+4,"Three-bedroom, near metro M3."
ML-2025-68508,2024-11-12,magenta,€ 1715,76,3,3,2,4,True,unfurnished,autonomous,B,2008.0,M2,257.0,2,4+4,"Three-bedroom, with elevator, near metro M2."
ML-2025-30753,13/12/2025,Porta Garibaldi,€3657,127,5,5,1,2,True,furnished,autonomous,A4,1971.0,M2,351.0,3,temporary,"Five-bedroom, with elevator, near metro M2."
ML-2025-59725,2025-04-14,quadrilatero,€ 3596,55,2,2,1,1,True,unfurnished,central,c,1945.0,M5,163.0,1,temporary,"Two-bedroom, with elevator, near metro M5."
ML-2025-10994,2025-08-13,Porta Romana,€ 1137,78,3,2,1,4th,False,furnished,centr.,D,,M2,150.0,1,4+4,"Two-bedroom, near metro M2."
ML-2025-32325,2025-09-13,Zone Magenta,1559,78 sqm,3,2,1,5,True,unfurnished,central,E,1942.0,M2,,1,4+4,"Two-bedroom, with elevator, near metro M2."
ML-2025-19260,2025-08-08,quadrilatero,3413,64,2,1,1,6,True,furnished,heat pump,A1,2013.0,M2,209.0,2,4+4,"One-bedroom, with elevator, near metro M2."
ML-2025-63525,25/12/2025,Tortona,€1001,91,3,2,1,1,True,furnished,autonomous,F,1981.0,M3,201.0,3,4+4,"Two-bedroom, with elevator, near metro M3."
ML-2025-70929,18/04/2025,bocconi,1362,92,4,4,1,3,False,unfurnished,autonomous,G,,M2,250.0,1,4+4,"Four-bedroom, in historic building, near metro M2."
ML-2025-04221,17/03/2025,centro storico,€ 2139,78,3,2,1,4,False,furnished,hp,D,1933.0,M2,233.0,2,temporary,"Two-bedroom, near metro M2."
ML-2025-39768,2025-11-12,porta garibaldi,1680,64 sqm,2,2,1,5th,True,furnished,autonomous,,1964.0,M2,,2,temporary,"Two-bedroom, with elevator, near metro M2."
ML-2025-60426,2025-01-22,bicocca,€380,62,2,2,1,ground floor,True,furnished,heat pump,,2010.0,,164.0,2,student,"Two-bedroom, with elevator."
ML-2025-73932,19/01/2025,Zone Sempione,€380,43,2,2,1,7th,False,unfurnished,heat pump,G,2023.0,M2,193.0,2,student,"Two-bedroom, near metro M2."
ML-2025-78127,2025-11-05,lambrate,€ 380,53 sqm,2,2,1,5,True,unfurnished,heat pump,A4,1920.0,M5,171.0,2,student,"Two-bedroom, in historic building, with elevator, near metro M5."
ML-2025-77069,2025-11-12,isola,€ 380,56,2,1,1,3,False,partly furnished,autonomous,F,,M3,194.0,1,4+4,"One-bedroom, in historic building, near metro M3."
ML-2025-13821,2024-02-24,Lambrate,380,47 sqm,2,2,1,6,True,unfurnished,central,D,1991.0,M1,,1,4+4,"Two-bedroom, with elevator, near metro M1."
ML-2025-63366,2025-10-24,Zone Porta Venezia,€ 1458,82,3,3,1,2,False,partly furnished,centr.,F,1945.0,M2,199.0,1,4+4,"Three-bedroom, near metro M2."
ML-2025-81647,27/09/2025,Zone Navigli,942,106,4,3,2,2,True,furnished,autonomous,f,1955.0,M5,267.0,1,3+2,"Three-bedroom, with elevator, near metro M5."
ML-2025-55678,21/11/2024,Quadrilatero,€ 1954,51 sqm,2,1,1,6,True,unfurnished,central,D,2009.0,M1,211.0,2,student,"One-bedroom, with elevator, near metro M1."
ML-2025-90499,2025-05-26,porta garibaldi,1899,77 sqm,3,2,1,2,True,furnished,autonomous,D,2019.0,M2,220.0,2,4+4,"Two-bedroom, with elevator, near metro M2."
ML-2025-81957,2025-04-07,navigli,€588,49,2,1,1,first,True,furnished,autonomous,F,,M1,162.0,1,3+2,"One-bedroom, with elevator, near metro M1."
ML-2025-95901,27/05/2025,Zone Porta Venezia,924,63,2,1,1,4,False,unfurnished,central,f,1929.0,M1,194.0,2,3+2,"One-bedroom, in historic building, near metro M1."
ML-2025-94864,2024-08-26,Sempione,€ 632,55,2,2,1,ground floor,False,partly furnished,heat pump,G,1970.0,M2,,1,4+4,"Two-bedroom, near metro M2."
ML-2025-03004,19/12/2024,Magenta,€1959,86,3,3,1,5,False,partly furnished,autonomous,,2006.0,M3,,1,temporary,"Three-bedroom, near metro M3."
ML-2025-39741,2025-12-19,porta romana,1090,55 sqm,1,1,1,4,False,furnished,autonomous,G,1911.0,M3,233.0,1,4+4,"One-bedroom, in historic building, near metro M3."
ML-2025-89561,2024-05-19,Quadrilatero,€ 4500,100 sqm,4,4,1,3,False,unfurnished,central,F,1903.0,M1,311.0,1,4+4,"Four-bedroom, in historic building, near metro M1."
ML-2025-08106,2024-01-03,Zone Isola,380,64,3,2,1,1,False,furnished,autonomous,,,M2,162.0,2,student,"Two-bedroom, near metro M2."
ML-2025-06345,02/05/2025,porta romana,€ 702,56,2,1,1,4,True,unfurnished,central,C,1939.0,M2,173.0,1,4+4,"One-bedroom, with elevator, near metro M2."
ML-2025-28134,2025-06-07,navigli,544,45 sqm,3,2,1,3,False,furnished,central,D,1966.0,M3,193.0,1,4+4,"Two-bedroom, near metro M3."
ML-2025-37942,08/01/2025,Porta Venezia,1412,76 sqm,4,3,2,first,True,furnished,autonomous,F,1930.0,M2,265.0,1,temporary,"Three-bedroom, with elevator, near metro M2."
ML-2025-62076,2025-12-02,sempione,€ 1293,96,4,3,2,3,True,furnished,central,B,1965.0,M5,234.0,2,4+4,"Three-bedroom, with elevator, near metro M5."
ML-2025-54837,2024-03-22,Quarto Oggiaro,380,77,4,3,1,4,False,partly furnished, autonomous,A1,,M3,171.0,1,3+2,"Three-bedroom, near metro M3."
ML-2025-73427,01/07/2025,porta garibaldi,€ 3479,153,6,5,2,6,True,furnished,auto.,,1956.0,M3,315.0,3,4+4,"Five-bedroom, with elevator, near metro M3."
ML-2025-22171,2025-05-10,città studi,678,115,5,4,3,1,True,furnished,central,,1907.0,M2,,2,4+4,"Four-bedroom, in historic building, with elevator, near metro M2."
ML-2025-48168,2024-09-03,De Angeli,€ 380,63 sqm,3,3,1,6,True,furnished,autonomous,,1928.0,M2,174.0,2,4+4,"Three-bedroom, in historic building, with elevator, near metro M2."
ML-2025-34457,2024-08-17,lorenteggio,€380,63 sqm,2,1,1,4,True,unfurnished,autonomous,G,1977.0,,173.0,2,temporary,"One-bedroom, with elevator."
ML-2025-90126,26/11/2025,città studi,380,83,3,3,2,0,False,furnished,centr.,,1925.0,M3,195.0,2,4+4,"Three-bedroom, in historic building, near metro M3."
ML-2025-90806,2025-01-16,affori,€ 380,52,2,1,1,7,True,unfurnished,autonomous,f,1912.0,,102.0,2,student,"One-bedroom, in historic building, with elevator."
ML-2025-82341,16/04/2025,Zone Greco,380,105,4,4,1,4,True,furnished,autonomous,E,1954.0,M5,313.0,1,4+4,"Four-bedroom, with elevator, near metro M5."
ML-2025-17508,16/05/2024,bicocca,380,79 sqm,3,2,1,7th,True,furnished,central,E,1972.0,M2,194.0,1,temporary,"Two-bedroom, with elevator, near metro M2."
ML-2025-09295,08/11/2025,isola,424,77 sqm,3,3,1,ground floor,True,furnished,autonomous,F,1994.0,M3,274.0,1,student,"Three-bedroom, with elevator, near metro M3."
ML-2025-53879,11/05/2025,Zone Brera,€ 3127,89,4,4,1,1,True,furnished,autonomous,,1900.0,M2,,2,4+4,"Four-bedroom, in historic building, with elevator, near metro M2."
ML-2025-70774,09/07/2025,centro storico,3087,128 sqm,5,4,1,7,True,unfurnished,auto.,G,1972.0,M1,279.0,2,3+2,"Four-bedroom, with elevator, near metro M1."
ML-2025-82697,2024-10-24,porta garibaldi,1719,74 sqm,2,2,1,first,False,furnished,central,E,1993.0,M3,234.0,1,temporary,"Two-bedroom, near metro M3."
ML-2025-79662,10/12/2025,porta garibaldi,€1966,67 sqm,2,1,1,4,False,unfurnished,autonomous ,G,1905.0,M5,182.0,1,3+2,"One-bedroom, in historic building, near metro M5."
ML-2025-24110,2025-04-07,Navigli,€1119,119,4,4,2,4,True,furnished,central,,1950.0,M5,281.0,1,temporary,"Four-bedroom, with elevator, near metro M5."
ML-2025-34356,14/08/2024,Tortona,1060,98,4,4,1,7,True,furnished,autonomous,E,1913.0,M5,200.0,3,4+4,"Four-bedroom, in historic building, with elevator, near metro M5."
ML-2025-93506,2025-11-21,Zone Tortona,€579,63,3,3,2,2,True,furnished,central,D,1915.0,M2,156.0,2,student,"Three-bedroom, in historic building, with elevator, near metro M2."
ML-2025-70810,2024-04-11,de angeli,726,70,3,2,1,6,True,unfurnished,central,B,2014.0,M3,180.0,1,3+2,"Two-bedroom, with elevator, near metro M3."
ML-2025-98010,01/12/2025,brera,€2128,75,3,2,1,5,True,furnished,centr.,D,1946.0,M3,224.0,2,4+4,"Two-bedroom, with elevator, near metro M3."
ML-2025-21854,12/05/2024,Porta Venezia,1148,79 sqm,3,3,2,3,False,empty,central,,1977.0,M2,238.0,1,3+2,"Three-bedroom, near metro M2."
ML-2025-26608,23/03/2025,Bicocca,380,44,2,2,1,4,False,partly furnished,autonomous,C,1934.0,M1,114.0,2,4+4,"Two-bedroom, near metro M1."
ML-2025-65566,2024-10-24,de angeli,€ 380,41,2,1,1,0,True,furn.,autonomous,G,1955.0,M2,161.0,2,4+4,"One-bedroom, with elevator, near metro M2."
ML-2025-47300,21/05/2025,Lorenteggio,380,51,2,1,1,2,True,furnished,autonomous,B,,M2,178.0,2,4+4,"One-bedroom, in historic building, with elevator, near metro M2."
ML-2025-97802,2025-05-15,De Angeli,538,50,2,2,2,4,False,furnished,autonomous,B,1971.0,M3,178.0,2,temporary,"Two-bedroom, near metro M3."
ML-2025-01123,27/09/2025,affori,380,56,3,3,2,3,False,furnished,autonomous,E,1938.0,M5,147.0,1,4+4,"Three-bedroom, near metro M5."
ML-2025-62276,2024-03-03,Magenta,€1191,87,4,4,2,1,True,furnished,central,D,1964.0,M3,,2,4+4,"Four-bedroom, with elevator, near metro M3."
ML-2025-96075,2025-04-04,navigli,€465,66 sqm,3,3,1,5,False,unfurnished,autonomous,C,1967.0,M1,173.0,3,student,"Three-bedroom, near metro M1."
ML-2025-53230,20/09/2025,porta romana,€ 946,75,2,1,1,3,True,unfurnished,heat pump,B,1964.0,M2,249.0,1,student,"One-bedroom, with elevator, near metro M2."
ML-2025-13730,22/10/2025,Città Studi,380,46,2,1,1,2,False,unfurnished,central,,1929.0,M2,140.0,2,temporary,"One-bedroom, in historic building, near metro M2."
ML-2025-06113,06/03/2025,baggio,380,60,2,1,1,4,True,furnished,auto.,,1939.0,M3,198.0,2,4+4,"One-bedroom, with elevator, near metro M3."
ML-2025-42780,09/12/2025,magenta,€ 998,86,4,3,1,2,True,empty,autonomous,F,1988.0,M1,264.0,2,student,"Three-bedroom, with elevator, near metro M1."
ML-2025-76193,07/01/2024,tortona,€ 907,86,4,4,1,ground floor,True,partly furnished,centr.,C,1904.0,M2,243.0,1,4+4,"Four-bedroom, in historic building, with elevator, near metro M2."
ML-2025-67266,07/08/2024,porta romana,845,54,2,1,2,0,True,unfurnished,autonomous,A3,1948.0,M5,,2,4+4,"One-bedroom, with elevator, near metro M5."
ML-2025-10378,01/06/2025,Quadrilatero,€3447,74 sqm,4,4,1,4,True,unfurnished,autonomous,A,1994.0,M1,239.0,1,student,"Four-bedroom, with elevator, near metro M1."
ML-2025-65054,2025-02-06,quadrilatero,4500,151,6,6,2,2,True,unfurnished,autonomous,,1972.0,M3,335.0,2,4+4,"Six-bedroom, with elevator, near metro M3."
ML-2025-90992,2025-10-19,centro storico,€ 1776,70,2,1,1,2,False,empty,central,G,1961.0,M5,209.0,2,4+4,"One-bedroom, near metro M5."
ML-2025-65255,20/01/2024,Baggio,€ 380,55,2,2,2,5,True,furnished,autonomous,E,1989.0,M3,195.0,1,3+2,"Two-bedroom, with elevator, near metro M3."
ML-2025-25870,24/04/2025,navigli,€539,66 sqm,3,2,2,2,False,unfurnished,autonomous,F,,M5,211.0,2,4+4,"Two-bedroom, near metro M5."
ML-2025-01712,2025-05-26,de angeli,€ 827,72,2,1,1,6,True,unfurnished,autonomous,,1910.0,M3,176.0,1,4+4,"One-bedroom, in historic building, with elevator, near metro M3."
ML-2025-56364,2025-09-06,Bocconi,€ 970,66,3,2,1,4,False,furnished,autonomous,D,1955.0,M2,221.0,1,temporary,"Two-bedroom, near metro M2."
ML-2025-73417,2024-03-18,quadrilatero,€3171,69,3,2,1,7,True,furnished, autonomous,G,1901.0,M2,240.0,1,temporary,"Two-bedroom, in historic building, with elevator, near metro M2."
ML-2025-87263,11/01/2025,Quadrilatero,€ 2141,42 sqm,2,2,1,7,True,furnished,central,,1911.0,M1,183.0,2,student,"Two-bedroom, in historic building, with elevator, near metro M1."
ML-2025-74600,08/10/2025,Lambrate,380,50,2,2,1,7,True,unfurnished,central,F,2010.0,M1,140.0,2,4+4,"Two-bedroom, with elevator, near metro M1."
ML-2025-46586,19/01/2025,porta romana,1107,66,3,2,1,1,False,furnished,autonomous,G,1983.0,M3,230.0,1,3+2,"Two-bedroom, near metro M3."
ML-2025-54536,11/06/2024,greco,€ 380,66,3,2,1,4,False,partly,heat pump,,,M1,201.0,3,temporary,"Two-bedroom, near metro M1."
ML-2025-19592,17/09/2024,quadrilatero,€ 2857,57,3,2,2,0,True,partly furnished,central,E,2008.0,M2,,1,4+4,"Two-bedroom, with elevator, near metro M2."
ML-2025-73136,2024-08-07,bocconi,€966,66,2,2,1,7,False,partly furnished,autonomous,E,,M3,210.0,1,4+4,"Two-bedroom, near metro M3."
ML-2025-65965,2024-02-12,lambrate,€380,72,2,2,1,5,True,furnished,central,F,1952.0,M1,175.0,2,4+4,"Two-bedroom, with elevator, near metro M1."
ML-2025-00060,02/08/2025,porta venezia,1866,96,4,4,1,2,True,unfurnished,central,D,1910.0,M2,274.0,2,4+4,"Four-bedroom, in historic building, with elevator, near metro M2."
ML-2025-30601,01/01/2025,Zone Porta Romana,687,68,2,1,1,4,True,partly,autonomous,,1929.0,M3,,2,4+4,"One-bedroom, in historic building, with elevator, near metro M3."
ML-2025-16622,2024-01-21,Corvetto,380,80,3,2,1,4,False,unfurnished,autonomous,G,1944.0,M1,171.0,1,3+2,"Two-bedroom, near metro M1."
ML-2025-97362,25/03/2025,Zone Porta Romana,€922,58,2,1,1,4,False,furnished,central,E,2008.0,M2,227.0,1,3+2,"One-bedroom, near metro M2."
ML-2025-07425,03/09/2025,isola,€ 736,86 sqm,3,3,1,4,False,partly furnished,autonomous,D,1906.0,M1,208.0,2,4+4,"Three-bedroom, in historic building, near metro M1."
ML-2025-51883,2025-03-19,Zone Isola,€ 420,80 sqm,3,2,1,7,True,unfurnished,autonomous,,1928.0,M3,178.0,1,3+2,"Two-bedroom, in historic building, with elevator, near metro M3."
ML-2025-31288,2025-10-18,porta romana,€ 1078,95,4,4,1,6,True,unfurnished,central,F,1939.0,M3,287.0,3,4+4,"Four-bedroom, with elevator, near metro M3."
ML-2025-92611,2025-02-08,bicocca,€380,90,4,4,2,3,False,partly furnished,central,C,,M3,,1,4+4,"Four-bedroom, near metro M3."
ML-2025-20361,2025-06-12,Bicocca,€ 380,86 sqm,3,3,1,6,True,partly furnished,central,C,1967.0,M1,193.0,1,student,"Three-bedroom, with elevator, near metro M1."
ML-2025-94687,2024-06-08,Navigli,€542,68,3,2,1,first,False,unfurnished,autonomous,G,1902.0,M3,184.0,2,4+4,"Two-bedroom, in historic building, near metro M3."
ML-2025-18608,2025-07-02,De Angeli,€ 683,76,3,2,1,2,False,furnished,autonomous ,A4,1981.0,M2,192.0,1,temporary,"Two-bedroom, near metro M2."
ML-2025-04069,23/05/2025,porta venezia,1871,102,3,3,2,0,True,unfurn.,central,,1984.0,M2,327.0,1,4+4,"Three-bedroom, with elevator, near metro M2."
ML-2025-41957,09/02/2024,Centro Storico,€ 1536,56,2,1,1,7,True,unfurnished,central,F,1928.0,M1,209.0,2,4+4,"One-bedroom, in historic building, with elevator, near metro M1."
ML-2025-49737,15/09/2025,Tortona,625,56 sqm,2,1,1,0,False,unfurnished,central,D,1958.0,M1,193.0,1,temporary,"One-bedroom, near metro M1."
ML-2025-62362,03/08/2024,lorenteggio,380,75,4,4,1,7,True,furnished,autonomous,C,2018.0,M1,206.0,1,4+4,"Four-bedroom, with elevator, near metro M1."
ML-2025-52434,02/08/2025,centro storico,2286,81 sqm,3,3,2,3,False,unfurnished,heat pump,,,M1,233.0,2,4+4,"Three-bedroom, near metro M1."
ML-2025-54341,2025-12-17,Zone Porta Venezia,952,52,3,2,1,7,True,unfurnished,autonomous,F,1982.0,M1,223.0,2,3+2,"Two-bedroom, with elevator, near metro M1."
ML-2025-30755,2024-11-12,Porta Garibaldi,1399,68,2,1,1,6,True,partly furnished,autonomous,E,,M1,225.0,2,3+2,"One-bedroom, with elevator, near metro M1."
ML-2025-83690,2025-09-19,Zone Lambrate,€ 380,68,3,2,1,3,False,partly furnished,central,G,,M5,208.0,2,student,"Two-bedroom, in historic building, near metro M5."
ML-2025-54678,24/06/2024,Brera,€911,32,1,1,1,2,False,furnished, autonomous,G,1924.0,M2,155.0,3,student,"One-bedroom, in historic building, near metro M2."
ML-2025-39380,2025-01-25,Navigli,€485,65 sqm,2,1,1,2th,False,unfurnished,central,,1955.0,M3,218.0,2,4+4,"One-bedroom, near metro M3."
ML-2025-07790,03/03/2025,sempione,880,66,3,2,1,7,True,unfurnished,central,,,M2,213.0,1,4+4,"Two-bedroom, with elevator, near metro M2."
ML-2025-40775,08/04/2025,navigli,€699,66,3,3,1,6,True,unfurn.,central,G,,M1,237.0,2,3+2,"Three-bedroom, with elevator, near metro M1."
ML-2025-44085,2024-04-06,quadrilatero,€ 4500,115,4,4,1,6,True,furnished,autonomous,A3,1910.0,M5,287.0,2,4+4,"Four-bedroom, in historic building, with elevator, near metro M5."
ML-2025-01072,2025-12-05,quadrilatero,€ 2667,46,2,1,1,5,True,unfurnished,autonomous,E,2004.0,M1,248.0,1,3+2,"One-bedroom, with elevator, near metro M1."
ML-2025-80723,13/01/2025,Navigli,€380,52,2,2,1,7,False,unfurnished,central,C,2015.0,M3,,2,4+4,"Two-bedroom, near metro M3."
ML-2025-76020,13/09/2025,porta garibaldi,622,28,1,1,1,3,False,unfurnished,central,D,1946.0,M3,,2,temporary,"One-bedroom, near metro M3."
ML-2025-23563,2025-06-27,De Angeli,380,59 sqm,2,1,1,4,True,partly furnished,heat pump,G,1941.0,M2,178.0,1,student,"One-bedroom, with elevator, near metro M2."
ML-2025-60224,22/04/2025,Città Studi,€486,61,2,2,1,6,False,partly furnished,autonomous,A2,,M3,192.0,2,4+4,"Two-bedroom, near metro M3."
ML-2025-13657,2025-09-02,Bocconi,1132,59,3,2,2,2,True,partly furn.,centr.,,2017.0,M3,182.0,1,4+4,"Two-bedroom, with elevator, near metro M3."
ML-2025-12581,2024-08-16,corvetto,380,103,3,2,1,4th,False,partly furnished,autonomous,C,1948.0,M5,254.0,1,student,"Two-bedroom, near metro M5."
ML-2025-67130,06/11/2024,navigli,814,95,4,3,1,ground floor,True,unfurnished,autonomous,F,1971.0,M2,,2,4+4,"Three-bedroom, with elevator, near metro M2."
ML-2025-19165,2024-02-26,navigli,697,72,3,2,2,4,False,partly furnished, autonomous,G,1963.0,M1,,2,4+4,"Two-bedroom, near metro M1."
ML-2025-92186,2024-04-07,quarto oggiaro,380,61 sqm,3,2,2,0,False,partly furnished, autonomous,,,,132.0,2,4+4,"Two-bedroom, in historic building."
ML-2025-17115,03/12/2025,Porta Venezia,1995,100,4,4,2,7,True,unfurnished,autonomous,g,,M1,265.0,3,4+4,"Four-bedroom, with elevator, near metro M1."
ML-2025-65013,2025-11-26,sempione,€624,70,3,2,1,6,False,furnished,autonomous,e,1923.0,M2,208.0,2,4+4,"Two-bedroom, in historic building, near metro M2."
ML-2025-40753,2024-05-20,Sempione,498,53,2,1,1,1,True,furnished,autonomous,G,1921.0,M3,240.0,3,4+4,"One-bedroom, in historic building, with elevator, near metro M3."
ML-2025-07535,19/05/2024,Brera,€ 1301,38,2,1,1,first,False,unfurnished,central,G,1921.0,M1,146.0,1,4+4,"One-bedroom, in historic building, near metro M1."
ML-2025-03801,18/03/2024,Zone Porta Garibaldi,1683,60,2,1,1,5,True,unfurn.,autonomous,C,1947.0,M5,206.0,1,temporary,"One-bedroom, with elevator, near metro M5."
ML-2025-13924,20/01/2025,Porta Venezia,1526,91,4,4,2,7,True,empty,central,G,1997.0,M5,263.0,2,4+4,"Four-bedroom, with elevator, near metro M5."
ML-2025-77865,2024-01-07,quadrilatero,€ 4500,155 sqm,6,5,2,2,False,partly furnished,central,,,M1,333.0,2,temporary,"Five-bedroom, near metro M1."
ML-2025-99111,19/01/2025,isola,380,72,4,4,2,0,False,partly furnished,autonomous,,,M1,279.0,2,3+2,"Four-bedroom, near metro M1."
ML-2025-31815,2024-01-06,porta romana,€ 736,54,2,2,1,3,False,furnished,central,C,1932.0,M2,170.0,2,4+4,"Two-bedroom, near metro M2."
ML-2025-26882,2024-05-25,bicocca,380,46,2,1,1,3,True,furnished,autonomous,E,2005.0,M1,143.0,1,student,"One-bedroom, with elevator, near metro M1."
ML-2025-91868,11/08/2025,Zone Greco,380,85 sqm,3,2,2,2,True,unfurnished,autonomous,,,M1,248.0,2,4+4,"Two-bedroom, with elevator, near metro M1."
ML-2025-40788,26/08/2025,lambrate,€380,38 sqm,1,1,1,2,True,furnished,central,G,1948.0,M5,135.0,1,4+4,"One-bedroom, with elevator, near metro M5."
ML-2025-27162,2025-09-09,Zone Porta Romana,972,85,3,2,1,2th,False,partly furnished,centr.,,,M1,243.0,1,3+2,"Two-bedroom, near metro M1."
ML-2025-55360,2025-08-06,Porta Romana,1220,93,4,4,1,1,False,partly furnished,autonomous,G,2003.0,M1,,2,4+4,"Four-bedroom, near metro M1."
ML-2025-36635,2024-08-10,porta romana,879,82,3,2,1,3,False,unfurnished,central,E,1910.0,M2,234.0,2,4+4,"Two-bedroom, in historic building, near metro M2."
ML-2025-30069,2025-05-15,quadrilatero,3243,65 sqm,3,3,2,2,True,unfurnished,central,C,,M1,,1,student,"Three-bedroom, with elevator, near metro M1."
ML-2025-92096,2025-04-20,baggio,€ 380,85,4,3,1,ground floor,False,partly furnished,autonomous,G,1988.0,M3,186.0,2,temporary,"Three-bedroom, near metro M3."
ML-2025-73054,01/06/2025,Navigli,€814,74,3,2,1,2,True,partly furnished,auto.,,1940.0,M3,154.0,3,4+4,"Two-bedroom, with elevator, near metro M3."
ML-2025-16846,2025-10-03,porta venezia,€ 808,53,2,2,1,ground floor,False,unfurnished,central,G,1947.0,M2,197.0,1,4+4,"Two-bedroom, near metro M2."
ML-2025-59207,2025-07-08,de angeli,€1206,134 sqm,5,5,2,1,False,partly furnished,heat pump,A3,1917.0,M1,299.0,1,3+2,"Five-bedroom, in historic building, near metro M1."
ML-2025-84566,21/11/2024,Navigli,€ 601,62,3,3,1,5th,True,unfurnished,central,D,1965.0,M5,207.0,1,4+4,"Three-bedroom, with elevator, near metro M5."
ML-2025-48776,2024-04-08,Zone Centro Storico,2388,92,3,2,1,ground floor,True,furnished,central,E,1994.0,M3,,2,4+4,"Two-bedroom, with elevator, near metro M3."
ML-2025-15145,2025-08-14,quadrilatero,1612,30,1,1,1,2th,False,unfurnished,autonomous,,1947.0,M2,152.0,1,3+2,"One-bedroom, near metro M2."
ML-2025-48601,2025-08-27,Zone Città Studi,678,109 sqm,4,4,2,5,True,partly furn.,autonomous,D,1942.0,M2,,2,4+4,"Four-bedroom, with elevator, near metro M2."
ML-2025-49544,05/08/2025,Bicocca,380,117,5,5,1,0,True,partly furnished,heat pump,C,,M2,293.0,1,4+4,"Five-bedroom, in historic building, with elevator, near metro M2."
ML-2025-20131,06/02/2024,Zone Porta Venezia,€ 1281,71,3,3,1,5,False,furnished,central,A,1907.0,M1,224.0,1,3+2,"Three-bedroom, in historic building, near metro M1."
ML-2025-87398,2024-03-19,Greco,€ 380,85,2,2,1,0,False,furnished,autonomous,G,1967.0,M2,222.0,1,3+2,"Two-bedroom, near metro M2."
ML-2025-03815,2025-08-22,De Angeli,€ 390,85,3,2,1,0,False,unfurnished,central,,1903.0,M3,198.0,3,4+4,"Two-bedroom, in historic building, near metro M3."
ML-2025-15976,11/11/2025,de angeli,€ 380,56,2,1,1,first,True,partly furn.,autonomous,C,1924.0,M2,173.0,1,student,"One-bedroom, in historic building, with elevator, near metro M2."
ML-2025-10714,06/06/2025,porta venezia,1436,85,3,3,1,4,False,unfurnished,autonomous,B,1910.0,M3,221.0,1,temporary,"Three-bedroom, in historic building, near metro M3."
ML-2025-03745,04/02/2024,Zone Centro Storico,1254,53,3,2,1,ground floor,True,furnished,central,D,2008.0,M3,239.0,1,3+2,"Two-bedroom, with elevator, near metro M3."
ML-2025-28884,2025-11-27,de angeli,401,57 sqm,3,3,1,0,True,partly,autonomous,E,1900.0,M3,143.0,3,4+4,"Three-bedroom, in historic building, with elevator, near metro M3."
ML-2025-23938,2025-10-16,Magenta,2192,104,4,4,1,7,True,unfurnished, autonomous,E,1964.0,M2,281.0,1,3+2,"Four-bedroom, with elevator, near metro M2."
ML-2025-81227,11/10/2024,città studi,€ 601,98 sqm,4,3,1,4,True,partly furnished,autonomous,C,1968.0,M1,256.0,2,3+2,"Three-bedroom, with elevator, near metro M1."
ML-2025-26213,09/06/2025,sempione,€503,55,3,3,1,4,True,partly furnished,autonomous,G,1922.0,M3,,1,3+2,"Three-bedroom, in historic building, with elevator, near metro M3."
ML-2025-24494,05/08/2024,quadrilatero,€ 2578,54,2,1,1,0,True,furnished,heat pump,D,1923.0,M3,151.0,1,3+2,"One-bedroom, in historic building, with elevator, near metro M3."
ML-2025-40709,2025-02-08,Bicocca,€ 380,56 sqm,2,1,1,3,True,partly furnished,autonomous,e,1927.0,M1,107.0,2,4+4,"One-bedroom, in historic building, with elevator, near metro M1."
ML-2025-08916,2025-01-22,baggio,€ 380,90,3,2,1,4,False,unfurnished,autonomous,F,1922.0,M5,207.0,2,4+4,"Two-bedroom, in historic building, near metro M5."
ML-2025-74378,2025-01-13,sempione,777,49,3,3,2,4,True,partly,central,d,1913.0,M5,,2,temporary,"Three-bedroom, in historic building, with elevator, near metro M5."
ML-2025-81454,25/06/2025,Isola,757,79,3,2,1,4th,True,furnished,centr.,,1906.0,M3,207.0,1,4+4,"Two-bedroom, in historic building, with elevator, near metro M3."
ML-2025-04794,2025-12-15,De Angeli,596,91,3,3,1,ground floor,True,partly furn.,central,E,2021.0,M1,222.0,3,3+2,"Three-bedroom, with elevator, near metro M1."
ML-2025-63601,2025-01-17,Zone Porta Garibaldi,€ 1963,68,3,2,1,7th,False,furnished,heat pump,,1906.0,M3,190.0,2,temporary,"Two-bedroom, in historic building, near metro M3."
ML-2025-57187,19/07/2025,Zone Sempione,1020,100,4,4,1,5,False,furnished,central,G,1923.0,M2,233.0,2,4+4,"Four-bedroom, in historic building, near metro M2."
ML-2025-97595,05/10/2025,Lambrate,380,63,2,1,1,first,True,partly furnished,central,E,1941.0,M2,181.0,2,student,"One-bedroom, with elevator, near metro M2."
ML-2025-72526,2025-06-14,Sempione,571,65,2,2,1,3,False,furnished,autonomous,G,1981.0,M1,164.0,1,temporary,"Two-bedroom, near metro M1."
ML-2025-90561,2025-01-24,porta romana,718,50,2,1,1,2,False,furnished,autonomous,,,M3,175.0,2,3+2,"One-bedroom, near metro M3."
ML-2025-80717,15/12/2025,brera,€ 3125,100,4,3,1,1,False,partly furnished,autonomous,F,1951.0,M2,258.0,2,3+2,"Three-bedroom, near metro M2."
ML-2025-61064,2025-11-07,porta venezia,€1387,54,2,2,1,7,True,furnished,central,A1,2021.0,M2,199.0,1,temporary,"Two-bedroom, with elevator, near metro M2."
ML-2025-96656,16/06/2025,porta garibaldi,€ 1496,79,3,2,2,1,True,unfurnished,central,,,M2,292.0,1,4+4,"Two-bedroom, with elevator, near metro M2."
ML-2025-61315,18/11/2024,Porta Garibaldi,€1425,68 sqm,2,2,1,ground floor,True,partly furnished,central,,1955.0,M2,191.0,3,3+2,"Two-bedroom, with elevator, near metro M2."
ML-2025-82535,2024-11-26,Nolo,€ 380,48,2,1,1,5,True,unfurnished,central,D,1950.0,M2,178.0,2,4+4,"One-bedroom, with elevator, near metro M2."
ML-2025-44562,2025-08-21,navigli,551,57,2,2,1,2,True,furnished,central,,2022.0,M2,201.0,3,temporary,"Two-bedroom, with elevator, near metro M2."
ML-2025-10320,03/11/2025,Bicocca,380,114,4,4,1,1,False,unfurnished,autonomous,G,1921.0,,258.0,2,3+2,"Four-bedroom, in historic building."
ML-2025-66124,16/09/2025,greco,€ 380,75 sqm,3,2,1,0,True,unfurnished,autonomous,D,2002.0,M2,185.0,2,temporary,"Two-bedroom, with elevator, near metro M2."
ML-2025-17578,2025-10-18,porta venezia,€1011,49,2,1,1,1,True,furnished,central,,1910.0,M1,228.0,1,4+4,"One-bedroom, in historic building, with elevator, near metro M1."
ML-2025-50814,2024-02-21,sempione,€ 802,78,3,2,1,1,False,unfurnished,autonomous ,G,2004.0,M3,248.0,2,4+4,"Two-bedroom, near metro M3."
ML-2025-72056,02/02/2025,Zone Bocconi,€ 1042,67,3,2,1,5,True,furnished,heat pump,G,1999.0,M2,228.0,2,temporary,"Two-bedroom, with elevator, near metro M2."
ML-2025-87385,2025-02-08,Porta Garibaldi,€3016,220,7,7,3,6,True,furnished,autonomous,F,1938.0,M3,409.0,1,4+4,"Seven-bedroom, with elevator, near metro M3."
ML-2025-21174,07/12/2025,quadrilatero,3853,77,3,3,2,4,False,furnished,autonomous,,1978.0,M2,246.0,2,3+2,"Three-bedroom, near metro M2."
ML-2025-89647,2025-05-06,Bicocca,€ 380,61,2,1,2,4,True,partly furnished,central,,2014.0,M1,152.0,1,3+2,"One-bedroom, with elevator, near metro M1."
ML-2025-24701,2025-08-22,Corvetto,€ 380,115,4,3,2,1,True,furnished,autonomous,,1911.0,M2,233.0,2,4+4,"Three-bedroom, in historic building, with elevator, near metro M2."
ML-2025-78542,2025-07-13,Sempione,844,37,1,1,1,7,True,furnished,central,b,,M1,154.0,2,4+4,"One-bedroom, with elevator, near metro M1."
ML-2025-84916,10/05/2024,greco,380,72,3,3,1,6,True,partly furnished,autonomous,G,1976.0,M2,185.0,2,4+4,"Three-bedroom, with elevator, near metro M2."
ML-2025-65623,2025-09-15,lorenteggio,€ 380,141,6,5,3,4,False,furnished,autonomous,,2007.0,M3,296.0,2,student,"Five-bedroom, near metro M3."
ML-2025-46160,01/10/2024,magenta,€ 1425,67,2,1,1,0,True,partly furnished,central,G,1998.0,M1,241.0,1,4+4,"One-bedroom, with elevator, near metro M1."
ML-2025-58650,07/12/2025,Zone Città Studi,380,38 sqm,1,1,1,4,False,partly furnished,autonomous,,1951.0,M2,181.0,2,4+4,"One-bedroom, near metro M2."
ML-2025-39685,2024-01-14,porta garibaldi,1380,61,3,3,1,2,True,unfurnished,central,D,2020.0,M1,213.0,1,student,"Three-bedroom, with elevator, near metro M1."
ML-2025-10723,06/05/2024,Zone Lorenteggio,380,116,4,3,1,1,False,furnished,autonomous,G,1921.0,M2,,1,temporary,"Three-bedroom, in historic building, near metro M2."
ML-2025-46932,12/03/2025,Zone Brera,€ 2569,80,3,2,1,5th,True,furnished,central,G,,M2,237.0,2,3+2,"Two-bedroom, in historic building, with elevator, near metro M2."
ML-2025-02097,2024-07-09,isola,380,52,2,2,2,4,False,furnished,autonomous,G,1979.0,M1,177.0,1,3+2,"Two-bedroom, near metro M1."
ML-2025-25668,26/09/2025,de angeli,651,55,2,2,1,4,True,furnished,autonomous,D,1929.0,M1,159.0,1,temporary,"Two-bedroom, in historic building, with elevator, near metro M1."
ML-2025-99099,24/03/2025,porta romana,€ 769,58 sqm,3,3,1,0,False,empty,central,D,1938.0,M3,188.0,1,student,"Three-bedroom, near metro M3."
ML-2025-08753,2025-08-26,Bicocca,€ 380,79,3,2,1,4,False,furnished,central,G,,,201.0,3,student,"Two-bedroom, in historic building."
ML-2025-05633,11/01/2025,Zone Navigli,€ 749,112 sqm,4,4,1,7,True,partly furnished,heat pump,F,1992.0,M2,316.0,2,3+2,"Four-bedroom, with elevator, near metro M2."
ML-2025-97718,08/07/2025,Corvetto,€ 380,101,4,3,2,5,True,furn.,central,A,1955.0,M3,230.0,2,3+2,"Three-bedroom, with elevator, near metro M3."
ML-2025-72515,14/12/2025,de angeli,614,82,3,2,1,2,True,furnished,central,c,1991.0,M1,199.0,2,temporary,"Two-bedroom, with elevator, near metro M1."
ML-2025-29195,23/09/2024,Zone Porta Romana,706,44,3,3,1,5,False,furnished,autonomous,B,1924.0,M5,,1,temporary,"Three-bedroom, in historic building, near metro M5."
ML-2025-11222,22/10/2024,Zone Bicocca,380,44,3,2,1,1,True,furnished,central,,1973.0,M3,89.0,1,3+2,"Two-bedroom, with elevator, near metro M3."
ML-2025-51205,14/12/2025,magenta,1802,84,2,1,1,6th,True,partly furnished,autonomous,D,2016.0,M2,268.0,1,4+4,"One-bedroom, with elevator, near metro M2."
ML-2025-94363,16/07/2025,città studi,380,44,2,2,2,4,False,unfurnished,central,,1999.0,M2,131.0,2,temporary,"Two-bedroom, near metro M2."
ML-2025-05866,2024-02-15,Città Studi,€ 468,65,2,1,1,4th,False,furnished,central,,2002.0,M2,,1,4+4,"One-bedroom, near metro M2."
ML-2025-99799,13/08/2025,lambrate,380,78 sqm,3,2,2,1,True,unfurnished,autonomous,B,1934.0,M3,192.0,3,4+4,"Two-bedroom, with elevator, near metro M3."
ML-2025-14920,04/05/2025,centro storico,€ 855,47,2,2,1,3,True,unfurnished,central,F,1944.0,M1,,1,4+4,"Two-bedroom, with elevator, near metro M1."
ML-2025-97387,10/12/2025,porta venezia,844,49 sqm,2,1,1,0,True,partly furnished,centr.,E,1929.0,M3,244.0,1,4+4,"One-bedroom, in historic building, with elevator, near metro M3."
ML-2025-10215,23/04/2024,bocconi,€ 1047,68,3,2,2,6,False,furnished,autonomous,G,1954.0,M2,,2,4+4,"Two-bedroom, near metro M2."
ML-2025-26369,2024-07-24,Tortona,634,83,3,3,1,1,False,unfurnished,centr.,,1937.0,M3,,1,4+4,"Three-bedroom, near metro M3."
ML-2025-05114,17/12/2024,porta garibaldi,€ 2206,101,4,3,2,2,True,furnished,autonomous,B,1900.0,M5,267.0,1,3+2,"Three-bedroom, in historic building, with elevator, near metro M5."
ML-2025-44429,2025-09-27,centro storico,1971,87,4,3,1,6,True,furnished,central,G,1926.0,M1,296.0,3,student,"Three-bedroom, in historic building, with elevator, near metro M1."
ML-2025-65097,26/03/2024,Magenta,1550,72,2,1,1,6th,True,unfurnished,central,B,1912.0,M2,228.0,1,4+4,"One-bedroom, in historic building, with elevator, near metro M2."
ML-2025-13797,2024-11-14,de angeli,€ 571,54,2,2,1,7,True,furnished,autonomous,F,1938.0,M2,178.0,2,4+4,"Two-bedroom, with elevator, near metro M2."
ML-2025-01692,22/05/2025,centro storico,1260,48,3,3,1,2,False,unfurnished,autonomous,G,1951.0,M2,204.0,2,4+4,"Three-bedroom, near metro M2."
ML-2025-13270,2024-09-06,navigli,€ 444,59,2,2,1,1,False,unfurnished,autonomous,G,2001.0,M1,,1,temporary,"Two-bedroom, near metro M1."
ML-2025-45687,2025-11-13,Baggio,€ 380,81 sqm,3,2,1,3th,True,furnished,heat pump,C,1950.0,,195.0,1,4+4,"Two-bedroom, with elevator."
ML-2025-51357,12/12/2024,centro storico,2177,79,3,2,1,2,True,partly furnished,autonomous,D,2005.0,M3,,2,4+4,"Two-bedroom, with elevator, near metro M3."
ML-2025-66497,2025-09-24,sempione,€754,34 sqm,2,1,1,5,True,furnished,central,A1,1904.0,M5,198.0,2,4+4,"One-bedroom, in historic building, with elevator, near metro M5."
ML-2025-94533,2024-09-12,Zone Porta Romana,715,53,3,3,1,3,False,partly,central,C,1935.0,M3,212.0,2,4+4,"Three-bedroom, near metro M3."
ML-2025-36310,09/01/2025,de angeli,914,107,5,4,2,0,False,unfurnished,central,B,,M3,223.0,1,3+2,"Four-bedroom, near metro M3."
ML-2025-58659,2024-12-11,sempione,€ 858,72 sqm,2,1,1,1,True,furnished,autonomous,,,M1,215.0,1,3+2,"One-bedroom, with elevator, near metro M1."
ML-2025-15019,2024-12-24,affori,380,43,1,1,1,ground floor,True,furnished,autonomous,F,,M1,142.0,2,4+4,"One-bedroom, with elevator, near metro M1."
ML-2025-34175,17/03/2025,porta venezia,2410,160,6,5,2,2,False,unfurnished,heat pump,B,,M3,334.0,2,4+4,"Five-bedroom, near metro M3."
ML-2025-22338,04/01/2025,porta garibaldi,€ 1655,69 sqm,3,2,2,3,False,partly furnished,autonomous,E,1941.0,M3,191.0,1,3+2,"Two-bedroom, near metro M3."
ML-2025-18855,2025-12-01,bicocca,€ 380,80,3,3,1,first,False,unfurn.,autonomous,f,1952.0,M3,182.0,2,student,"Three-bedroom, near metro M3."
ML-2025-15362,2025-07-10,Porta Venezia,2140,81,4,3,1,6,True,furnished,autonomous,,2018.0,M2,249.0,3,temporary,"Three-bedroom, with elevator, near metro M2."
ML-2025-04418,2025-03-23,porta venezia,1099,62,2,1,2,1,False,furnished,central,F,1968.0,M1,237.0,3,temporary,"One-bedroom, near metro M1."
ML-2025-29539,24/03/2025,Zone Centro Storico,1365,54,3,2,1,4,False,partly furnished,heat pump,G,,M1,214.0,2,student,"Two-bedroom, near metro M1."
ML-2025-05355,05/08/2025,corvetto,€ 380,147,7,7,2,3,False,partly furnished,auto.,E,,M2,365.0,3,4+4,"Seven-bedroom, near metro M2."
ML-2025-35626,2025-08-01,Bocconi,1740,99,4,3,1,3,True,furnished,autonomous,e,,M2,241.0,1,4+4,"Three-bedroom, with elevator, near metro M2."
ML-2025-06168,08/08/2025,città studi,€ 615,93 sqm,4,4,2,2,True,partly furnished,centr.,F,1942.0,M1,259.0,1,temporary,"Four-bedroom, with elevator, near metro M1."
ML-2025-39665,24/04/2025,sempione,902,86 sqm,3,3,2,0,True,unfurnished,autonomous,E,2001.0,M1,,2,4+4,"Three-bedroom, with elevator, near metro M1."
ML-2025-81029,12/10/2025,porta garibaldi,€ 1066,49,2,2,1,3,False,unfurn.,central,E,1939.0,M2,228.0,2,4+4,"Two-bedroom, near metro M2."
ML-2025-22309,02/10/2024,porta garibaldi,€2557,109,4,3,1,2,False,unfurnished,auto.,G,,M2,311.0,2,3+2,"Three-bedroom, near metro M2."
ML-2025-08290,2025-01-14,Isola,387,52,2,2,1,3,True,furnished,autonomous,G,1921.0,M5,201.0,3,3+2,"Two-bedroom, in historic building, with elevator, near metro M5."
ML-2025-23420,2025-07-18,città studi,€ 396,77,3,2,1,3,False,furnished,autonomous,E,1911.0,M5,173.0,2,4+4,"Two-bedroom, in historic building, near metro M5."
ML-2025-42632,03/09/2025,porta venezia,€ 790,39 sqm,1,1,1,5,False,unfurnished,autonomous,E,1908.0,M1,195.0,1,4+4,"One-bedroom, in historic building, near metro M1."
ML-2025-63938,2025-04-18,affori,380,34,1,1,1,ground floor,True,partly furnished, autonomous,,1941.0,,,1,4+4,"One-bedroom, with elevator."
ML-2025-62582,2025-09-22,lambrate,380,78,3,2,1,2,True,unfurnished,central,E,,M2,,2,4+4,"Two-bedroom, with elevator, near metro M2."
ML-2025-02306,02/11/2025,Zone Magenta,€978,53,2,1,1,4,False,furnished,autonomous,F,1943.0,M5,159.0,2,4+4,"One-bedroom, near metro M5."
ML-2025-92718,02/11/2025,nolo,388,35,2,1,1,7,True,furnished,central,B,1964.0,M3,155.0,2,4+4,"One-bedroom, with elevator, near metro M3."
ML-2025-44145,23/10/2024,Quadrilatero,2883,85,3,3,1,4,False,unfurnished,autonomous,B,1922.0,M1,247.0,1,student,"Three-bedroom, in historic building, near metro M1."
ML-2025-31569,13/09/2025,Corvetto,380,147 sqm,7,7,3,2,True,unfurnished,autonomous,E,1947.0,M1,284.0,1,4+4,"Seven-bedroom, with elevator, near metro M1."
ML-2025-92917,2024-06-03,Zone Greco,€380,114,4,3,1,3,False,furnished,autonomous,G,1909.0,M5,264.0,1,temporary,"Three-bedroom, in historic building, near metro M5."
ML-2025-18513,04/02/2025,quarto oggiaro,380,64,3,2,2,6,False,furnished,centr.,D,2013.0,,146.0,2,student,Two-bedroom.
ML-2025-76143,2025-06-23,Zone Magenta,€1028,70,3,2,1,3,False,unfurnished, autonomous,G,1951.0,M2,,1,4+4,"Two-bedroom, near metro M2."
ML-2025-98467,2025-10-24,quadrilatero,€ 4377,96,4,4,1,4,False,furnished,central,G,1901.0,M2,,2,4+4,"Four-bedroom, in historic building, near metro M2."
ML-2025-33290,27/06/2024,porta venezia,€ 2086,104,4,3,2,0,True,furnished,autonomous,G,1908.0,M2,322.0,2,temporary,"Three-bedroom, in historic building, with elevator, near metro M2."
ML-2025-43294,2024-12-19,Brera,€2461,62,3,2,2,4th,True,unfurnished,autonomous,G,1915.0,M3,225.0,2,4+4,"Two-bedroom, in historic building, with elevator, near metro M3."
ML-2025-54850,2025-07-19,brera,€ 1816,71,3,2,1,4,False,furnished,autonomous,D,1912.0,M2,186.0,1,4+4,"Two-bedroom, in historic building, near metro M2."
ML-2025-82942,25/01/2024,centro storico,€ 1971,78,3,2,2,3,True,furn.,central,D,1926.0,M1,206.0,1,4+4,"Two-bedroom, in historic building, with elevator, near metro M1."
ML-2025-98192,2025-11-26,lorenteggio,€380,85,3,2,1,3,False,furnished,autonomous,C,1942.0,,203.0,1,temporary,Two-bedroom.
ML-2025-56357,2025-06-01,brera,2600,67,2,1,1,1,True,furnished,autonomous,E,1987.0,M2,251.0,1,temporary,"One-bedroom, with elevator, near metro M2."
ML-2025-71631,17/01/2025,quadrilatero,€ 3734,67 sqm,2,1,1,2,True,partly furnished,autonomous,A4,2018.0,M2,232.0,1,3+2,"One-bedroom, with elevator, near metro M2."
ML-2025-85743,2025-09-21,Lambrate,380,113,4,3,2,2,True,unfurnished,autonomous,,,M3,269.0,1,4+4,"Three-bedroom, with elevator, near metro M3."
ML-2025-58963,27/05/2025,nolo,€ 380,107 sqm,4,3,2,5th,False,furnished,autonomous,G,1979.0,M5,255.0,3,3+2,"Three-bedroom, near metro M5."
ML-2025-78517,2024-10-02,bicocca,380,83,3,2,1,4,True,furnished,centr.,,1967.0,M1,222.0,3,3+2,"Two-bedroom, with elevator, near metro M1."
ML-2025-55924,22/10/2025,Zone Città Studi,720,128 sqm,4,3,2,3,False,furnished,central,,1943.0,M5,308.0,3,3+2,"Three-bedroom, near metro M5."
ML-2025-54870,2024-12-15,De Angeli,€ 416,61,2,1,1,4th,True,partly furnished,auto.,,1973.0,M3,,1,student,"One-bedroom, with elevator, near metro M3."
ML-2025-89424,2025-12-19,Città Studi,575,124,6,5,2,4,False,unfurnished,autonomous,,1994.0,M2,298.0,2,4+4,"Five-bedroom, near metro M2."
ML-2025-36884,2025-10-27,Zone Porta Garibaldi,1672,85,4,4,1,0,False,unfurnished,autonomous,G,1963.0,M1,203.0,1,4+4,"Four-bedroom, near metro M1."
ML-2025-19479,2024-02-27,Zone Sempione,1620,220,7,6,2,4,False,furnished,heat pump,D,1939.0,M2,455.0,2,4+4,"Six-bedroom, near metro M2."
ML-2025-72385,05/10/2025,isola,€ 572,46,1,1,1,7,True,partly furnished,central,,1909.0,M5,167.0,2,3+2,"One-bedroom, in historic building, with elevator, near metro M5."
ML-2025-57868,2025-01-14,magenta,768,55,2,2,1,2,True,partly furnished,autonomous ,G,,M3,202.0,1,student,"Two-bedroom, with elevator, near metro M3."
ML-2025-56091,2025-06-12,porta garibaldi,€ 1814,81,2,2,1,6,True,furnished,heat pump,B,1907.0,M2,244.0,1,4+4,"Two-bedroom, in historic building, with elevator, near metro M2."
ML-2025-35017,2025-10-14,quadrilatero,€4419,80 sqm,4,4,1,3,False,furnished,autonomous,G,2019.0,M1,255.0,1,4+4,"Four-bedroom, near metro M1."
ML-2025-71522,2024-11-12,Zone Bicocca,€ 380,139,5,4,2,ground floor,True,furnished,autonomous,,1973.0,M2,317.0,1,student,"Four-bedroom, with elevator, near metro M2."
ML-2025-46818,2025-12-23,porta romana,745,55,3,2,1,3,False,unfurnished,heat pump,E,1917.0,M2,196.0,1,4+4,"Two-bedroom, in historic building, near metro M2."
ML-2025-65582,25/02/2025,quadrilatero,3993,96 sqm,3,2,1,2,False,furnished,central,F,1952.0,M3,,1,temporary,"Two-bedroom, near metro M3."
ML-2025-03992,19/09/2024,porta venezia,€ 1549,105,5,5,1,2,True,furn.,autonomous ,G,1907.0,M5,309.0,2,student,"Five-bedroom, in historic building, with elevator, near metro M5."
ML-2025-93162,2025-01-18,de angeli,602,90,4,3,1,4,False,unfurnished,central,C,,M2,278.0,1,temporary,"Three-bedroom, near metro M2."
ML-2025-79321,2025-07-04,magenta,974,50 sqm,2,1,1,3,False,empty,heat pump,,1925.0,M1,,1,4+4,"One-bedroom, in historic building, near metro M1."
ML-2025-49719,2025-05-10,Bocconi,€1679,115,4,3,2,2,True,furnished,autonomous,,1911.0,M2,269.0,3,3+2,"Three-bedroom, in historic building, with elevator, near metro M2."
ML-2025-18429,2025-03-09,de angeli,451,108 sqm,5,5,1,6,False,unfurnished,autonomous,G,1957.0,M1,246.0,2,4+4,"Five-bedroom, near metro M1."
ML-2025-98333,2025-09-04,Brera,€ 2513,86,4,4,1,2,False,furnished,auto.,G,1917.0,M1,265.0,1,4+4,"Four-bedroom, in historic building, near metro M1."
ML-2025-56270,2025-12-16,sempione,€ 806,75,4,3,1,4,True,unfurnished,heat pump,,1905.0,M2,,2,4+4,"Three-bedroom, in historic building, with elevator, near metro M2."
ML-2025-46274,2025-05-18,magenta,€ 1534,76,3,3,1,5,True,partly,autonomous ,G,2003.0,M3,186.0,1,4+4,"Three-bedroom, with elevator, near metro M3."
ML-2025-92331,01/09/2025,porta venezia,884,68,2,1,1,7th,True,unfurnished,autonomous,F,1980.0,M2,249.0,2,student,"One-bedroom, with elevator, near metro M2."
ML-2025-90660,2025-10-13,bocconi,1223,88,3,2,1,3,True,partly furnished,autonomous,G,2023.0,M5,262.0,2,3+2,"Two-bedroom, with elevator, near metro M5."
ML-2025-25746,2025-09-14,greco,€ 380,71,2,2,1,3,False,unfurnished,autonomous,g,1954.0,M5,213.0,2,4+4,"Two-bedroom, near metro M5."
ML-2025-67275,13/04/2024,porta romana,€781,52 sqm,3,3,1,1,False,partly furnished,central,,1924.0,M1,224.0,1,3+2,"Three-bedroom, in historic building, near metro M1."
ML-2025-32773,2025-11-07,Tortona,€547,48,2,1,1,3th,False,unfurnished,autonomous,D,1921.0,M3,177.0,2,3+2,"One-bedroom, in historic building, near metro M3."
ML-2025-03834,01/09/2025,Porta Romana,817,54,3,2,1,2,True,furnished,centr.,D,2013.0,M1,200.0,2,4+4,"Two-bedroom, with elevator, near metro M1."
ML-2025-40611,2025-11-07,tortona,€623,76,3,2,1,ground floor,True,partly furn.,central,G,1927.0,M1,240.0,2,4+4,"Two-bedroom, in historic building, with elevator, near metro M1."
ML-2025-24065,2024-03-27,città studi,€ 380,69,3,3,1,2,False,unfurnished,autonomous,,1950.0,M1,174.0,1,3+2,"Three-bedroom, near metro M1."
ML-2025-54397,25/01/2025,città studi,€ 486,75 sqm,3,2,2,1,True,partly furnished,central,,2018.0,M1,,1,temporary,"Two-bedroom, with elevator, near metro M1."
ML-2025-44357,2024-09-19,Città Studi,420,83,4,3,1,2,True,empty,autonomous,G,1940.0,M3,224.0,2,4+4,"Three-bedroom, with elevator, near metro M3."
ML-2025-23011,08/01/2025,Quadrilatero,€ 3310,56,2,1,1,4,True,unfurnished,central,,1929.0,M3,235.0,1,temporary,"One-bedroom, in historic building, with elevator, near metro M3."
ML-2025-45552,01/03/2025,bocconi,1837,117 sqm,5,4,1,4,True,furnished,central,E,1981.0,M3,272.0,1,3+2,"Four-bedroom, with elevator, near metro M3."
ML-2025-73842,2025-03-25,Bocconi,950,64,3,3,1,first,True,furnished,autonomous,G,,M2,188.0,1,4+4,"Three-bedroom, with elevator, near metro M2."
ML-2025-61963,2025-03-12,Zone Bocconi,874,60,2,1,1,3,True,unfurnished,autonomous,G,2008.0,M3,189.0,1,4+4,"One-bedroom, with elevator, near metro M3."
ML-2025-62970,2025-11-15,brera,2316,83,3,2,1,3,False,partly furnished,autonomous,F,1904.0,M3,261.0,1,3+2,"Two-bedroom, in historic building, near metro M3."
ML-2025-12708,2025-11-27,Zone Isola,€ 380,37 sqm,2,2,1,ground floor,False,partly furnished,autonomous,G,1907.0,M5,159.0,2,4+4,"Two-bedroom, in historic building, near metro M5."
ML-2025-09323,2025-07-26,navigli,€ 399,53 sqm,2,1,1,2,False,unfurnished,central,,1952.0,M3,153.0,1,4+4,"One-bedroom, near metro M3."
ML-2025-63488,15/09/2025,Brera,€ 3061,99,4,3,2,first,False,furnished,autonomous,G,1917.0,M2,242.0,1,temporary,"Three-bedroom, in historic building, near metro M2."
ML-2025-50962,2025-08-20,porta venezia,949,38,1,1,1,0,True,furnished,autonomous,g,1977.0,M2,179.0,2,4+4,"One-bedroom, with elevator, near metro M2."
ML-2025-62920,2025-11-16,isola,€ 902,104,4,4,2,2,True,furnished,heat pump,E,1908.0,M2,265.0,2,4+4,"Four-bedroom, in historic building, with elevator, near metro M2."
ML-2025-35980,2025-05-12,Sempione,1275,119,5,4,2,3,False,partly furnished,autonomous,A,2007.0,M1,293.0,2,4+4,"Four-bedroom, near metro M1."
ML-2025-10743,2025-09-07,porta venezia,1414,62,3,3,1,1,True,unfurnished,heat pump,,1984.0,M3,,2,4+4,"Three-bedroom, with elevator, near metro M3."
ML-2025-35062,2025-06-01,lambrate,380,78 sqm,3,2,2,5,True,unfurnished,central,B,1924.0,M5,,1,student,"Two-bedroom, in historic building, with elevator, near metro M5."
ML-2025-64487,26/07/2025,tortona,1277,104 sqm,4,3,2,5,True,partly furnished,central,,1934.0,M5,266.0,3,4+4,"Three-bedroom, with elevator, near metro M5."
ML-2025-98307,2025-04-25,Zone Sempione,776,59,2,2,1,2,False,furnished,autonomous,,1966.0,M1,211.0,2,4+4,"Two-bedroom, near metro M1."
ML-2025-57044,2024-10-11,porta garibaldi,€2147,95,4,4,2,1,True,partly furnished,central,D,1919.0,M1,266.0,1,temporary,"Four-bedroom, in historic building, with elevator, near metro M1."
ML-2025-40547,2025-12-20,porta garibaldi,1231,55 sqm,2,1,1,6,True,unfurnished,heatpump,F,2005.0,M1,,2,4+4,"One-bedroom, with elevator, near metro M1."
ML-2025-36436,03/12/2025,Città Studi,€ 561,59,2,2,1,1,True,furnished,central,C,1961.0,M3,163.0,2,4+4,"Two-bedroom, with elevator, near metro M3."
ML-2025-02399,04/05/2025,Quarto Oggiaro,€ 380,53,3,2,2,1,False,unfurn.,central,,1939.0,,120.0,2,3+2,Two-bedroom.
ML-2025-19615,24/02/2025,porta garibaldi,1800,79 sqm,3,2,1,0,True,furnished,autonomous,,1995.0,M3,,2,temporary,"Two-bedroom, with elevator, near metro M3."
ML-2025-35493,26/11/2025,Porta Garibaldi,1702,105 sqm,5,4,1,0,False,unfurnished,autonomous,b,1986.0,M5,303.0,3,3+2,"Four-bedroom, near metro M5."
ML-2025-61377,17/01/2025,nolo,€ 380,66,2,2,1,6,True,furnished,heat pump,F,1943.0,M1,,1,4+4,"Two-bedroom, with elevator, near metro M1."
ML-2025-59957,14/02/2025,sempione,433,45,2,2,1,7,True,furnished,autonomous,G,,M2,162.0,2,4+4,"Two-bedroom, with elevator, near metro M2."
ML-2025-33151,2024-11-18,centro storico,€1424,48 sqm,3,3,2,4,True,unfurnished,autonomous,F,1979.0,M3,197.0,1,4+4,"Three-bedroom, with elevator, near metro M3."
ML-2025-52778,01/04/2024,Zone Porta Garibaldi,1655,80,3,2,1,7,True,furnished,autonomous ,F,1938.0,M1,237.0,3,4+4,"Two-bedroom, with elevator, near metro M1."
ML-2025-22918,09/07/2024,Porta Garibaldi,1980,133,5,4,2,5,True,furnished,central,,1935.0,M2,343.0,1,student,"Four-bedroom, with elevator, near metro M2."
ML-2025-07709,2024-03-08,Quarto Oggiaro,380,80 sqm,3,2,1,3,False,partly furn.,central,F,1936.0,M2,162.0,1,4+4,"Two-bedroom, near metro M2."
ML-2025-29138,15/04/2025,Zone Porta Garibaldi,1858,61,3,3,2,5,True,furnished,central,A,1916.0,M2,188.0,2,4+4,"Three-bedroom, in historic building, with elevator, near metro M2."
ML-2025-16819,24/04/2025,porta garibaldi,€1595,92 sqm,3,3,1,3,False,unfurnished,autonomous,D,2019.0,M5,,2,4+4,"Three-bedroom, near metro M5."
ML-2025-53500,2025-03-03,corvetto,380,64,3,3,2,7,True,unfurnished,autonomous,,2007.0,M1,170.0,2,4+4,"Three-bedroom, with elevator, near metro M1."
ML-2025-76936,2024-09-12,isola,489,61,2,1,1,6,True,furn.,autonomous,,1942.0,M2,261.0,1,4+4,"One-bedroom, with elevator, near metro M2."
ML-2025-16867,21/09/2025,quadrilatero,2657,50,3,3,2,6,False,partly furnished,heat pump,G,1916.0,M5,213.0,2,4+4,"Three-bedroom, in historic building, near metro M5."
ML-2025-00725,2025-02-22,Porta Venezia,2056,115,5,5,3,4,False,furnished,autonomous,,1957.0,M2,306.0,2,temporary,"Five-bedroom, near metro M2."
ML-2025-05547,2025-12-24,Zone Brera,€1146,29,1,1,1,4,True,furnished,heat pump,g,1948.0,M3,,2,4+4,"One-bedroom, with elevator, near metro M3."
ML-2025-23053,2024-07-11,centro storico,€ 2256,93,3,2,1,0,True,furnished,autonomous,E,1922.0,M5,270.0,2,3+2,"Two-bedroom, in historic building, with elevator, near metro M5."
ML-2025-16552,26/09/2025,isola,380,60,3,3,1,5,True,unfurnished,central,G,1974.0,M1,215.0,2,3+2,"Three-bedroom, with elevator, near metro M1."
ML-2025-98070,04/01/2024,bicocca,€ 380,61,2,1,1,0,True,furnished,central,E,1974.0,,179.0,2,4+4,"One-bedroom, with elevator."
ML-2025-23701,2025-05-23,sempione,€ 1847,127,5,5,3,4th,False,furnished,central,C,,M1,,3,4+4,"Five-bedroom, in historic building, near metro M1."
ML-2025-65563,06/12/2025,centro storico,1220,55,1,1,1,1,False,empty,central,E,,M1,,2,4+4,"One-bedroom, near metro M1."
ML-2025-69578,2024-11-19,tortona,€ 660,55 sqm,2,2,1,3,True,unfurnished,central,D,,M2,174.0,1,temporary,"Two-bedroom, in historic building, with elevator, near metro M2."
ML-2025-24553,24/01/2024,quadrilatero,3302,67,2,2,1,0,False,furnished,central,D,1924.0,M1,240.0,2,4+4,"Two-bedroom, in historic building, near metro M1."
ML-2025-14599,19/09/2025,baggio,€ 380,81,3,2,2,2,True,furnished,autonomous,G,1959.0,,193.0,1,4+4,"Two-bedroom, with elevator."
ML-2025-19401,05/10/2024,quadrilatero,€2580,60,3,2,2,4,False,furnished,heat pump,E,1938.0,M3,272.0,3,3+2,"Two-bedroom, near metro M3."
ML-2025-87963,24/02/2025,Zone Città Studi,380,40,1,1,1,2th,False,furnished,central,C,1915.0,M2,187.0,1,4+4,"One-bedroom, in historic building, near metro M2."
ML-2025-41652,26/11/2024,magenta,€ 1013,52 sqm,2,2,1,2,False,unfurnished,autonomous,E,1960.0,M2,177.0,1,3+2,"Two-bedroom, near metro M2."
ML-2025-00745,2024-03-14,città studi,380,110,4,3,1,1,False,furnished,autonomous,F,1945.0,M1,236.0,2,4+4,"Three-bedroom, near metro M1."
ML-2025-64556,2025-12-08,navigli,€ 832,72,3,2,1,1,False,furnished,autonomous,D,,M3,208.0,2,4+4,"Two-bedroom, near metro M3."
ML-2025-42938,2025-01-18,Sempione,748,82,4,4,2,2,True,furnished,central,B,1940.0,M2,210.0,2,student,"Four-bedroom, with elevator, near metro M2."
ML-2025-17105,2025-08-27,Zone Porta Venezia,€1052,64,2,1,1,ground floor,True,unfurnished,centr.,G,1978.0,M1,203.0,1,3+2,"One-bedroom, with elevator, near metro M1."
ML-2025-16260,2024-03-27,Greco,380,56,2,1,1,7,True,unfurn.,autonomous,,2020.0,M5,,1,4+4,"One-bedroom, with elevator, near metro M5."
ML-2025-74794,2025-08-03,porta garibaldi,€ 2405,126,4,3,2,5,True,furnished,central,,1926.0,M3,295.0,1,temporary,"Three-bedroom, in historic building, with elevator, near metro M3."
ML-2025-31363,2024-10-04,sempione,712,66 sqm,3,3,1,first,True,unfurnished,autonomous,A4,1982.0,M3,205.0,2,4+4,"Three-bedroom, with elevator, near metro M3."
ML-2025-04194,2024-07-15,de angeli,€601,60,2,1,1,7,True,unfurnished,autonomous,F,,M3,190.0,3,4+4,"One-bedroom, in historic building, with elevator, near metro M3."
ML-2025-76619,24/09/2025,Zone Lorenteggio,€380,103 sqm,5,4,2,2th,False,furnished,central,F,,M2,223.0,2,4+4,"Four-bedroom, near metro M2."
ML-2025-19400,2025-10-01,Porta Venezia,€ 1018,54 sqm,2,1,1,4,True,furnished,auto.,C,,M2,177.0,2,4+4,"One-bedroom, with elevator, near metro M2."
ML-2025-99703,19/04/2025,porta romana,€ 967,57,3,2,1,5,True,furnished,autonomous,F,1902.0,M2,228.0,1,4+4,"Two-bedroom, in historic building, with elevator, near metro M2."
ML-2025-59027,2025-11-07,Zone Porta Venezia,€ 1302,70,3,3,1,6,True,partly furnished,autonomous,E,1911.0,M3,234.0,1,3+2,"Three-bedroom, in historic building, with elevator, near metro M3."
ML-2025-54954,2025-01-08,Porta Romana,€ 873,70,3,2,2,ground floor,False,furnished,autonomous,E,1916.0,M5,204.0,2,4+4,"Two-bedroom, in historic building, near metro M5."
ML-2025-70618,2025-07-24,nolo,380,77,4,3,1,2,True,furnished,autonomous,G,1961.0,M3,189.0,2,student,"Three-bedroom, with elevator, near metro M3."
ML-2025-22178,2025-10-08,Lorenteggio,380,146,6,5,2,2,True,unfurn.,autonomous,G,1918.0,M2,,1,4+4,"Five-bedroom, in historic building, with elevator, near metro M2."
ML-2025-67221,2025-09-06,Lorenteggio,€ 380,79,3,3,2,4th,True,unfurnished,autonomous,C,1981.0,,153.0,1,4+4,"Three-bedroom, with elevator."
ML-2025-17771,2025-04-27,porta garibaldi,€ 709,30,1,1,1,4,False,partly furn.,heat pump,F,1988.0,M3,,2,3+2,"One-bedroom, near metro M3."
ML-2025-26181,2024-12-25,città studi,€ 380,78,3,3,2,3,True,furnished,autonomous,C,1949.0,M1,241.0,2,4+4,"Three-bedroom, with elevator, near metro M1."
ML-2025-57289,25/12/2025,de angeli,496,71,3,3,1,3,False,furnished,central,,1938.0,M2,188.0,3,4+4,"Three-bedroom, near metro M2."
ML-2025-38549,2025-02-16,quarto oggiaro,€ 380,71,3,2,1,0,True,unfurnished,central,C,1943.0,M1,192.0,1,4+4,"Two-bedroom, with elevator, near metro M1."
ML-2025-90195,2025-02-08,Porta Venezia,€ 1333,76 sqm,3,3,1,4th,True,unfurn.,autonomous,F,1909.0,M2,248.0,2,4+4,"Three-bedroom, in historic building, with elevator, near metro M2."
ML-2025-03763,20/08/2025,Porta Garibaldi,€1392,69,3,2,1,3,False,partly furnished,autonomous,F,2002.0,M3,223.0,2,4+4,"Two-bedroom, near metro M3."
ML-2025-09963,2025-03-21,de angeli,505,69 sqm,3,2,1,2,False,unfurnished,autonomous ,E,1949.0,M2,221.0,1,3+2,"Two-bedroom, near metro M2."
ML-2025-00048,10/01/2025,Zone Porta Romana,€ 1133,87,3,2,2,1,False,unfurnished,central,,2002.0,M3,,1,4+4,"Two-bedroom, near metro M3."
ML-2025-90626,2025-10-16,isola,391,58,2,2,1,4,True,furn.,central,G,1987.0,M2,196.0,1,4+4,"Two-bedroom, with elevator, near metro M2."
ML-2025-41648,27/06/2025,Lorenteggio,380,50,2,1,1,0,False,partly furnished,autonomous,C,1962.0,,142.0,2,4+4,One-bedroom.
ML-2025-87949,2024-11-16,Lorenteggio,380,202,7,6,2,6,True,unfurnished, autonomous,D,1993.0,M3,374.0,1,4+4,"Six-bedroom, with elevator, near metro M3."
ML-2025-54335,23/09/2024,Greco,€380,54,2,1,1,3,False,furnished,autonomous,F,1927.0,M2,,2,student,"One-bedroom, in historic building, near metro M2."
ML-2025-86059,2025-08-01,Bicocca,€380,72,2,2,1,3,True,unfurnished,central,D,1919.0,M3,,2,3+2,"Two-bedroom, in historic building, with elevator, near metro M3."
ML-2025-82111,25/05/2025,Porta Romana,594,41,3,2,1,6,True,unfurnished,autonomous,A,1936.0,M3,219.0,2,4+4,"Two-bedroom, with elevator, near metro M3."
ML-2025-09767,2025-09-27,magenta,1432,73,3,3,1,4,True,furnished,autonomous,A,1945.0,M3,205.0,2,4+4,"Three-bedroom, with elevator, near metro M3."
ML-2025-96265,2024-02-04,tortona,€ 485,50,2,1,1,6,False,unfurnished,central,E,1934.0,M1,129.0,1,4+4,"One-bedroom, near metro M1."
ML-2025-51128,2024-04-12,tortona,584,60,3,3,2,0,False,unfurnished,central,E,2005.0,M3,,2,4+4,"Three-bedroom, near metro M3."
ML-2025-59914,08/10/2025,Porta Garibaldi,1634,101,3,3,1,3,True,furnished,autonomous,F,1990.0,M2,272.0,2,student,"Three-bedroom, with elevator, near metro M2."
ML-2025-24274,2025-09-15,Città Studi,611,83,2,1,2,7,True,partly furnished,autonomous,G,1974.0,M3,233.0,1,4+4,"One-bedroom, with elevator, near metro M3."
ML-2025-81654,23/03/2025,navigli,853,85,3,3,1,1,True,partly furnished,autonomous,G,2009.0,M2,233.0,1,temporary,"Three-bedroom, with elevator, near metro M2."
ML-2025-08277,06/11/2024,Zone Sempione,380,38,1,1,1,6,True,furnished,central,,1907.0,M1,194.0,1,temporary,"One-bedroom, in historic building, with elevator, near metro M1."
ML-2025-13048,2025-07-19,magenta,€2567,133,5,4,1,3,False,furnished,autonomous,,1970.0,M2,354.0,2,temporary,"Four-bedroom, near metro M2."
ML-2025-22825,04/09/2025,magenta,907,46 sqm,2,2,1,0,True,partly,autonomous,E,1966.0,M3,172.0,1,4+4,"Two-bedroom, with elevator, near metro M3."
ML-2025-81665,11/02/2025,quadrilatero,€ 4500,120 sqm,5,5,3,1,True,furnished,autonomous,D,,M1,324.0,2,4+4,"Five-bedroom, in historic building, with elevator, near metro M1."
ML-2025-81571,15/02/2025,Quadrilatero,4500,100 sqm,4,4,2,0,True,partly furnished,central,G,1981.0,M3,,3,temporary,"Four-bedroom, with elevator, near metro M3."
ML-2025-25339,13/12/2024,De Angeli,811,86,4,3,2,2,True,furnished,centr.,E,1976.0,M3,211.0,1,temporary,"Three-bedroom, with elevator, near metro M3."
ML-2025-54880,04/11/2025,Isola,380,52,2,1,1,first,False,unfurnished,central,D,1926.0,M1,221.0,1,3+2,"One-bedroom, in historic building, near metro M1."
ML-2025-40975,12/05/2025,porta venezia,1162,74,3,3,1,ground floor,True,unfurnished,centr.,F,1948.0,M2,257.0,2,4+4,"Three-bedroom, with elevator, near metro M2."
ML-2025-54897,2025-12-10,Sempione,€ 684,59,2,1,2,0,False,furnished,central,E,1919.0,M5,171.0,2,4+4,"One-bedroom, in historic building, near metro M5."
ML-2025-02133,16/10/2025,Zone Tortona,€ 733,71,3,3,1,3,False,unfurnished,central,,1932.0,M1,247.0,3,4+4,"Three-bedroom, near metro M1."
ML-2025-43483,2025-04-09,Zone Centro Storico,1690,64,3,2,1,2,False,furnished,autonomous,B,1913.0,M1,194.0,2,4+4,"Two-bedroom, in historic building, near metro M1."
ML-2025-46804,2025-05-14,Magenta,903,34,2,1,1,5,True,furnished,auto.,D,1929.0,M3,150.0,1,4+4,"One-bedroom, in historic building, with elevator, near metro M3."
ML-2025-01441,2025-07-26,quadrilatero,4500,104,4,4,1,4,False,furnished,heat pump,g,1935.0,M2,301.0,1,temporary,"Four-bedroom, near metro M2."
ML-2025-65129,2025-05-13,città studi,380,68,3,2,1,6,False,furnished,central,E,1962.0,M3,229.0,1,3+2,"Two-bedroom, near metro M3."
ML-2025-38354,2024-04-20,porta romana,€763,59,2,2,1,3,True,furnished,heat pump,D,1944.0,M3,203.0,2,3+2,"Two-bedroom, with elevator, near metro M3."
ML-2025-25206,09/03/2024,centro storico,1909,58 sqm,2,1,1,3,False,furnished,autonomous,F,1910.0,M2,199.0,1,temporary,"One-bedroom, in historic building, near metro M2."
ML-2025-78620,19/08/2025,Centro Storico,1941,79,3,2,1,ground floor,True,furnished,heat pump,F,2013.0,M2,239.0,2,3+2,"Two-bedroom, with elevator, near metro M2."
ML-2025-80866,13/05/2025,nolo,517,51,2,1,1,7,True,furnished,autonomous,b,1920.0,M1,163.0,2,4+4,"One-bedroom, in historic building, with elevator, near metro M1."
ML-2025-25354,2025-12-17,centro storico,1003,32,1,1,1,first,True,furnished,centr.,D,1963.0,M2,197.0,2,temporary,"One-bedroom, with elevator, near metro M2."
ML-2025-92618,2024-11-05,De Angeli,516,81,2,1,1,4,False,partly furnished,autonomous,D,2017.0,M1,207.0,1,4+4,"One-bedroom, near metro M1."
ML-2025-01567,23/02/2025,quadrilatero,3726,84,4,4,1,7,True,furnished,autonomous,D,1998.0,M5,238.0,1,student,"Four-bedroom, with elevator, near metro M5."
ML-2025-57067,2024-08-06,città studi,€380,65,3,2,1,4,True,unfurnished,autonomous,E,1922.0,M1,161.0,1,4+4,"Two-bedroom, in historic building, with elevator, near metro M1."
ML-2025-71006,05/08/2025,isola,380,47,3,3,1,5,True,furnished,autonomous,D,2012.0,M1,161.0,1,3+2,"Three-bedroom, with elevator, near metro M1."
ML-2025-24406,19/01/2025,isola,€ 577,72,3,2,1,1,True,furnished,autonomous,F,1912.0,M3,,2,4+4,"Two-bedroom, in historic building, with elevator, near metro M3."
ML-2025-36648,2025-10-08,Zone Centro Storico,1277,42 sqm,1,1,1,5,True,furnished,heat pump,F,1939.0,M1,162.0,2,4+4,"One-bedroom, with elevator, near metro M1."
ML-2025-70526,2024-07-27,lambrate,€380,49,2,1,2,1,False,furnished,heatpump,,1965.0,M2,117.0,3,4+4,"One-bedroom, near metro M2."
ML-2025-36268,19/10/2025,affori,380,54,2,1,1,5,True,unfurnished,central,D,1907.0,M5,170.0,2,4+4,"One-bedroom, in historic building, with elevator, near metro M5."
ML-2025-29461,2025-06-06,Zone Centro Storico,3279,94,3,3,1,4,False,unfurnished,heat pump,,1922.0,M3,243.0,1,temporary,"Three-bedroom, in historic building, near metro M3."
ML-2025-64808,2024-06-27,quadrilatero,€3256,62,3,2,2,3,False,furnished,central,C,1936.0,M1,,1,4+4,"Two-bedroom, near metro M1."
ML-2025-16279,2025-09-25,Greco,€ 380,60,3,2,2,2,False,furnished,heat pump,G,1907.0,M1,207.0,3,4+4,"Two-bedroom, in historic building, near metro M1."
ML-2025-55973,08/10/2024,tortona,1379,139,6,6,2,5,False,partly furnished,autonomous,C,1964.0,M2,330.0,1,temporary,"Six-bedroom, near metro M2."
ML-2025-28519,17/10/2025,Quadrilatero,€4500,79,3,2,1,1,True,furnished,autonomous,G,1980.0,M2,273.0,1,3+2,"Two-bedroom, with elevator, near metro M2."
ML-2025-31881,2025-06-12,Porta Venezia,€1296,79,3,2,1,3,False,partly furnished,central,F,1904.0,M1,250.0,3,temporary,"Two-bedroom, in historic building, near metro M1."
ML-2025-43901,26/07/2024,Zone Bocconi,1173,62,3,2,1,3,True,unfurn.,autonomous,G,2001.0,M1,235.0,1,4+4,"Two-bedroom, with elevator, near metro M1."
ML-2025-73290,26/12/2025,Sempione,812,57 sqm,2,2,1,1,True,furnished,central,G,1944.0,M3,222.0,2,4+4,"Two-bedroom, with elevator, near metro M3."
ML-2025-22569,11/11/2025,nolo,€ 380,33,1,1,1,2,True,furnished,central,G,1941.0,M2,137.0,1,4+4,"One-bedroom, with elevator, near metro M2."
ML-2025-67197,2024-05-25,corvetto,380,98,4,4,2,0,False,furnished,autonomous,F,1907.0,M3,203.0,2,temporary,"Four-bedroom, in historic building, near metro M3."
ML-2025-33726,2024-08-19,Porta Garibaldi,2083,82,3,2,2,3,False,unfurnished,autonomous,,1909.0,M1,205.0,1,temporary,"Two-bedroom, in historic building, near metro M1."
ML-2025-89015,03/02/2024,Porta Romana,€845,66,3,3,1,first,True,partly furnished,centr.,F,1970.0,M2,208.0,2,temporary,"Three-bedroom, with elevator, near metro M2."
ML-2025-39562,2025-05-15,porta garibaldi,€1580,67,2,2,1,1,False,furnished,auto.,A,1932.0,M2,187.0,1,3+2,"Two-bedroom, near metro M2."
ML-2025-41906,11/07/2024,Navigli,954,91,4,4,1,6,True,partly furnished,autonomous,E,1917.0,M2,226.0,1,4+4,"Four-bedroom, in historic building, with elevator, near metro M2."
ML-2025-75385,27/05/2024,porta venezia,€ 856,41,2,2,1,1,True,furnished,central,G,1904.0,M3,176.0,2,4+4,"Two-bedroom, in historic building, with elevator, near metro M3."
ML-2025-04400,2025-12-06,centro storico,1734,57,3,2,1,ground floor,True,furnished,autonomous ,F,1950.0,M1,248.0,2,3+2,"Two-bedroom, with elevator, near metro M1."
ML-2025-85763,2024-11-02,magenta,€ 1010,47,2,1,1,2,True,unfurn.,autonomous,D,1972.0,M5,,1,4+4,"One-bedroom, with elevator, near metro M5."
ML-2025-33333,2025-01-04,Bocconi,1543,130,5,4,2,0,True,partly furnished,central,,1996.0,M3,305.0,1,3+2,"Four-bedroom, with elevator, near metro M3."
ML-2025-82489,02/04/2025,Zone Centro Storico,3090,95,3,2,2,6,True,unfurnished,autonomous,,1902.0,M2,,2,temporary,"Two-bedroom, in historic building, with elevator, near metro M2."
ML-2025-36956,2025-02-14,isola,380,32,2,2,1,7,True,partly furnished,heat pump,G,1912.0,M2,139.0,3,4+4,"Two-bedroom, in historic building, with elevator, near metro M2."
ML-2025-19322,24/02/2025,Zone Città Studi,380,41,1,1,1,3,False,unfurnished,autonomous,G,1938.0,M5,185.0,2,3+2,"One-bedroom, near metro M5."
ML-2025-10692,14/07/2024,città studi,394,67,2,1,1,4,False,partly,heat pump,C,1934.0,M2,180.0,2,4+4,"One-bedroom, near metro M2."
ML-2025-80974,02/10/2025,bicocca,380,59 sqm,2,1,1,0,True,partly furnished,central,,1946.0,M2,155.0,1,4+4,"One-bedroom, with elevator, near metro M2."
ML-2025-02471,24/09/2025,lambrate,380,44,2,1,1,4,False,unfurnished,central,G,1920.0,M3,157.0,2,4+4,"One-bedroom, in historic building, near metro M3."
ML-2025-64053,25/06/2024,bocconi,2363,138 sqm,5,5,2,ground floor,False,unfurnished,central,B,1933.0,M1,334.0,3,3+2,"Five-bedroom, near metro M1."
ML-2025-60452,21/05/2024,brera,€ 2449,78,3,2,1,2,True,unfurnished,central,G,1944.0,M3,228.0,1,3+2,"Two-bedroom, with elevator, near metro M3."
ML-2025-23780,03/03/2025,porta garibaldi,1696,83,4,4,2,3,True,partly furnished,autonomous,E,,M1,270.0,1,4+4,"Four-bedroom, with elevator, near metro M1."
ML-2025-75594,07/11/2025,nolo,380,55,2,1,1,3,False,unfurnished,central,,1971.0,M3,167.0,1,4+4,"One-bedroom, near metro M3."
ML-2025-37600,2024-10-04,porta venezia,1520,90,4,4,1,2,True,furnished,autonomous,,1981.0,M2,266.0,2,4+4,"Four-bedroom, with elevator, near metro M2."
ML-2025-79600,2025-05-18,Centro Storico,€1540,61,3,2,2,2,True,partly,autonomous,E,1923.0,M1,214.0,2,3+2,"Two-bedroom, in historic building, with elevator, near metro M1."
ML-2025-34550,2024-03-09,porta venezia,1248,63,2,2,1,first,False,unfurnished,autonomous,E,2023.0,M5,,2,4+4,"Two-bedroom, near metro M5."
ML-2025-77991,02/06/2025,isola,695,87,3,2,2,first,False,unfurnished,central,F,1983.0,M2,286.0,2,3+2,"Two-bedroom, near metro M2."
ML-2025-43514,20/09/2025,isola,380,40,2,2,1,3,False,unfurnished,autonomous,E,2003.0,M2,158.0,2,4+4,"Two-bedroom, near metro M2."
ML-2025-45912,2024-04-21,quadrilatero,4500,122,5,4,3,2,False,furnished,central,A,1954.0,M3,311.0,3,temporary,"Four-bedroom, near metro M3."
ML-2025-84483,2025-05-16,Lambrate,380,75,3,3,1,6,True,furnished,autonomous,G,1955.0,M2,189.0,2,4+4,"Three-bedroom, with elevator, near metro M2."
ML-2025-09854,05/02/2025,quarto oggiaro,€380,110,4,3,1,4,False,furnished,autonomous,E,1924.0,,,1,4+4,"Three-bedroom, in historic building."
ML-2025-41160,25/09/2025,Zone Porta Venezia,690,48,1,1,1,0,True,partly furnished,autonomous,f,2006.0,M3,173.0,2,4+4,"One-bedroom, with elevator, near metro M3."
ML-2025-04352,11/11/2025,quarto oggiaro,380,51,2,2,1,1,False,unfurnished,central,F,1962.0,M5,127.0,2,3+2,"Two-bedroom, near metro M5."
ML-2025-05467,18/10/2025,Centro Storico,1284,47,2,1,1,7,True,partly furnished,autonomous,F,1995.0,M1,179.0,1,student,"One-bedroom, with elevator, near metro M1."
ML-2025-13665,01/10/2025,Quarto Oggiaro,€380,76,3,3,1,7th,True,furnished,hp,,1959.0,M5,146.0,1,student,"Three-bedroom, with elevator, near metro M5."
ML-2025-73732,17/02/2025,corvetto,380,72,3,3,1,6,True,partly furnished,autonomous,,1931.0,M3,,2,4+4,"Three-bedroom, with elevator, near metro M3."
ML-2025-78457,25/11/2025,Zone Centro Storico,1514,59,2,1,1,0,False,furn.,autonomous,E,1911.0,M1,251.0,1,3+2,"One-bedroom, in historic building, near metro M1."
ML-2025-78701,2025-10-16,Sempione,730,49,2,1,1,5,True,furnished,autonomous,G,,M3,229.0,2,3+2,"One-bedroom, with elevator, near metro M3."
ML-2025-99224,08/04/2025,Corvetto,€ 380,45,1,1,1,5,False,partly furnished,autonomous,G,1995.0,M2,166.0,2,3+2,"One-bedroom, near metro M2."
ML-2025-57227,11/08/2025,Greco,€ 380,69,2,2,1,7,True,unfurnished,autonomous,F,1969.0,M3,160.0,3,4+4,"Two-bedroom, with elevator, near metro M3."
ML-2025-19844,08/01/2024,corvetto,€ 380,59,3,2,2,3,True,partly furnished,autonomous,E,,M3,139.0,2,3+2,"Two-bedroom, with elevator, near metro M3."
ML-2025-47512,18/11/2025,Zone Tortona,€ 623,55 sqm,2,1,2,3,True,unfurn.,central,A3,2007.0,M1,144.0,1,student,"One-bedroom, with elevator, near metro M1."
ML-2025-55403,15/01/2025,Brera,€ 4055,120,5,5,2,5,True,furn.,central,,1972.0,M1,,2,4+4,"Five-bedroom, with elevator, near metro M1."
ML-2025-77209,2025-01-27,Zone De Angeli,714,68 sqm,2,1,1,first,False,furnished,autonomous,F,1902.0,M2,,1,4+4,"One-bedroom, in historic building, near metro M2."
ML-2025-47647,01/08/2024,Zone Città Studi,€593,109,5,5,2,5,False,partly furnished,heatpump,D,1982.0,M2,268.0,1,4+4,"Five-bedroom, near metro M2."
ML-2025-02208,27/10/2025,Città Studi,€527,58,2,1,1,3,False,unfurnished,central,B,2011.0,M5,209.0,2,4+4,"One-bedroom, near metro M5."
ML-2025-83763,2024-10-08,Isola,630,76,3,2,1,1,True,unfurnished,autonomous,e,1980.0,M3,230.0,2,4+4,"Two-bedroom, with elevator, near metro M3."
ML-2025-58419,03/12/2025,Tortona,1148,69,3,2,1,6,True,furnished,auto.,,1913.0,M3,,2,4+4,"Two-bedroom, in historic building, with elevator, near metro M3."
ML-2025-10803,2025-01-08,quadrilatero,1764,39,2,1,1,2,False,furnished,autonomous ,D,1943.0,M2,,2,4+4,"One-bedroom, near metro M2."
ML-2025-95192,13/09/2025,sempione,€ 1311,115,5,5,3,6,False,partly furnished,central,,1954.0,M1,,2,temporary,"Five-bedroom, near metro M1."
ML-2025-45022,2025-04-21,Brera,2536,67,2,2,1,2,False,partly furnished,auto.,,1938.0,M3,201.0,2,4+4,"Two-bedroom, near metro M3."
ML-2025-79428,2024-12-16,Zone Sempione,948,91,4,3,1,3,True,furnished,autonomous,C,1945.0,M1,271.0,1,temporary,"Three-bedroom, with elevator, near metro M1."
ML-2025-72816,07/04/2025,de angeli,380,54,3,2,1,3,False,furnished,autonomous,D,1975.0,M1,173.0,1,temporary,"Two-bedroom, near metro M1."
ML-2025-27552,2025-05-20,porta garibaldi,€1472,66 sqm,2,1,1,5,True,furn.,autonomous,,1961.0,M1,206.0,1,3+2,"One-bedroom, with elevator, near metro M1."
ML-2025-89570,02/04/2024,porta garibaldi,1124,52,2,2,1,first,False,furnished,autonomous,G,1987.0,M5,202.0,2,4+4,"Two-bedroom, near metro M5."
ML-2025-91767,2025-09-09,Zone Magenta,€1723,108,4,3,2,1,False,partly furnished,central,,1965.0,M3,,3,student,"Three-bedroom, near metro M3."
ML-2025-94084,2025-11-26,corvetto,380,78,3,3,1,1,False,unfurnished,heat pump,F,2007.0,M1,222.0,3,4+4,"Three-bedroom, near metro M1."
ML-2025-20247,2025-07-27,Sempione,1193,80,3,3,1,1,True,furnished,autonomous,C,,M5,213.0,1,4+4,"Three-bedroom, with elevator, near metro M5."
ML-2025-13853,2025-05-09,Navigli,€ 972,113,4,3,1,3,False,partly furnished, autonomous,F,2003.0,M3,293.0,3,4+4,"Three-bedroom, near metro M3."
ML-2025-54693,12/05/2024,quadrilatero,€ 4500,105 sqm,5,4,3,4,True,partly furnished,autonomous,C,,M3,257.0,2,temporary,"Four-bedroom, with elevator, near metro M3."
ML-2025-24647,10/09/2024,Porta Venezia,1814,92 sqm,3,2,2,6,True,furnished,autonomous ,G,1904.0,M1,252.0,1,4+4,"Two-bedroom, in historic building, with elevator, near metro M1."
ML-2025-62499,08/08/2025,isola,€380,43,2,1,1,3th,False,partly furnished,central,F,1997.0,M2,167.0,2,4+4,"One-bedroom, near metro M2."
ML-2025-67360,2024-03-06,baggio,380,55,3,3,2,3,True,unfurnished,heat pump,F,2009.0,M2,176.0,3,3+2,"Three-bedroom, with elevator, near metro M2."
ML-2025-03404,2025-05-22,sempione,€765,49,2,1,1,1,True,furnished,central,A1,1936.0,M3,188.0,2,3+2,"One-bedroom, with elevator, near metro M3."
ML-2025-76251,2025-12-18,Zone Porta Venezia,1422,90,3,2,1,0,False,partly furnished, autonomous,,1920.0,M2,247.0,3,3+2,"Two-bedroom, in historic building, near metro M2."
ML-2025-12725,2024-12-16,De Angeli,€ 778,74,2,1,1,0,False,furnished,centr.,C,1911.0,M1,243.0,2,4+4,"One-bedroom, in historic building, near metro M1."
ML-2025-57211,2025-05-21,navigli,393,43,2,2,1,2,False,partly furnished,central,E,1956.0,M2,163.0,1,3+2,"Two-bedroom, near metro M2."
ML-2025-54434,25/10/2025,de angeli,520,66,2,2,1,4,True,unfurnished,autonomous,G,1966.0,M2,183.0,1,4+4,"Two-bedroom, with elevator, near metro M2."
ML-2025-01896,2025-01-24,porta venezia,€ 528,41,2,2,1,3,False,partly furnished,heat pump,,1983.0,M3,133.0,1,4+4,"Two-bedroom, near metro M3."
ML-2025-18090,2025-11-03,Zone Città Studi,€ 455,69,2,2,1,4,True,furnished,central,G,1961.0,M1,199.0,2,4+4,"Two-bedroom, with elevator, near metro M1."
ML-2025-53998,21/04/2025,Quarto Oggiaro,€ 380,39,2,2,1,6,True,furnished,central,f,,M3,86.0,1,4+4,"Two-bedroom, with elevator, near metro M3."
ML-2025-41915,2025-08-02,porta romana,1181,84,3,2,2,1,True,partly furnished,autonomous,G,2007.0,M5,232.0,1,4+4,"Two-bedroom, with elevator, near metro M5."
ML-2025-47449,2024-08-20,Bocconi,1082,80 sqm,3,2,1,3,False,partly furnished,autonomous,,1951.0,M3,235.0,3,3+2,"Two-bedroom, near metro M3."
ML-2025-70579,2025-11-26,lorenteggio,380,136,6,6,2,1,True,partly furnished,central,E,1956.0,M2,250.0,1,4+4,"Six-bedroom, with elevator, near metro M2."
ML-2025-68908,26/12/2025,Quadrilatero,4500,94,4,3,1,0,True,furnished,autonomous,,2014.0,M3,249.0,1,4+4,"Three-bedroom, with elevator, near metro M3."
ML-2025-62536,2025-05-13,Brera,1766,60,2,1,1,4,False,unfurnished,heat pump,F,1921.0,M5,,3,4+4,"One-bedroom, in historic building, near metro M5."
ML-2025-73631,2024-07-27,bocconi,1529,93,4,3,1,5,False,furnished,autonomous,F,1985.0,M3,,3,4+4,"Three-bedroom, near metro M3."
ML-2025-87423,2025-08-06,Zone Magenta,1176,43,2,1,1,6,True,furnished,autonomous,F,1996.0,M1,,2,temporary,"One-bedroom, with elevator, near metro M1."
ML-2025-21115,25/08/2024,Centro Storico,1084,50,2,1,1,0,False,unfurnished,central,,1918.0,M1,256.0,1,4+4,"One-bedroom, in historic building, near metro M1."
ML-2025-92116,2025-05-21,Porta Garibaldi,€ 1800,79,3,3,1,1,False,unfurnished,central,C,1965.0,M1,,1,3+2,"Three-bedroom, near metro M1."
ML-2025-46993,2025-05-22,sempione,€ 380,33,1,1,1,4,False,unfurn.,autonomous,E,1921.0,M1,197.0,2,4+4,"One-bedroom, in historic building, near metro M1."
ML-2025-92658,27/08/2024,Porta Romana,€ 989,69,3,2,2,6,True,furnished,central,,1918.0,M3,183.0,2,4+4,"Two-bedroom, in historic building, with elevator, near metro M3."
ML-2025-63835,21/12/2025,magenta,1098,49,2,1,1,4,False,partly furnished,centr.,D,,M1,185.0,2,4+4,"One-bedroom, in historic building, near metro M1."
ML-2025-39239,27/01/2025,de angeli,556,73,3,2,1,1,False,partly furnished,central,C,,M3,175.0,1,4+4,"Two-bedroom, near metro M3."
ML-2025-04392,2025-03-12,Porta Garibaldi,1193,48 sqm,2,1,1,4,False,furnished,autonomous,,1965.0,M3,232.0,2,temporary,"One-bedroom, near metro M3."
ML-2025-12193,27/10/2025,De Angeli,€536,81,4,4,2,6,True,partly furn.,central,,1966.0,M2,238.0,2,4+4,"Four-bedroom, with elevator, near metro M2."
ML-2025-62187,2025-08-22,Zone Isola,€ 577,70 sqm,3,3,1,2th,False,partly furnished,autonomous,E,2000.0,M1,184.0,2,student,"Three-bedroom, near metro M1."
ML-2025-66715,2025-06-05,corvetto,€ 380,114 sqm,5,4,3,4,False,furnished,central,F,1902.0,M2,263.0,1,3+2,"Four-bedroom, in historic building, near metro M2."
ML-2025-13671,2025-05-11,città studi,€392,70 sqm,3,3,1,5,True,unfurnished,central,e,1938.0,M1,168.0,1,4+4,"Three-bedroom, with elevator, near metro M1."
ML-2025-91899,2025-12-23,brera,1767,53,3,2,1,2,False,partly furnished,autonomous,G,,M5,201.0,1,student,"Two-bedroom, near metro M5."
ML-2025-32820,2024-11-17,de angeli,€ 380,64 sqm,3,2,1,0,False,unfurnished,autonomous,G,1917.0,M2,,2,4+4,"Two-bedroom, in historic building, near metro M2."
ML-2025-76925,04/11/2025,Zone Porta Garibaldi,1299,44 sqm,2,1,1,6,False,furnished,autonomous ,E,1903.0,M1,198.0,2,temporary,"One-bedroom, in historic building, near metro M1."
ML-2025-77326,2025-04-17,Quadrilatero,€ 3954,81,4,4,1,4,False,unfurnished,autonomous,G,,M1,275.0,1,4+4,"Four-bedroom, near metro M1."
ML-2025-69701,2024-08-10,Quadrilatero,€ 4500,86,3,2,1,3,True,partly furnished,central,,1907.0,M3,258.0,2,3+2,"Two-bedroom, in historic building, with elevator, near metro M3."
ML-2025-91458,04/12/2025,bocconi,€ 1827,166,7,7,2,first,False,unfurnished,central,D,2007.0,M3,353.0,2,4+4,"Seven-bedroom, near metro M3."
ML-2025-80259,2024-04-05,Centro Storico,€ 1875,56,2,1,1,first,True,furnished,heat pump,F,2021.0,M5,131.0,1,temporary,"One-bedroom, with elevator, near metro M5."
ML-2025-16431,2025-03-06,porta romana,762,64,3,3,2,1,False,furn.,central,F,1958.0,M2,247.0,2,4+4,"Three-bedroom, near metro M2."
ML-2025-40981,10/08/2024,quadrilatero,3010,57,2,1,1,3,False,partly furnished,central,,1937.0,M1,197.0,2,3+2,"One-bedroom, near metro M1."
ML-2025-57054,25/03/2025,Isola,520,75,3,2,2,first,False,unfurnished,central,E,,M3,220.0,2,student,"Two-bedroom, in historic building, near metro M3."
ML-2025-50176,07/10/2025,isola,€ 580,80,2,2,1,3,False,partly furnished,autonomous,,2013.0,M2,281.0,2,4+4,"Two-bedroom, near metro M2."
ML-2025-52343,2024-11-05,Zone Porta Garibaldi,1145,69,3,2,1,3,False,furnished,centr.,,1924.0,M2,188.0,2,student,"Two-bedroom, in historic building, near metro M2."
ML-2025-19988,2025-06-25,porta romana,€1286,102,4,4,2,4,True,partly furnished,autonomous,E,1924.0,M5,266.0,1,3+2,"Four-bedroom, in historic building, with elevator, near metro M5."
ML-2025-97136,2025-12-14,centro storico,€ 1838,56 sqm,2,1,1,3,True,furn.,autonomous,G,1901.0,M2,,1,temporary,"One-bedroom, in historic building, with elevator, near metro M2."
ML-2025-67153,2025-08-27,città studi,728,99 sqm,5,4,2,7,True,partly furnished,heat pump,G,1935.0,M2,276.0,1,4+4,"Four-bedroom, with elevator, near metro M2."
ML-2025-80491,09/05/2024,Navigli,€ 1110,85,4,3,1,2th,False,partly furnished,central,,1903.0,M5,237.0,1,temporary,"Three-bedroom, in historic building, near metro M5."
ML-2025-34798,2025-11-05,città studi,€ 568,70,3,3,1,3,False,furnished, autonomous,E,1916.0,M1,235.0,2,temporary,"Three-bedroom, in historic building, near metro M1."
ML-2025-66428,2024-08-24,brera,2416,63,2,1,1,5,False,furnished,autonomous,A,1924.0,M1,209.0,2,4+4,"One-bedroom, in historic building, near metro M1."
ML-2025-26746,2025-02-04,centro storico,3411,164 sqm,7,6,3,2,True,partly furnished,heat pump,E,1947.0,M1,387.0,2,3+2,"Six-bedroom, with elevator, near metro M1."
ML-2025-59111,2025-11-20,porta venezia,1109,53,3,2,2,2,False,partly furn.,autonomous ,,,M1,208.0,2,student,"Two-bedroom, in historic building, near metro M1."
ML-2025-25068,2024-06-05,isola,700,78,3,3,1,7,True,unfurnished,heat pump,G,1900.0,M2,220.0,1,temporary,"Three-bedroom, in historic building, with elevator, near metro M2."
ML-2025-93327,2025-05-23,navigli,€577,54,3,3,1,3,False,furnished,heat pump,E,1911.0,M3,,1,student,"Three-bedroom, in historic building, near metro M3."
ML-2025-51071,2025-11-16,lambrate,€380,131 sqm,5,4,2,1,False,partly furnished,central,,1901.0,M5,262.0,1,3+2,"Four-bedroom, in historic building, near metro M5."
ML-2025-49170,2025-10-04,Zone Navigli,€ 825,95,4,4,1,1,True,unfurnished,autonomous,G,,M3,245.0,2,4+4,"Four-bedroom, with elevator, near metro M3."
ML-2025-53997,24/05/2025,porta garibaldi,1509,55,3,3,2,0,False,furnished,autonomous,B,1974.0,M5,,1,temporary,"Three-bedroom, near metro M5."
ML-2025-22679,2025-12-08,Zone Nolo,380,84,3,2,1,2,True,unfurnished,autonomous,G,2017.0,M2,211.0,1,3+2,"Two-bedroom, with elevator, near metro M2."
ML-2025-82623,21/11/2025,Centro Storico,2059,77,3,3,2,6,True,furnished,autonomous,D,2023.0,M2,271.0,1,4+4,"Three-bedroom, with elevator, near metro M2."
ML-2025-28474,2024-03-05,Porta Garibaldi,1235,58 sqm,3,2,1,2,True,partly furnished,central,G,,M1,212.0,1,4+4,"Two-bedroom, with elevator, near metro M1."
ML-2025-91632,2025-07-12,magenta,1564,91,4,4,2,7,False,partly furnished,heat pump,F,1961.0,M2,,1,4+4,"Four-bedroom, near metro M2."
ML-2025-83497,07/08/2025,Isola,€ 773,80,3,2,2,7,True,furnished,autonomous,E,1968.0,M2,,2,temporary,"Two-bedroom, with elevator, near metro M2."
ML-2025-30915,2025-05-26,Zone Brera,2974,75,4,3,1,5,True,furnished,autonomous,E,,M1,245.0,2,temporary,"Three-bedroom, with elevator, near metro M1."
ML-2025-55502,04/07/2025,Bicocca,€ 380,69,3,2,1,7,True,furnished,autonomous,F,1950.0,M5,175.0,1,temporary,"Two-bedroom, with elevator, near metro M5."
ML-2025-33182,2025-12-15,baggio,€ 380,81,3,2,2,3,True,furnished, autonomous,G,1901.0,M1,204.0,1,4+4,"Two-bedroom, in historic building, with elevator, near metro M1."
ML-2025-13770,08/07/2025,Zone Centro Storico,2070,76,3,2,1,7,True,partly furnished,autonomous ,G,1982.0,M3,276.0,2,4+4,"Two-bedroom, with elevator, near metro M3."
ML-2025-28119,22/02/2025,nolo,€ 380,71,2,2,1,4,True,partly furnished,heat pump,,1959.0,M1,192.0,1,4+4,"Two-bedroom, with elevator, near metro M1."
ML-2025-86965,2025-11-15,sempione,452,56,2,1,1,0,False,furnished,autonomous,,1934.0,M2,190.0,1,3+2,"One-bedroom, near metro M2."
ML-2025-30205,2025-05-14,porta romana,1801,127,5,4,2,6th,True,furnished,auto.,,1966.0,M3,326.0,2,temporary,"Four-bedroom, with elevator, near metro M3."
ML-2025-92794,22/03/2024,Bicocca,€380,48,2,1,1,7,True,furnished,central,E,1930.0,M1,130.0,1,temporary,"One-bedroom, with elevator, near metro M1."
ML-2025-72848,18/03/2025,città studi,545,81,3,3,1,7,True,unfurnished,autonomous,D,1940.0,M1,224.0,2,4+4,"Three-bedroom, with elevator, near metro M1."
ML-2025-44691,18/10/2025,quarto oggiaro,€380,63,2,2,1,3,True,furnished,heat pump,G,1920.0,M2,96.0,2,temporary,"Two-bedroom, in historic building, with elevator, near metro M2."
ML-2025-62909,11/12/2025,corvetto,€ 380,130,5,4,2,0,False,furnished,heat pump,F,1910.0,M3,270.0,2,3+2,"Four-bedroom, in historic building, near metro M3."
ML-2025-88279,2025-03-07,Zone Centro Storico,€ 1083,51,2,1,1,4,True,partly furnished,autonomous,E,1939.0,M2,237.0,1,student,"One-bedroom, with elevator, near metro M2."
ML-2025-07784,02/02/2024,isola,380,54,2,2,1,6,True,unfurnished,central,,1971.0,M2,194.0,2,temporary,"Two-bedroom, with elevator, near metro M2."
ML-2025-80172,16/12/2025,tortona,518,50,2,2,1,6,False,partly furnished,central,G,1934.0,M1,198.0,2,3+2,"Two-bedroom, near metro M1."
ML-2025-57253,17/02/2025,quadrilatero,€ 4500,78,3,2,1,4,False,furnished,autonomous,c,1950.0,M2,269.0,2,temporary,"Two-bedroom, near metro M2."
ML-2025-97925,2025-07-07,Magenta,639,43,2,2,1,6,True,furnished,autonomous,E,1954.0,M5,,1,4+4,"Two-bedroom, with elevator, near metro M5."
ML-2025-84771,08/04/2025,lorenteggio,380,59,2,1,1,0,True,partly furnished,heat pump,E,1924.0,,153.0,2,temporary,"One-bedroom, in historic building, with elevator."
ML-2025-89543,2024-03-02,centro storico,937,33,1,1,1,4,False,partly furnished,autonomous,,1967.0,M2,,2,temporary,"One-bedroom, near metro M2."
ML-2025-06020,15/08/2025,isola,380,76,3,3,1,0,False,unfurnished,autonomous,D,1947.0,M3,275.0,1,temporary,"Three-bedroom, near metro M3."
ML-2025-45399,26/03/2025,de angeli,380,59,3,3,1,5,False,unfurnished,autonomous,G,1981.0,M3,184.0,1,4+4,"Three-bedroom, near metro M3."
ML-2025-90546,2024-04-18,Magenta,€ 757,42,1,1,2,0,True,furnished,autonomous,D,1961.0,M1,146.0,3,temporary,"One-bedroom, with elevator, near metro M1."
ML-2025-27105,2024-08-02,Porta Garibaldi,2046,102,4,3,2,4,False,empty,centr.,G,1924.0,M2,,2,4+4,"Three-bedroom, in historic building, near metro M2."
ML-2025-25680,2025-04-13,Corvetto,380,44,1,1,1,7,True,furn.,central,G,1925.0,M3,160.0,2,temporary,"One-bedroom, in historic building, with elevator, near metro M3."
ML-2025-66737,2024-12-25,porta garibaldi,€ 1850,93,4,4,2,0,True,furnished,central,D,1987.0,M1,212.0,2,student,"Four-bedroom, with elevator, near metro M1."
ML-2025-32776,2025-07-05,quadrilatero,€2739,55,2,2,1,3,False,unfurnished,autonomous,E,2022.0,M1,192.0,1,4+4,"Two-bedroom, near metro M1."
ML-2025-58831,2025-02-08,centro storico,2414,123 sqm,5,5,3,0,False,furnished,central,C,1933.0,M3,304.0,1,3+2,"Five-bedroom, near metro M3."
ML-2025-39949,2025-08-22,Zone Baggio,380,91,3,2,2,5,True,furnished,autonomous,f,2001.0,M2,208.0,2,3+2,"Two-bedroom, with elevator, near metro M2."
ML-2025-45086,2024-08-19,porta romana,€ 1101,49,1,1,1,7,True,furnished,autonomous,E,1939.0,M1,231.0,2,temporary,"One-bedroom, with elevator, near metro M1."
ML-2025-14229,05/07/2025,Zone Porta Garibaldi,1233,51 sqm,2,1,1,ground floor,False,furnished,autonomous,F,1952.0,M2,208.0,2,4+4,"One-bedroom, near metro M2."
ML-2025-83360,01/12/2025,brera,2773,87,3,3,2,4th,True,partly furnished,autonomous,G,1987.0,M2,227.0,1,student,"Three-bedroom, with elevator, near metro M2."
ML-2025-09847,2025-08-04,Isola,€ 388,64,2,1,1,6,True,partly furnished,central,G,1900.0,M1,298.0,2,student,"One-bedroom, in historic building, with elevator, near metro M1."
ML-2025-16996,16/10/2025,Quarto Oggiaro,€380,66,2,2,1,0,True,furnished,autonomous,E,2020.0,,150.0,2,3+2,"Two-bedroom, with elevator."
ML-2025-24063,2025-09-09,Zone Porta Garibaldi,€ 2237,109,4,4,1,3,True,furnished,autonomous,G,1904.0,M2,235.0,1,4+4,"Four-bedroom, in historic building, with elevator, near metro M2."
ML-2025-27478,2025-04-05,corvetto,380,54,2,2,1,first,False,partly furnished,auto.,,1994.0,M2,138.0,2,3+2,"Two-bedroom, near metro M2."
ML-2025-00540,2025-11-02,porta romana,952,72,3,3,1,7th,True,furnished,central,F,2019.0,M2,194.0,1,4+4,"Three-bedroom, with elevator, near metro M2."
ML-2025-95882,03/09/2025,porta garibaldi,€ 2355,98,4,4,1,4,True,unfurnished,autonomous,A3,1959.0,M1,,1,temporary,"Four-bedroom, with elevator, near metro M1."
ML-2025-57725,2025-09-10,De Angeli,663,93,4,3,1,4,False,furnished,central,G,1919.0,M3,248.0,2,4+4,"Three-bedroom, in historic building, near metro M3."
ML-2025-48941,2025-01-07,Zone Isola,€ 380,66,3,3,1,7,True,unfurnished,autonomous,G,1905.0,M3,137.0,1,4+4,"Three-bedroom, in historic building, with elevator, near metro M3."
ML-2025-13448,21/09/2025,porta romana,885,63,2,2,1,4,False,furnished, autonomous,F,1916.0,M2,231.0,2,4+4,"Two-bedroom, in historic building, near metro M2."
ML-2025-63352,21/02/2024,de angeli,489,38 sqm,2,2,1,2,True,unfurnished,autonomous,F,1902.0,M1,173.0,2,3+2,"Two-bedroom, in historic building, with elevator, near metro M1."
ML-2025-09335,22/05/2025,Navigli,526,48 sqm,2,1,1,2,False,unfurnished,autonomous,E,2004.0,M1,170.0,1,3+2,"One-bedroom, near metro M1."
ML-2025-27271,2025-07-20,porta garibaldi,1032,78,4,3,2,2,False,furnished, autonomous,E,1970.0,M5,254.0,2,3+2,"Three-bedroom, near metro M5."
ML-2025-56323,2025-12-13,Corvetto,€380,67,2,1,1,4,False,furnished,autonomous,G,1921.0,M1,156.0,1,4+4,"One-bedroom, in historic building, near metro M1."
ML-2025-98252,2025-03-05,quadrilatero,€3995,72,3,2,2,6,True,unfurnished,autonomous,G,1959.0,M2,215.0,1,4+4,"Two-bedroom, with elevator, near metro M2."
ML-2025-59262,2025-10-05,Porta Romana,€ 1295,101,4,3,1,4,False,partly furnished,autonomous,C,1940.0,M3,,1,4+4,"Three-bedroom, near metro M3."
ML-2025-47817,17/07/2025,centro storico,€ 1624,46,2,2,2,7,True,unfurnished,autonomous,A3,2013.0,M3,191.0,2,3+2,"Two-bedroom, with elevator, near metro M3."
ML-2025-65988,2025-07-27,navigli,€ 569,64,3,2,1,3,True,furnished,central,E,1923.0,M5,190.0,1,4+4,"Two-bedroom, in historic building, with elevator, near metro M5."
ML-2025-73273,2024-11-20,Porta Venezia,€ 1420,75,3,2,1,7,True,unfurnished,autonomous,E,2003.0,M2,228.0,1,3+2,"Two-bedroom, with elevator, near metro M2."
ML-2025-50377,2025-06-23,bocconi,949,55,2,2,1,7,True,furnished,heat pump,g,1954.0,M5,225.0,2,4+4,"Two-bedroom, with elevator, near metro M5."
ML-2025-33915,23/02/2024,quadrilatero,€ 4500,116,5,4,3,4,True,partly furnished,autonomous,,2012.0,M1,334.0,2,student,"Four-bedroom, with elevator, near metro M1."
ML-2025-88431,2025-01-01,bocconi,€ 1504,96,4,4,2,ground floor,True,partly furnished,autonomous ,,1994.0,M3,264.0,3,4+4,"Four-bedroom, with elevator, near metro M3."
ML-2025-30496,2025-05-25,porta romana,€ 1209,77,4,4,2,ground floor,False,furnished,autonomous,,,M1,219.0,1,4+4,"Four-bedroom, near metro M1."
ML-2025-12486,2025-12-17,magenta,€2303,131,5,4,3,2th,False,unfurnished,central,F,1926.0,M5,325.0,2,4+4,"Four-bedroom, in historic building, near metro M5."
ML-2025-29228,24/03/2025,Magenta,€ 906,41,1,1,1,6,True,unfurnished,autonomous,,2005.0,M5,156.0,2,4+4,"One-bedroom, with elevator, near metro M5."
ML-2025-78628,26/02/2025,Zone Sempione,€ 608,70,3,2,1,0,False,furnished,heat pump,G,1936.0,M3,248.0,1,4+4,"Two-bedroom, near metro M3."
ML-2025-07656,04/01/2025,Zone Porta Garibaldi,1986,80,3,2,1,1,False,unfurnished,central,E,1985.0,M3,258.0,1,temporary,"Two-bedroom, near metro M3."
ML-2025-41120,26/07/2025,Navigli,€ 512,51,2,1,1,7th,True,unfurnished,central,D,1996.0,M1,234.0,1,3+2,"One-bedroom, with elevator, near metro M1."
ML-2025-04071,15/05/2024,de angeli,492,78,3,3,1,ground floor,False,unfurnished,autonomous,f,,M2,193.0,2,4+4,"Three-bedroom, near metro M2."
ML-2025-90344,2025-05-11,Tortona,704,48,2,1,2,3th,False,unfurnished,autonomous,E,1985.0,M1,149.0,2,temporary,"One-bedroom, near metro M1."
ML-2025-33113,27/08/2024,porta venezia,1734,89,3,2,2,2,True,unfurnished,autonomous,,,M3,266.0,1,4+4,"Two-bedroom, with elevator, near metro M3."
ML-2025-23453,2024-04-17,affori,€380,101,4,4,2,3,True,unfurnished,heat pump,,,,209.0,1,temporary,"Four-bedroom, in historic building, with elevator."
ML-2025-69326,18/01/2024,Magenta,€1688,77,4,4,1,5,True,unfurnished,central,F,2004.0,M1,256.0,2,4+4,"Four-bedroom, with elevator, near metro M1."
ML-2025-94774,17/06/2025,Centro Storico,€955,37,1,1,1,2,False,unfurnished,autonomous,C,1908.0,M1,216.0,2,4+4,"One-bedroom, in historic building, near metro M1."
ML-2025-05301,18/09/2025,porta garibaldi,1019,50 sqm,3,2,1,first,True,unfurnished,autonomous,F,1999.0,M3,232.0,2,temporary,"Two-bedroom, with elevator, near metro M3."
ML-2025-86716,2025-07-20,brera,€2390,85,3,3,1,2,True,unfurnished,autonomous ,D,1929.0,M2,254.0,1,4+4,"Three-bedroom, in historic building, with elevator, near metro M2."
ML-2025-39245,2024-12-10,porta venezia,€1006,71,3,3,1,ground floor,True,furnished,central,E,1997.0,M2,247.0,3,4+4,"Three-bedroom, with elevator, near metro M2."
ML-2025-17317,26/01/2025,sempione,699,28,1,1,1,7,True,unfurnished,autonomous,D,,M1,143.0,1,temporary,"One-bedroom, with elevator, near metro M1."
ML-2025-07305,2025-01-19,quadrilatero,€4500,108 sqm,5,5,2,3,True,unfurnished,central,C,1975.0,M2,296.0,1,3+2,"Five-bedroom, with elevator, near metro M2."
ML-2025-43491,13/02/2025,lambrate,€ 380,73,3,3,1,2,False,furnished,autonomous,E,,M2,195.0,3,temporary,"Three-bedroom, near metro M2."
ML-2025-24151,2025-01-15,baggio,380,53,3,2,1,first,True,furnished,heat pump,F,1982.0,,146.0,1,3+2,"Two-bedroom, with elevator."
ML-2025-24308,02/08/2025,città studi,380,99,4,4,1,ground floor,False,unfurnished,autonomous,D,2005.0,M3,295.0,2,4+4,"Four-bedroom, near metro M3."
ML-2025-18692,2025-08-03,Bocconi,1354,55 sqm,3,3,2,3,True,furnished,autonomous,B,1994.0,M2,158.0,1,3+2,"Three-bedroom, with elevator, near metro M2."
ML-2025-14205,20/09/2024,Sempione,€752,55 sqm,2,1,1,6,True,furnished,hp,D,1989.0,M5,196.0,2,temporary,"One-bedroom, with elevator, near metro M5."
ML-2025-78603,11/03/2025,Lorenteggio,€ 380,79,4,3,1,2,True,furnished,central,,1967.0,,193.0,1,4+4,"Three-bedroom, with elevator."
ML-2025-38802,26/09/2024,Zone Magenta,€ 2040,131,6,5,2,3,True,unfurnished,auto.,F,2014.0,M2,328.0,1,4+4,"Five-bedroom, with elevator, near metro M2."
ML-2025-80124,2025-03-12,Quadrilatero,4500,124,4,4,2,4th,False,partly furnished,central,D,1950.0,M5,287.0,1,3+2,"Four-bedroom, near metro M5."
ML-2025-53516,2024-12-24,Porta Garibaldi,1648,79,4,3,1,2,False,partly furnished,autonomous,E,1979.0,M5,225.0,3,temporary,"Three-bedroom, near metro M5."
ML-2025-07875,2025-04-20,porta garibaldi,1618,82,3,2,1,5,True,partly furnished,autonomous,E,1966.0,M2,222.0,3,4+4,"Two-bedroom, with elevator, near metro M2."
ML-2025-40158,2025-01-01,Zone Quadrilatero,4283,92,4,3,1,2,False,partly furnished,autonomous,D,1915.0,M1,210.0,2,3+2,"Three-bedroom, in historic building, near metro M1."
ML-2025-08675,10/03/2025,città studi,380,45,2,1,1,3,False,furnished,autonomous ,F,1932.0,M2,197.0,2,4+4,"One-bedroom, near metro M2."
ML-2025-33169,24/07/2025,Zone Centro Storico,€ 2499,88 sqm,4,3,1,7,True,furnished,centr.,,1918.0,M2,,2,4+4,"Three-bedroom, in historic building, with elevator, near metro M2."
ML-2025-82331,22/09/2024,Zone Quarto Oggiaro,€380,54,2,1,1,1,False,furnished,auto.,,1942.0,,92.0,1,temporary,One-bedroom.
ML-2025-32788,04/06/2024,Zone Porta Romana,€ 866,78,3,2,1,4,False,furnished,autonomous,,1925.0,M1,253.0,1,4+4,"Two-bedroom, in historic building, near metro M1."
ML-2025-23828,07/04/2025,centro storico,1720,65,2,2,1,3,False,partly furnished,central,D,1957.0,M2,217.0,2,4+4,"Two-bedroom, near metro M2."
ML-2025-16103,2025-03-27,Brera,3181,83,4,3,2,7,True,partly furnished,autonomous,F,1935.0,M1,242.0,2,3+2,"Three-bedroom, with elevator, near metro M1."
ML-2025-13283,2025-02-13,porta venezia,1473,73,3,2,2,3,True,unfurnished,autonomous,G,2021.0,M5,221.0,1,4+4,"Two-bedroom, with elevator, near metro M5."
ML-2025-22275,2025-11-21,porta romana,€380,28,1,1,1,2th,True,partly furnished,autonomous,E,1951.0,M1,181.0,1,temporary,"One-bedroom, with elevator, near metro M1."
ML-2025-90948,2025-09-14,centro storico,€1548,75,2,2,2,4,True,unfurnished,central,F,1977.0,M5,226.0,3,student,"Two-bedroom, with elevator, near metro M5."
ML-2025-52941,2025-02-04,Zone Porta Romana,1078,88,3,2,2,3,True,furnished,autonomous,E,2013.0,M2,259.0,1,3+2,"Two-bedroom, with elevator, near metro M2."
ML-2025-78288,2025-02-16,quadrilatero,€4145,82,3,3,1,7,True,furnished,heat pump,,2000.0,M5,223.0,1,temporary,"Three-bedroom, with elevator, near metro M5."
ML-2025-15907,2025-07-03,Zone Navigli,692,68,3,2,1,first,True,partly,central,,1931.0,M3,220.0,2,student,"Two-bedroom, with elevator, near metro M3."
ML-2025-60884,2025-05-25,navigli,929,124,5,4,2,0,True,unfurnished,central,E,1993.0,M1,318.0,2,3+2,"Four-bedroom, with elevator, near metro M1."
ML-2025-82947,2025-03-08,Magenta,€ 1584,78,3,3,1,3,True,furnished,central,E,2008.0,M1,268.0,1,temporary,"Three-bedroom, with elevator, near metro M1."
ML-2025-77571,2024-06-23,magenta,€1568,82,3,3,1,7,True,furnished,central,F,1900.0,M1,200.0,2,4+4,"Three-bedroom, in historic building, with elevator, near metro M1."
ML-2025-73616,07/06/2025,brera,€ 4265,101,5,4,2,ground floor,True,partly furnished,heat pump,F,1921.0,M3,269.0,1,temporary,"Four-bedroom, in historic building, with elevator, near metro M3."
ML-2025-75196,2025-07-02,Centro Storico,€ 1474,79,2,2,1,6,False,partly furnished,central,,1934.0,M1,286.0,1,4+4,"Two-bedroom, near metro M1."
ML-2025-98884,01/10/2024,Porta Venezia,€704,51,2,1,1,ground floor,False,unfurnished,autonomous,F,1925.0,M3,,2,4+4,"One-bedroom, in historic building, near metro M3."
ML-2025-38701,2025-04-03,sempione,€380,30,1,1,1,4,True,partly furn.,autonomous,E,1951.0,M5,154.0,3,3+2,"One-bedroom, with elevator, near metro M5."
ML-2025-31674,25/09/2025,lorenteggio,€ 380,59,2,1,1,3,False,furnished,central,,1930.0,,162.0,2,4+4,One-bedroom.
ML-2025-09419,2025-09-03,Quarto Oggiaro,€380,91,4,3,2,first,False,partly furnished,autonomous,,1934.0,,195.0,1,4+4,Three-bedroom.
ML-2025-18240,04/09/2025,porta garibaldi,€ 1132,62,3,3,1,5,False,unfurnished,central,D,1900.0,M5,198.0,1,3+2,"Three-bedroom, in historic building, near metro M5."
ML-2025-40389,06/12/2024,porta garibaldi,€ 2035,93,4,3,2,1,False,unfurnished,heat pump,C,2020.0,M3,267.0,2,4+4,"Three-bedroom, near metro M3."
ML-2025-07552,2025-03-27,magenta,€1662,74 sqm,3,2,2,3,True,partly furnished,autonomous,C,2013.0,M1,239.0,1,temporary,"Two-bedroom, with elevator, near metro M1."
ML-2025-75727,2025-09-22,Zone Bicocca,380,110,5,5,2,4,True,partly furn.,autonomous,,1913.0,M2,211.0,1,student,"Five-bedroom, in historic building, with elevator, near metro M2."
ML-2025-34995,2025-01-08,sempione,625,63,3,3,1,4,False,furnished,autonomous,E,2004.0,M2,196.0,1,3+2,"Three-bedroom, near metro M2."
ML-2025-32335,2025-05-12,de angeli,€508,82,3,2,2,0,True,partly furnished,autonomous,F,1964.0,M1,208.0,1,4+4,"Two-bedroom, with elevator, near metro M1."
ML-2025-92093,16/09/2025,Affori,380,84,3,2,2,3,True,unfurnished,central,F,1973.0,,184.0,2,3+2,"Two-bedroom, with elevator."
ML-2025-05976,2025-12-08,Isola,1015,118,4,3,2,5,True,furnished,autonomous,,1992.0,M5,289.0,1,4+4,"Three-bedroom, with elevator, near metro M5."
ML-2025-59119,2025-02-19,Bicocca,380,39 sqm,2,1,1,4,True,unfurnished,autonomous,D,1960.0,,137.0,1,3+2,"One-bedroom, with elevator."
ML-2025-59897,2025-09-08,Lambrate,380,60,2,2,1,5th,True,unfurnished,autonomous,G,,M1,159.0,1,4+4,"Two-bedroom, with elevator, near metro M1."
ML-2025-95853,09/05/2025,magenta,1740,94,3,3,1,6,True,unfurnished,autonomous,G,1942.0,M1,290.0,2,4+4,"Three-bedroom, with elevator, near metro M1."
ML-2025-40925,2025-07-25,Quarto Oggiaro,380,120,4,3,1,first,False,furnished,autonomous,G,1919.0,,231.0,1,4+4,"Three-bedroom, in historic building."
ML-2025-91400,2024-11-13,brera,2256,76,3,2,1,6th,True,furnished,autonomous,A4,1948.0,M1,275.0,1,student,"Two-bedroom, with elevator, near metro M1."
ML-2025-67596,2024-11-25,lorenteggio,380,63 sqm,2,1,1,0,False,furnished,central,,1955.0,,204.0,1,4+4,One-bedroom.
ML-2025-37974,2024-05-21,Bicocca,380,91 sqm,4,4,2,6,True,partly furnished,autonomous,,,M2,184.0,1,4+4,"Four-bedroom, with elevator, near metro M2."
ML-2025-52915,2025-11-09,Zone Brera,3240,95 sqm,4,3,1,6,True,furnished,autonomous,E,1948.0,M2,255.0,2,4+4,"Three-bedroom, with elevator, near metro M2."
ML-2025-43792,02/06/2024,Città Studi,415,62,2,1,1,first,False,unfurnished,autonomous,F,1906.0,M2,183.0,1,3+2,"One-bedroom, in historic building, near metro M2."
ML-2025-60241,05/03/2025,centro storico,€ 1675,79,3,3,2,5,True,unfurn.,central,,1993.0,M2,254.0,2,student,"Three-bedroom, with elevator, near metro M2."
ML-2025-29935,2025-12-10,Bicocca,380,106,4,3,1,3,True,furnished,central,F,1910.0,M2,251.0,2,4+4,"Three-bedroom, in historic building, with elevator, near metro M2."
ML-2025-32999,2025-05-21,lambrate,380,136,6,5,2,7,False,furnished,autonomous,G,1991.0,M1,295.0,2,4+4,"Five-bedroom, near metro M1."
ML-2025-74190,2024-11-22,nolo,€459,91,4,4,1,6,True,furnished,central,E,1981.0,M2,219.0,2,4+4,"Four-bedroom, with elevator, near metro M2."
ML-2025-98144,2024-12-11,de angeli,€ 665,71,2,2,1,first,True,partly furnished,central,,1954.0,M3,244.0,1,3+2,"Two-bedroom, with elevator, near metro M3."
ML-2025-56938,09/02/2025,Brera,2340,69,3,3,1,4,False,partly furnished,central,E,1955.0,M2,217.0,1,3+2,"Three-bedroom, near metro M2."
ML-2025-32929,2025-09-20,porta romana,€ 1263,85,4,3,2,5,True,furnished,central,F,,M5,258.0,1,temporary,"Three-bedroom, with elevator, near metro M5."
ML-2025-06343,2025-11-02,Zone Isola,608,67,3,3,1,4th,False,furnished,central,F,1942.0,M1,205.0,1,temporary,"Three-bedroom, near metro M1."
ML-2025-93851,2024-03-11,centro storico,1656,75,3,3,1,3,True,unfurnished,autonomous,,1969.0,M2,238.0,1,4+4,"Three-bedroom, with elevator, near metro M2."
ML-2025-91866,2025-06-06,isola,380,48,2,2,1,3th,True,furnished,autonomous,,1965.0,M3,194.0,2,student,"Two-bedroom, with elevator, near metro M3."
ML-2025-20732,2025-12-19,porta romana,1058,110,5,5,2,6,True,unfurnished,central,C,2000.0,M2,316.0,1,temporary,"Five-bedroom, with elevator, near metro M2."
ML-2025-78548,19/10/2025,navigli,670,47,2,2,1,6th,False,furnished,auto.,C,1936.0,M1,188.0,3,3+2,"Two-bedroom, near metro M1."
ML-2025-67722,23/05/2025,isola,380,60,3,2,1,4,True,unfurnished,autonomous,D,1967.0,M2,183.0,1,4+4,"Two-bedroom, with elevator, near metro M2."
ML-2025-93295,2025-05-27,de angeli,€ 412,72,2,2,1,ground floor,False,furnished,central,G,1990.0,M5,241.0,1,temporary,"Two-bedroom, near metro M5."
ML-2025-50340,2024-02-06,porta romana,€ 1672,141,6,6,3,1,False,partly furnished,heat pump,G,2010.0,M2,336.0,2,3+2,"Six-bedroom, near metro M2."
ML-2025-24946,07/12/2025,affori,€ 380,60,3,3,2,3,False,furnished,autonomous,,1904.0,M1,,2,4+4,"Three-bedroom, in historic building, near metro M1."
ML-2025-34188,2025-11-12,isola,763,55,2,2,1,4,True,furnished,central,G,2020.0,M1,213.0,2,4+4,"Two-bedroom, with elevator, near metro M1."
ML-2025-75298,2024-10-14,magenta,€ 903,58,2,2,1,first,False,partly furnished,autonomous,E,1963.0,M2,211.0,2,3+2,"Two-bedroom, near metro M2."
ML-2025-20202,20/05/2025,porta garibaldi,€2281,125,5,4,2,3,False,furnished,central,D,1971.0,M1,363.0,1,3+2,"Four-bedroom, near metro M1."
ML-2025-63385,07/06/2025,isola,€381,28 sqm,1,1,1,6,True,furnished,central,F,2000.0,M3,147.0,3,4+4,"One-bedroom, with elevator, near metro M3."
ML-2025-82698,2024-05-16,Porta Romana,€ 578,49,2,1,1,1,False,furnished,central,E,1900.0,M5,,2,student,"One-bedroom, in historic building, near metro M5."
ML-2025-12318,25/05/2025,porta garibaldi,3158,182,7,7,2,5,True,unfurnished,heat pump,E,1909.0,M5,398.0,1,4+4,"Seven-bedroom, in historic building, with elevator, near metro M5."
ML-2025-52815,02/01/2025,quadrilatero,4339,86,3,2,1,1,False,unfurnished,heat pump,C,1909.0,M2,268.0,2,4+4,"Two-bedroom, in historic building, near metro M2."
ML-2025-25957,2024-03-25,magenta,€1026,48,2,1,1,1,False,unfurnished,heat pump,,,M2,179.0,1,4+4,"One-bedroom, near metro M2."
ML-2025-49787,05/08/2025,tortona,€839,69,3,3,1,3,True,furnished,autonomous,E,2010.0,M2,195.0,1,3+2,"Three-bedroom, with elevator, near metro M2."
ML-2025-19176,2025-04-11,Zone Isola,€ 691,72,2,2,1,2,True,furnished,autonomous,B,1988.0,M1,225.0,2,4+4,"Two-bedroom, with elevator, near metro M1."
ML-2025-31921,2025-02-05,Lambrate,€ 380,94,4,3,2,0,True,furnished,autonomous,G,1995.0,M2,206.0,2,3+2,"Three-bedroom, with elevator, near metro M2."
ML-2025-15338,02/06/2024,porta romana,2802,133,5,5,1,4,True,furnished,autonomous ,A4,2012.0,M1,297.0,3,4+4,"Five-bedroom, with elevator, near metro M1."
ML-2025-39553,2024-10-08,Corvetto,380,80,3,3,1,6,False,furnished,central,G,,M1,203.0,1,4+4,"Three-bedroom, in historic building, near metro M1."
ML-2025-64938,2025-05-17,Bicocca,380,58 sqm,2,1,1,5,True,unfurnished,autonomous,B,1957.0,,,2,4+4,"One-bedroom, with elevator."
ML-2025-30492,11/10/2024,corvetto,380,92,3,3,1,0,False,unfurnished,heat pump,G,1921.0,M3,223.0,2,4+4,"Three-bedroom, in historic building, near metro M3."
ML-2025-86604,2025-08-17,Zone De Angeli,€ 495,55 sqm,2,1,1,3,False,unfurnished,autonomous,E,1991.0,M5,180.0,1,4+4,"One-bedroom, near metro M5."
ML-2025-60557,2024-04-20,Zone Quadrilatero,2663,49,2,2,1,3,False,unfurnished,autonomous,,1966.0,M2,175.0,2,4+4,"Two-bedroom, near metro M2."
ML-2025-98786,17/08/2025,Porta Garibaldi,692,38,2,2,1,1,True,unfurnished,autonomous,D,1937.0,M5,213.0,2,4+4,"Two-bedroom, with elevator, near metro M5."
ML-2025-67556,2024-07-19,Quadrilatero,2331,40,2,2,1,3,False,furnished,autonomous,E,1926.0,M2,216.0,2,4+4,"Two-bedroom, in historic building, near metro M2."
ML-2025-21503,2025-03-08,Zone Lambrate,380,51,2,2,1,1,True,unfurnished,autonomous,G,1968.0,M1,194.0,2,student,"Two-bedroom, with elevator, near metro M1."
ML-2025-56676,22/06/2024,Nolo,380,46,2,1,1,5,True,furnished,central,,1958.0,M2,129.0,2,3+2,"One-bedroom, with elevator, near metro M2."
ML-2025-67422,01/04/2025,Porta Romana,1078,78,3,2,1,5,True,unfurnished,autonomous,D,1935.0,M2,238.0,2,4+4,"Two-bedroom, with elevator, near metro M2."
ML-2025-47480,2024-07-23,quarto oggiaro,380,46,3,2,1,first,False,unfurnished,central,F,1921.0,M2,97.0,1,4+4,"Two-bedroom, in historic building, near metro M2."
ML-2025-07831,2024-01-01,brera,1099,28,1,1,1,ground floor,True,unfurnished,auto.,F,1914.0,M3,186.0,1,4+4,"One-bedroom, in historic building, with elevator, near metro M3."
ML-2025-18060,18/01/2025,Tortona,506,49,2,2,1,2,True,partly furnished,central,,1935.0,M2,182.0,2,4+4,"Two-bedroom, with elevator, near metro M2."
ML-2025-23904,2025-05-22,sempione,€846,59,4,4,2,3,True,furnished,centr.,b,1947.0,M5,215.0,1,4+4,"Four-bedroom, with elevator, near metro M5."
ML-2025-41300,2024-07-25,centro storico,1283,57 sqm,2,2,1,2,False,furnished, autonomous,,,M1,195.0,2,student,"Two-bedroom, near metro M1."
ML-2025-84737,15/06/2025,Nolo,€ 380,119,4,3,1,4,False,partly furnished,autonomous,,1944.0,M3,249.0,1,4+4,"Three-bedroom, near metro M3."
ML-2025-02515,22/01/2024,Lambrate,380,56,3,2,2,3,False,furnished,central,F,1911.0,M5,,1,temporary,"Two-bedroom, in historic building, near metro M5."
ML-2025-94151,08/02/2025,Centro Storico,€2275,95,3,2,2,2,False,furnished,central,D,1949.0,M2,278.0,2,3+2,"Two-bedroom, near metro M2."
ML-2025-52900,2024-02-08,porta garibaldi,€1806,70,3,2,1,2,True,furnished,autonomous,,1978.0,M5,213.0,1,4+4,"Two-bedroom, with elevator, near metro M5."
ML-2025-97064,25/02/2024,porta romana,814,69,3,2,2,6th,True,furnished,central,F,1943.0,M3,222.0,1,4+4,"Two-bedroom, with elevator, near metro M3."
ML-2025-68115,15/10/2025,bocconi,920,52,2,2,1,6,True,unfurnished,autonomous,,,M1,162.0,1,4+4,"Two-bedroom, with elevator, near metro M1."
ML-2025-46446,24/04/2024,brera,2417,69,3,2,1,ground floor,True,partly furnished,autonomous,G,1917.0,M3,228.0,2,temporary,"Two-bedroom, in historic building, with elevator, near metro M3."
ML-2025-11639,2025-10-14,Zone Baggio,380,54,2,1,1,4,False,unfurnished,autonomous,G,1919.0,M3,185.0,1,temporary,"One-bedroom, in historic building, near metro M3."
ML-2025-73580,23/06/2025,Affori,380,74,3,2,2,6,True,unfurnished,central,G,2020.0,,184.0,2,4+4,"Two-bedroom, with elevator."
ML-2025-60887,05/12/2025,quadrilatero,3104,64,3,3,1,1,False,partly furnished,autonomous,F,,M2,,3,4+4,"Three-bedroom, near metro M2."
ML-2025-36913,17/12/2024,Zone Magenta,€ 1008,50,2,2,2,5,False,partly furnished, autonomous,,2014.0,M1,201.0,2,4+4,"Two-bedroom, near metro M1."
ML-2025-81651,06/08/2024,Zone Nolo,642,99,4,3,1,3th,False,furnished, autonomous,,1951.0,M2,232.0,1,4+4,"Three-bedroom, near metro M2."
ML-2025-70099,2024-11-17,Sempione,€751,81,4,3,1,4,True,unfurnished,autonomous,G,1939.0,M5,,1,temporary,"Three-bedroom, with elevator, near metro M5."
ML-2025-28817,09/05/2025,isola,€ 581,60,2,1,1,4,False,furnished,autonomous,F,,M5,,2,4+4,"One-bedroom, near metro M5."
ML-2025-15219,15/05/2025,quadrilatero,4300,74,4,3,2,2th,False,furnished,autonomous,F,,M3,,1,4+4,"Three-bedroom, near metro M3."
ML-2025-65877,25/02/2025,Brera,€ 2512,68,3,3,1,0,True,partly,central,G,1930.0,M2,244.0,2,3+2,"Three-bedroom, with elevator, near metro M2."
ML-2025-12212,2025-07-05,Zone Lorenteggio,380,52,2,2,1,1,False,partly furnished,centr.,F,1943.0,M2,175.0,2,4+4,"Two-bedroom, near metro M2."
ML-2025-52529,2025-08-20,isola,683,72,3,2,1,2,True,partly furnished,autonomous,,1993.0,M1,182.0,2,4+4,"Two-bedroom, with elevator, near metro M1."
ML-2025-98380,20/07/2025,de angeli,€657,56,2,2,1,first,False,unfurnished,autonomous,G,2016.0,M2,181.0,2,4+4,"Two-bedroom, near metro M2."
ML-2025-74229,2025-03-09,porta garibaldi,€ 1203,50,1,1,1,4,False,furnished,autonomous ,f,1923.0,M3,245.0,2,3+2,"One-bedroom, in historic building, near metro M3."
ML-2025-31153,15/05/2025,quarto oggiaro,380,40,2,1,1,first,False,furnished,central,D,1998.0,,152.0,1,student,One-bedroom.
ML-2025-96100,25/04/2025,brera,2092,62,3,3,2,ground floor,False,furnished,autonomous,C,1927.0,M2,215.0,1,temporary,"Three-bedroom, in historic building, near metro M2."
ML-2025-89716,2024-11-15,Brera,3202,85,3,3,1,7,True,furnished,central,E,1993.0,M1,270.0,2,3+2,"Three-bedroom, with elevator, near metro M1."
ML-2025-49151,2024-02-04,quarto oggiaro,380,55 sqm,2,2,1,1,True,unfurnished,autonomous,D,1982.0,M5,125.0,2,temporary,"Two-bedroom, with elevator, near metro M5."
ML-2025-02273,2025-04-19,Baggio,380,169,7,7,1,0,True,unfurnished,central,F,1982.0,M2,331.0,1,3+2,"Seven-bedroom, with elevator, near metro M2."
ML-2025-89060,2025-04-04,magenta,1564,95,4,3,1,3,False,furnished,central,G,2003.0,M2,,1,4+4,"Three-bedroom, near metro M2."
ML-2025-83146,2024-06-11,magenta,€ 2235,110,5,5,2,4,True,furnished,central,D,1996.0,M2,269.0,2,4+4,"Five-bedroom, with elevator, near metro M2."
ML-2025-97604,2024-04-23,Isola,799,92 sqm,4,4,1,2th,False,furnished,autonomous,,1902.0,M2,228.0,1,4+4,"Four-bedroom, in historic building, near metro M2."
ML-2025-93667,20/11/2025,Zone Isola,899,134 sqm,5,5,2,1,True,partly furnished, autonomous,F,1924.0,M2,348.0,1,4+4,"Five-bedroom, in historic building, with elevator, near metro M2."
ML-2025-49222,19/07/2025,quadrilatero,2202,53,3,3,1,ground floor,True,furnished,autonomous,G,1915.0,M3,196.0,1,student,"Three-bedroom, in historic building, with elevator, near metro M3."
ML-2025-01556,07/05/2024,affori,€380,29,1,1,1,3,False,furnished,hp,,1986.0,M2,137.0,1,3+2,"One-bedroom, near metro M2."
ML-2025-39516,01/05/2025,Zone Porta Romana,471,60,2,1,1,7,False,furnished,autonomous,E,1992.0,M1,191.0,1,student,"One-bedroom, near metro M1."
ML-2025-38926,2025-07-24,Bocconi,€ 1264,85,3,2,1,first,True,furnished,central,F,1915.0,M5,223.0,1,4+4,"Two-bedroom, in historic building, with elevator, near metro M5."
ML-2025-30066,07/05/2024,Centro Storico,1987,74,3,2,1,4,True,furnished,heat pump,G,,M3,248.0,1,4+4,"Two-bedroom, in historic building, with elevator, near metro M3."
ML-2025-80826,2025-11-27,Centro Storico,€ 1816,77,4,4,2,1,False,partly furnished,central,G,1965.0,M5,211.0,2,student,"Four-bedroom, near metro M5."
ML-2025-80934,09/02/2025,città studi,562,111,5,4,2,2,False,furnished,autonomous ,g,1914.0,M1,284.0,2,4+4,"Four-bedroom, in historic building, near metro M1."
ML-2025-00448,16/04/2025,magenta,1380,80,3,3,2,0,True,furnished,autonomous,D,1926.0,M5,232.0,1,3+2,"Three-bedroom, in historic building, with elevator, near metro M5."
ML-2025-91377,2025-06-20,città studi,€ 548,93,4,3,1,first,True,furnished,central,E,1959.0,M3,226.0,1,4+4,"Three-bedroom, with elevator, near metro M3."
ML-2025-30486,11/12/2024,brera,€ 1800,50 sqm,2,2,1,ground floor,True,furnished,heat pump,,2021.0,M2,,1,temporary,"Two-bedroom, with elevator, near metro M2."
ML-2025-17574,22/04/2025,Zone Baggio,€380,48 sqm,2,2,1,5,True,partly furnished,heat pump,C,1925.0,M1,190.0,3,4+4,"Two-bedroom, in historic building, with elevator, near metro M1."
ML-2025-25823,08/03/2025,sempione,€1100,123,5,5,1,5,True,unfurnished,autonomous,G,1994.0,M1,298.0,1,student,"Five-bedroom, with elevator, near metro M1."
ML-2025-06321,2025-05-13,de angeli,€ 610,73,3,2,2,first,True,unfurnished,heat pump,F,1979.0,M3,204.0,3,4+4,"Two-bedroom, with elevator, near metro M3."
ML-2025-13372,2025-09-25,Quadrilatero,2762,56,2,2,1,3,False,unfurnished,autonomous,G,2022.0,M2,234.0,2,4+4,"Two-bedroom, near metro M2."
ML-2025-29414,2025-12-09,magenta,1120,56,2,1,1,2,True,furnished,central,G,1998.0,M3,179.0,2,temporary,"One-bedroom, with elevator, near metro M3."
ML-2025-08797,2025-01-09,navigli,718,56,2,2,1,ground floor,False,furnished,autonomous,,1918.0,M3,222.0,1,4+4,"Two-bedroom, in historic building, near metro M3."
ML-2025-17249,03/08/2025,Zone Porta Garibaldi,€1270,55,2,1,1,0,True,furnished,autonomous,e,1967.0,M3,196.0,2,4+4,"One-bedroom, with elevator, near metro M3."
ML-2025-24897,2025-07-22,Zone Porta Romana,670,45 sqm,2,1,1,7,True,partly,central,F,1960.0,M2,145.0,1,3+2,"One-bedroom, with elevator, near metro M2."
ML-2025-76677,2025-05-02,Centro Storico,1221,41 sqm,2,2,2,5,True,unfurnished,autonomous,G,,M5,176.0,2,4+4,"Two-bedroom, in historic building, with elevator, near metro M5."
ML-2025-19995,2025-02-12,navigli,592,65,2,2,1,5,True,furnished,heat pump,,1954.0,M2,,2,4+4,"Two-bedroom, with elevator, near metro M2."
ML-2025-91876,2025-08-08,Zone Porta Romana,731,57,2,2,1,2,False,partly furnished,autonomous,C,,M3,200.0,2,4+4,"Two-bedroom, near metro M3."
ML-2025-97439,2025-08-24,Zone Navigli,1036,103,4,3,2,2th,False,furn.,central,F,,M2,,2,3+2,"Three-bedroom, in historic building, near metro M2."
ML-2025-33698,2025-02-13,quadrilatero,3563,78,3,2,1,6,False,furnished,autonomous,,,M1,223.0,3,4+4,"Two-bedroom, near metro M1."
ML-2025-02211,2024-08-12,porta romana,1016,77,3,3,1,3th,False,furnished, autonomous,E,2019.0,M2,235.0,2,temporary,"Three-bedroom, near metro M2."
ML-2025-28918,15/07/2024,Città Studi,€ 380,54,2,2,1,0,False,furnished,autonomous,,1966.0,M3,183.0,2,temporary,"Two-bedroom, near metro M3."
ML-2025-12952,2025-05-16,Navigli,€ 859,67,2,2,1,3,False,furnished,central,C,1984.0,M3,240.0,1,4+4,"Two-bedroom, near metro M3."
ML-2025-03186,2025-07-06,magenta,1215,79,4,4,2,4,False,partly furnished,central,C,1931.0,M1,,1,3+2,"Four-bedroom, near metro M1."
ML-2025-80713,04/12/2025,Zone Porta Garibaldi,1928,90,3,2,1,4th,False,furnished,autonomous,E,1974.0,M1,251.0,1,3+2,"Two-bedroom, near metro M1."
ML-2025-10908,2025-06-05,bicocca,380,68,3,3,1,4th,True,furnished,autonomous,G,1939.0,,188.0,1,3+2,"Three-bedroom, with elevator."
ML-2025-76248,27/11/2025,Zone Navigli,1151,102,4,4,1,6,True,furnished,autonomous,C,1961.0,M1,227.0,1,4+4,"Four-bedroom, with elevator, near metro M1."
ML-2025-66748,2024-01-02,Zone Nolo,599,70,3,2,1,1,False,furnished,central,B,1971.0,M1,218.0,1,3+2,"Two-bedroom, near metro M1."
ML-2025-46825,2024-09-16,corvetto,€ 380,92,4,3,2,4,False,furnished,central,,1950.0,M3,231.0,1,4+4,"Three-bedroom, near metro M3."
ML-2025-31921,2024-09-21,Porta Garibaldi,1823,59 sqm,3,2,1,7,True,furnished,central,,1901.0,M2,226.0,2,4+4,"Two-bedroom, in historic building, with elevator, near metro M2."
ML-2025-38527,2025-09-17,Zone Greco,380,37,2,2,1,0,False,furnished,autonomous,C,1921.0,M1,126.0,2,4+4,"Two-bedroom, in historic building, near metro M1."
ML-2025-31005,23/05/2024,Zone Bicocca,€ 380,77,3,2,1,7,True,furnished,autonomous,G,1933.0,,182.0,3,student,"Two-bedroom, with elevator."
ML-2025-34635,2024-01-04,Centro Storico,2048,90,3,2,1,4,False,furnished,auto.,G,1948.0,M2,255.0,1,4+4,"Two-bedroom, near metro M2."
ML-2025-26877,2024-01-11,Isola,514,86,3,2,1,ground floor,False,unfurnished,heat pump,E,1962.0,M3,270.0,1,3+2,"Two-bedroom, near metro M3."
ML-2025-97347,2025-04-19,bocconi,1549,81,4,4,1,7,True,partly furnished,autonomous,A2,1961.0,M1,238.0,2,4+4,"Four-bedroom, with elevator, near metro M1."
ML-2025-91857,2025-02-02,Lorenteggio,380,62,3,2,2,0,False,furnished,autonomous,,,,129.0,2,4+4,Two-bedroom.
ML-2025-86700,12/03/2024,isola,380,53,2,1,2,4,False,unfurnished,central,,1953.0,M2,201.0,1,4+4,"One-bedroom, near metro M2."
ML-2025-83947,2024-01-22,Brera,2881,85,3,2,1,3,False,unfurn.,central,E,1948.0,M2,241.0,1,4+4,"Two-bedroom, near metro M2."
ML-2025-26176,12/05/2025,Tortona,800,81,3,2,2,2,False,unfurnished,autonomous,G,1949.0,M1,249.0,2,3+2,"Two-bedroom, near metro M1."
ML-2025-86716,2025-11-22,quadrilatero,€3485,58,2,1,1,4th,False,unfurnished,autonomous ,B,,M2,229.0,3,3+2,"One-bedroom, near metro M2."
ML-2025-46113,2025-02-13,sempione,1162,103,4,3,2,5,True,unfurnished,centr.,,,M3,300.0,3,4+4,"Three-bedroom, with elevator, near metro M3."
ML-2025-16356,2024-05-03,Zone Porta Garibaldi,1146,51,2,1,1,1,False,partly furnished,central,C,,M1,216.0,1,4+4,"One-bedroom, near metro M1."
ML-2025-74594,2024-04-15,Sempione,€ 666,57,2,2,1,6,True,furnished,autonomous,A3,1956.0,M5,223.0,1,4+4,"Two-bedroom, with elevator, near metro M5."
ML-2025-96434,12/06/2025,Zone De Angeli,726,124,4,4,1,6,True,unfurnished, autonomous,D,1961.0,M5,310.0,1,3+2,"Four-bedroom, with elevator, near metro M5."
ML-2025-82481,22/07/2024,città studi,705,95,3,2,1,ground floor,True,unfurnished,autonomous,E,1972.0,M2,263.0,2,4+4,"Two-bedroom, with elevator, near metro M2."
ML-2025-01872,2025-12-23,città studi,€ 380,62 sqm,2,1,1,5,True,partly furnished,central,G,1915.0,M3,176.0,1,temporary,"One-bedroom, in historic building, with elevator, near metro M3."
ML-2025-12199,2025-02-10,sempione,826,77,3,2,1,1,False,unfurnished,autonomous,A,1905.0,M3,201.0,1,4+4,"Two-bedroom, in historic building, near metro M3."
ML-2025-13183,2025-04-25,De Angeli,564,74,3,2,1,4th,False,partly furnished,autonomous,E,1979.0,M1,186.0,3,4+4,"Two-bedroom, near metro M1."
ML-2025-95580,2025-02-24,de angeli,€ 498,28,1,1,1,1,False,unfurnished,autonomous,,1916.0,M2,156.0,1,3+2,"One-bedroom, in historic building, near metro M2."
ML-2025-53044,2025-01-14,centro storico,1500,51,2,1,1,2,True,unfurnished,heat pump,,,M5,148.0,1,temporary,"One-bedroom, with elevator, near metro M5."
ML-2025-81935,03/09/2025,tortona,€ 875,69,3,3,1,2,False,partly furnished,autonomous,,1931.0,M1,204.0,2,4+4,"Three-bedroom, near metro M1."
ML-2025-13642,20/04/2024,porta venezia,€ 967,62,2,1,1,1,False,unfurnished,autonomous,E,1949.0,M2,205.0,3,4+4,"One-bedroom, near metro M2."
ML-2025-50354,2024-03-15,De Angeli,€ 486,76,3,3,1,7th,True,unfurnished,autonomous,B,1937.0,M2,241.0,3,4+4,"Three-bedroom, with elevator, near metro M2."
ML-2025-37236,2025-06-18,Zone Città Studi,555,104,4,3,1,2,False,partly furnished,centr.,C,1914.0,M1,254.0,1,4+4,"Three-bedroom, in historic building, near metro M1."
ML-2025-50061,19/06/2025,isola,454,63,2,1,1,5,True,furnished,central,,1989.0,M2,190.0,2,3+2,"One-bedroom, with elevator, near metro M2."
ML-2025-66984,21/06/2025,quadrilatero,2445,48,2,2,1,2,False,partly furnished,heat pump,G,1997.0,M5,233.0,3,3+2,"Two-bedroom, near metro M5."
ML-2025-50709,2025-11-27,magenta,€ 1432,78,3,3,1,1,True,partly,auto.,E,1950.0,M1,231.0,2,4+4,"Three-bedroom, with elevator, near metro M1."
ML-2025-07334,09/09/2025,bocconi,€ 1003,62,3,3,1,4,False,unfurnished, autonomous,E,1953.0,M1,196.0,1,4+4,"Three-bedroom, near metro M1."
ML-2025-81577,2024-05-11,Porta Venezia,€ 1141,66,3,2,1,3,False,furn.,autonomous,E,2010.0,M1,205.0,2,3+2,"Two-bedroom, near metro M1."
ML-2025-90802,2025-03-05,Brera,€ 2093,63,3,3,2,2,False,furnished,central,A2,1922.0,M3,226.0,2,3+2,"Three-bedroom, in historic building, near metro M3."
ML-2025-54644,2024-02-19,Zone Affori,380,153,6,6,2,1,True,furnished,central,B,1930.0,M2,286.0,2,temporary,"Six-bedroom, with elevator, near metro M2."
ML-2025-18269,2025-09-20,Sempione,404,32 sqm,1,1,1,first,True,furn.,autonomous,,1959.0,M2,154.0,2,3+2,"One-bedroom, with elevator, near metro M2."
ML-2025-81254,22/10/2025,porta venezia,1224,61,3,3,1,2,False,unfurnished,autonomous,A3,,M3,246.0,1,4+4,"Three-bedroom, near metro M3."
ML-2025-59934,05/09/2025,Zone Porta Romana,€ 1141,70 sqm,3,2,1,2,True,partly furnished, autonomous,D,1913.0,M5,,2,3+2,"Two-bedroom, in historic building, with elevator, near metro M5."
ML-2025-86352,2024-09-23,Corvetto,€ 380,53,3,2,1,7,True,unfurnished,central,F,2017.0,M1,151.0,1,4+4,"Two-bedroom, with elevator, near metro M1."
ML-2025-61556,2025-08-17,Bocconi,1324,96,4,4,2,3th,False,furnished,autonomous,E,,M3,229.0,1,3+2,"Four-bedroom, near metro M3."
ML-2025-70247,2024-08-25,città studi,520,93,4,4,2,first,False,partly furnished,autonomous,G,,M2,245.0,1,4+4,"Four-bedroom, near metro M2."
ML-2025-78454,2024-12-01,magenta,€ 1462,69,3,2,2,0,False,partly furnished,autonomous,A,1934.0,M1,205.0,2,temporary,"Two-bedroom, near metro M1."
ML-2025-04688,10/07/2025,Zone Porta Romana,654,64,3,2,1,3,True,unfurnished,autonomous,G,2019.0,M1,199.0,2,4+4,"Two-bedroom, with elevator, near metro M1."
ML-2025-24435,26/11/2025,centro storico,1778,67 sqm,2,2,1,ground floor,True,furnished,autonomous,C,1909.0,M2,207.0,2,4+4,"Two-bedroom, in historic building, with elevator, near metro M2."
ML-2025-44784,2025-10-23,sempione,869,67,3,2,1,2,False,unfurnished,central,D,1934.0,M5,219.0,2,4+4,"Two-bedroom, near metro M5."
ML-2025-70752,18/06/2025,centro storico,1866,68,2,1,1,7,True,furnished,centr.,,,M2,197.0,2,temporary,"One-bedroom, with elevator, near metro M2."
ML-2025-25564,26/05/2024,Zone Centro Storico,€1585,66,2,2,1,5,True,furnished,autonomous,G,1930.0,M3,237.0,2,3+2,"Two-bedroom, with elevator, near metro M3."
ML-2025-44929,2025-02-18,Sempione,840,76,3,2,1,2,True,unfurnished,autonomous,E,2018.0,M1,214.0,2,4+4,"Two-bedroom, with elevator, near metro M1."
ML-2025-04348,2024-04-13,baggio,380,91 sqm,3,2,2,6,True,unfurnished,central,D,2006.0,M1,223.0,1,4+4,"Two-bedroom, with elevator, near metro M1."
ML-2025-63242,2024-07-08,Sempione,535,46 sqm,2,2,1,5,True,furnished,central,,,M5,195.0,2,4+4,"Two-bedroom, with elevator, near metro M5."
ML-2025-64858,19/08/2024,Porta Garibaldi,€ 1149,48,2,1,1,2,False,partly furnished,central,B,1949.0,M3,189.0,2,3+2,"One-bedroom, near metro M3."
ML-2025-54754,2024-11-15,Porta Garibaldi,€ 694,38 sqm,1,1,1,7,True,partly furnished,central,,2013.0,M2,192.0,2,3+2,"One-bedroom, with elevator, near metro M2."
ML-2025-51283,09/02/2025,Isola,706,95 sqm,3,3,2,1,True,unfurnished,central,,1900.0,M1,286.0,2,3+2,"Three-bedroom, in historic building, with elevator, near metro M1."
ML-2025-99847,05/02/2025,Zone Magenta,€ 1574,76,3,3,2,4,False,furn.,central,,1938.0,M1,262.0,1,3+2,"Three-bedroom, near metro M1."
ML-2025-06111,2025-08-07,Zone Porta Garibaldi,2266,84,3,2,1,4th,False,furnished,autonomous,,2008.0,M5,207.0,3,temporary,"Two-bedroom, near metro M5."
ML-2025-70934,2025-01-14,Isola,380,42,2,1,1,1,False,unfurnished,autonomous,F,1984.0,M1,153.0,3,4+4,"One-bedroom, near metro M1."
ML-2025-62179,08/11/2025,nolo,€ 380,131,5,4,1,first,False,partly furnished,autonomous,F,1933.0,M1,280.0,1,temporary,"Four-bedroom, near metro M1."
ML-2025-45078,2024-03-16,affori,€ 380,57,2,2,1,2,True,unfurnished,central,,,,166.0,3,4+4,"Two-bedroom, with elevator."
ML-2025-19006,2024-07-02,Lorenteggio,380,74,4,3,2,6,True,furnished,centr.,,2020.0,M5,171.0,2,3+2,"Three-bedroom, with elevator, near metro M5."
ML-2025-93478,10/01/2025,brera,3288,94,3,2,2,3,True,furn.,heat pump,F,1941.0,M1,252.0,1,3+2,"Two-bedroom, with elevator, near metro M1."
ML-2025-93724,2025-01-16,Navigli,380,50,3,3,1,6,True,furnished,autonomous,G,,M3,166.0,2,student,"Three-bedroom, with elevator, near metro M3."
ML-2025-34003,20/11/2025,quadrilatero,2862,58,2,2,1,6,False,unfurnished,autonomous,E,,M2,223.0,1,4+4,"Two-bedroom, near metro M2."
ML-2025-69712,2025-08-24,Magenta,1568,75,3,2,1,2,False,unfurnished,centr.,G,1981.0,M3,244.0,2,3+2,"Two-bedroom, near metro M3."
ML-2025-10830,2024-12-04,porta romana,€1609,190 sqm,7,7,2,2,True,furnished,central,G,1918.0,M1,367.0,2,3+2,"Seven-bedroom, in historic building, with elevator, near metro M1."
ML-2025-00376,2024-11-08,Quadrilatero,€ 3217,78,4,3,1,3,True,unfurnished,central,G,1948.0,M5,233.0,1,student,"Three-bedroom, with elevator, near metro M5."
ML-2025-96626,2025-12-18,Sempione,1266,123,5,4,2,ground floor,False,partly furnished,autonomous,G,2021.0,M3,251.0,1,4+4,"Four-bedroom, near metro M3."
ML-2025-87140,2025-03-01,porta garibaldi,€2823,107,5,5,2,0,False,furnished,heat pump,A1,,M5,215.0,1,3+2,"Five-bedroom, in historic building, near metro M5."
ML-2025-00889,15/09/2025,quarto oggiaro,€ 380,80,3,2,1,ground floor,True,furnished,heatpump,E,,M2,183.0,1,4+4,"Two-bedroom, with elevator, near metro M2."
ML-2025-06507,2024-08-08,centro storico,€1696,50,2,1,1,7,True,unfurnished,heat pump,,1901.0,M5,210.0,2,temporary,"One-bedroom, in historic building, with elevator, near metro M5."
ML-2025-15127,2024-03-15,Centro Storico,2713,101,4,3,1,6,True,partly furnished,central,G,1974.0,M2,283.0,2,temporary,"Three-bedroom, with elevator, near metro M2."
ML-2025-01161,21/03/2025,navigli,537,41,2,1,1,2,True,furnished,central,B,1969.0,M2,211.0,2,3+2,"One-bedroom, with elevator, near metro M2."
ML-2025-37291,05/05/2024,brera,3888,123,5,4,1,0,True,furnished,autonomous,,1912.0,M1,267.0,2,4+4,"Four-bedroom, in historic building, with elevator, near metro M1."
ML-2025-39522,13/10/2025,porta romana,1036,75,3,2,2,6,True,empty, autonomous,G,1963.0,M3,173.0,2,3+2,"Two-bedroom, with elevator, near metro M3."
ML-2025-66268,2025-06-21,Lorenteggio,€ 380,28,1,1,1,3,True,furnished,autonomous,,2005.0,M2,87.0,1,3+2,"One-bedroom, with elevator, near metro M2."
ML-2025-15570,2025-04-21,porta venezia,922,62,2,2,1,first,True,partly furnished,autonomous,D,1927.0,M3,159.0,2,4+4,"Two-bedroom, in historic building, with elevator, near metro M3."
ML-2025-87790,09/07/2025,quadrilatero,€ 4500,88,4,4,2,3th,True,empty,heat pump,E,,M3,245.0,1,temporary,"Four-bedroom, in historic building, with elevator, near metro M3."
ML-2025-81787,06/08/2024,nolo,385,64,2,1,1,7,True,furn.,central,E,1924.0,M3,207.0,2,4+4,"One-bedroom, in historic building, with elevator, near metro M3."
ML-2025-70018,2025-08-12,Porta Garibaldi,2366,90,3,2,1,5,True,partly furnished,autonomous,,1902.0,M2,256.0,2,4+4,"Two-bedroom, in historic building, with elevator, near metro M2."
ML-2025-94467,18/08/2024,Nolo,€380,52,3,3,2,2,False,unfurnished,central,B,1976.0,M3,200.0,2,3+2,"Three-bedroom, near metro M3."
ML-2025-19197,20/05/2025,navigli,€ 482,44,2,1,2,4,False,unfurnished,central,G,,M2,185.0,1,4+4,"One-bedroom, near metro M2."
ML-2025-78340,2025-05-20,lambrate,380,68,2,2,1,1,True,furnished,autonomous,C,1907.0,M3,179.0,1,3+2,"Two-bedroom, in historic building, with elevator, near metro M3."
ML-2025-43627,09/05/2025,Zone Quadrilatero,€ 3627,71,3,3,1,7,True,unfurnished,centr.,G,1924.0,M2,222.0,2,4+4,"Three-bedroom, in historic building, with elevator, near metro M2."
ML-2025-36820,2025-11-22,isola,414,62,2,2,1,5,False,partly furn.,autonomous,,1947.0,M3,209.0,2,3+2,"Two-bedroom, near metro M3."
ML-2025-68010,2025-06-22,Bocconi,1743,108,4,3,2,4,True,furnished,central,,2021.0,M3,233.0,2,4+4,"Three-bedroom, with elevator, near metro M3."
ML-2025-29213,2024-11-19,de angeli,600,52,3,3,2,3,False,furnished,central,,1902.0,M2,95.0,2,3+2,"Three-bedroom, in historic building, near metro M2."
ML-2025-01852,2025-04-20,Navigli,€ 642,78,3,2,2,2th,False,partly furnished, autonomous,,1998.0,M1,236.0,2,3+2,"Two-bedroom, near metro M1."
ML-2025-34263,2025-05-25,tortona,1117,72,2,1,1,5,True,furnished, autonomous,,1935.0,M2,214.0,2,temporary,"One-bedroom, with elevator, near metro M2."
ML-2025-77965,23/05/2024,centro storico,1062,41,2,2,1,7,True,furnished,central,E,2008.0,M3,,2,4+4,"Two-bedroom, with elevator, near metro M3."
ML-2025-08658,04/05/2024,quadrilatero,2466,44,2,1,1,2,True,furnished,heat pump,D,1963.0,M5,212.0,2,3+2,"One-bedroom, with elevator, near metro M5."
ML-2025-85412,2025-04-21,Zone Centro Storico,1419,70,3,3,2,ground floor,False,unfurnished,autonomous,,1912.0,M1,,2,3+2,"Three-bedroom, in historic building, near metro M1."
ML-2025-90359,2025-08-15,Zone Sempione,€ 1388,140,5,4,3,5,True,unfurnished,centr.,F,2003.0,M5,,1,4+4,"Four-bedroom, with elevator, near metro M5."
ML-2025-47328,12/12/2024,porta romana,1245,86,4,4,1,2,False,furnished,central,C,1956.0,M1,221.0,2,4+4,"Four-bedroom, near metro M1."
ML-2025-24405,2025-04-13,sempione,592,38 sqm,2,1,1,6,True,furnished,autonomous,,1982.0,M5,,2,4+4,"One-bedroom, with elevator, near metro M5."
ML-2025-81242,2024-04-05,centro storico,€756,28 sqm,1,1,1,7,False,unfurnished,autonomous,E,2004.0,M5,193.0,1,temporary,"One-bedroom, near metro M5."
ML-2025-25018,2025-04-27,Zone De Angeli,656,90,4,4,1,2,False,unfurnished,autonomous,A1,1934.0,M2,243.0,1,4+4,"Four-bedroom, near metro M2."
ML-2025-20818,02/03/2024,de angeli,€694,68,3,3,1,7,True,furnished,autonomous,G,1984.0,M5,221.0,1,temporary,"Three-bedroom, with elevator, near metro M5."
ML-2025-71587,15/01/2025,brera,3975,104,4,4,1,1,False,empty,autonomous,C,1974.0,M2,,2,3+2,"Four-bedroom, near metro M2."
ML-2025-31847,2025-01-26,centro storico,1552,51 sqm,2,2,1,4,False,unfurnished,central,,1993.0,M2,182.0,2,4+4,"Two-bedroom, near metro M2."
ML-2025-61772,19/02/2025,centro storico,1957,79,3,2,2,7,True,furnished,central,D,2001.0,M3,275.0,2,4+4,"Two-bedroom, with elevator, near metro M3."
ML-2025-22859,26/02/2025,de angeli,664,94,4,3,1,2th,False,furnished,autonomous,F,,M1,,1,4+4,"Three-bedroom, near metro M1."
ML-2025-95883,25/08/2025,porta venezia,812,60,2,1,1,4,False,partly furnished,autonomous,G,1900.0,M1,213.0,2,4+4,"One-bedroom, in historic building, near metro M1."
ML-2025-22129,01/02/2025,tortona,637,60 sqm,2,1,1,4,True,partly furnished,autonomous,b,1987.0,M1,,1,4+4,"One-bedroom, with elevator, near metro M1."
ML-2025-98126,2025-04-04,isola,€494,71,3,2,2,3,True,furnished,central,F,1986.0,M3,224.0,2,temporary,"Two-bedroom, with elevator, near metro M3."
ML-2025-75817,2024-06-03,Zone Bicocca,380,85,3,2,1,4,False,partly furnished,heat pump,C,1923.0,M3,189.0,2,student,"Two-bedroom, in historic building, near metro M3."
ML-2025-41728,2025-01-10,porta garibaldi,1260,70,3,3,1,7,False,unfurnished,central,,1930.0,M3,,1,4+4,"Three-bedroom, near metro M3."
ML-2025-68443,2025-06-11,porta garibaldi,€ 2100,98,4,4,2,1,False,partly furnished,autonomous,,1958.0,M5,238.0,2,4+4,"Four-bedroom, near metro M5."
ML-2025-92091,2025-12-09,lorenteggio,€380,60,2,2,2,1,True,partly furn.,heat pump,A4,1945.0,M5,157.0,2,3+2,"Two-bedroom, with elevator, near metro M5."
ML-2025-62659,2025-01-05,Quadrilatero,1780,44 sqm,2,2,1,6,True,unfurnished,central,C,1922.0,M3,220.0,2,student,"Two-bedroom, in historic building, with elevator, near metro M3."
ML-2025-95512,04/04/2025,lambrate,€ 380,140,6,6,3,6th,True,unfurnished,autonomous,F,1903.0,M5,318.0,2,student,"Six-bedroom, in historic building, with elevator, near metro M5."
ML-2025-91810,2025-02-14,Centro Storico,€ 1122,57,2,2,1,ground floor,False,furnished,autonomous,G,1938.0,M1,227.0,3,student,"Two-bedroom, near metro M1."
ML-2025-85611,16/03/2025,Porta Garibaldi,€ 1245,57,2,2,1,3,True,unfurnished,autonomous,G,1916.0,M3,223.0,1,4+4,"Two-bedroom, in historic building, with elevator, near metro M3."
ML-2025-91864,2025-11-09,Zone Affori,380,68,3,3,1,4,True,furnished,central,F,1933.0,,157.0,1,student,"Three-bedroom, with elevator."
ML-2025-93251,09/07/2025,bocconi,€928,72,3,3,1,0,True,unfurnished,autonomous,G,1964.0,M1,188.0,1,4+4,"Three-bedroom, with elevator, near metro M1."
ML-2025-02347,14/05/2024,Zone Bocconi,€ 1105,61,3,3,1,5,False,furnished,autonomous,g,2010.0,M1,197.0,2,4+4,"Three-bedroom, near metro M1."
ML-2025-59999,05/10/2025,porta romana,€ 1132,70,3,3,2,7,True,partly furnished,autonomous,E,1944.0,M1,215.0,1,3+2,"Three-bedroom, with elevator, near metro M1."
ML-2025-66722,2025-12-05,isola,735,69,3,2,2,first,True,partly furnished,autonomous,D,1919.0,M5,225.0,1,3+2,"Two-bedroom, in historic building, with elevator, near metro M5."
ML-2025-11433,01/11/2024,navigli,€804,74 sqm,3,2,1,6,True,furnished,central,F,1997.0,M2,233.0,2,temporary,"Two-bedroom, with elevator, near metro M2."
ML-2025-66370,10/07/2025,porta garibaldi,€ 550,31,1,1,1,ground floor,True,unfurnished,autonomous,,1932.0,M5,,1,3+2,"One-bedroom, with elevator, near metro M5."
ML-2025-85956,01/04/2024,Isola,771,135,5,5,2,first,True,partly furnished,autonomous,,2006.0,M2,257.0,2,temporary,"Five-bedroom, with elevator, near metro M2."
ML-2025-74092,2025-07-10,Magenta,1158,66,3,3,1,4,True,unfurnished,central,E,1908.0,M3,195.0,1,4+4,"Three-bedroom, in historic building, with elevator, near metro M3."
ML-2025-30755,2025-09-11,Porta Romana,€921,86,3,3,1,7,False,partly furnished,heat pump,D,,M2,239.0,1,4+4,"Three-bedroom, near metro M2."
ML-2025-49013,07/06/2025,porta venezia,951,43 sqm,2,2,2,7,True,unfurnished,autonomous,G,2020.0,M5,195.0,2,temporary,"Two-bedroom, with elevator, near metro M5."
ML-2025-92513,2025-07-17,navigli,953,59,1,1,1,7,True,furnished,autonomous,,1935.0,M1,250.0,3,4+4,"One-bedroom, with elevator, near metro M1."
ML-2025-27031,04/10/2025,Zone Quadrilatero,2865,55,2,1,1,3,False,unfurnished,autonomous,,1905.0,M3,186.0,1,4+4,"One-bedroom, in historic building, near metro M3."
ML-2025-51923,06/08/2025,de angeli,€ 797,117 sqm,5,5,1,6,True,unfurnished,autonomous,G,1903.0,M5,254.0,1,4+4,"Five-bedroom, in historic building, with elevator, near metro M5."
ML-2025-83798,2024-10-26,nolo,€380,57,3,3,1,2,True,furnished,central,F,1974.0,M3,171.0,1,temporary,"Three-bedroom, with elevator, near metro M3."
ML-2025-48971,2025-06-25,quadrilatero,3500,91,4,3,2,1,True,partly furnished,heat pump,f,1945.0,M3,246.0,3,student,"Three-bedroom, with elevator, near metro M3."
ML-2025-10876,2025-10-04,Bocconi,€ 1203,56,3,2,2,6,True,unfurn.,autonomous,A3,1957.0,M2,,1,temporary,"Two-bedroom, with elevator, near metro M2."
ML-2025-83130,2025-03-06,de angeli,635,60,3,3,2,first,True,furnished,autonomous ,E,1939.0,M2,187.0,2,3+2,"Three-bedroom, with elevator, near metro M2."
ML-2025-34111,2024-09-16,porta venezia,€1180,64 sqm,2,2,1,4,False,furnished,autonomous,G,1964.0,M1,239.0,2,temporary,"Two-bedroom, near metro M1."
ML-2025-38826,2025-10-08,Quadrilatero,4500,110 sqm,4,3,1,6,True,furnished,central,A4,1966.0,M2,296.0,2,4+4,"Three-bedroom, with elevator, near metro M2."
ML-2025-84252,2025-06-05,Centro Storico,€1236,36,2,2,1,ground floor,False,furnished,autonomous,D,1901.0,M1,160.0,1,3+2,"Two-bedroom, in historic building, near metro M1."
ML-2025-10622,2025-07-09,centro storico,1084,44,2,1,1,7,False,unfurnished,autonomous,E,1986.0,M3,189.0,2,3+2,"One-bedroom, near metro M3."
ML-2025-74628,2025-08-27,sempione,€ 423,35,2,1,1,2,True,furnished,autonomous,F,2022.0,M5,141.0,3,student,"One-bedroom, with elevator, near metro M5."
ML-2025-78373,2025-05-05,Lorenteggio,380,48,2,2,1,1,False,partly furnished,central,F,1966.0,,170.0,1,4+4,Two-bedroom.
ML-2025-89403,2025-06-17,Zone Centro Storico,€ 1373,53,3,2,2,2,True,partly furnished,heat pump,,2013.0,M3,244.0,2,student,"Two-bedroom, with elevator, near metro M3."
ML-2025-29061,27/09/2025,Zone Sempione,€ 523,40,2,2,1,3,False,empty,autonomous,D,1919.0,M2,,3,3+2,"Two-bedroom, in historic building, near metro M2."
ML-2025-02359,2024-09-23,Centro Storico,€ 1371,54,3,3,1,3,False,unfurnished,central,G,2000.0,M1,214.0,1,4+4,"Three-bedroom, near metro M1."
ML-2025-84590,2024-06-20,nolo,380,35,2,2,1,1,True,partly furnished,central,C,1966.0,M3,129.0,2,4+4,"Two-bedroom, with elevator, near metro M3."
ML-2025-15460,09/11/2025,sempione,497,49,2,1,1,1,False,furnished,autonomous,D,1973.0,M2,189.0,1,4+4,"One-bedroom, near metro M2."
ML-2025-91580,2025-11-09,Navigli,€978,107,4,4,1,3,True,furnished,heat pump,C,1969.0,M2,268.0,1,3+2,"Four-bedroom, with elevator, near metro M2."
ML-2025-71159,17/09/2024,centro storico,€ 1807,81,3,3,2,1,False,furnished,central,G,1914.0,M5,215.0,1,4+4,"Three-bedroom, in historic building, near metro M5."
ML-2025-39191,2024-02-27,nolo,590,75,3,2,1,5,True,furnished,auto.,A1,2004.0,M2,239.0,2,temporary,"Two-bedroom, with elevator, near metro M2."
ML-2025-37136,2024-05-10,Lorenteggio,€ 380,49,2,2,2,7,True,furnished,central,D,,M2,143.0,1,3+2,"Two-bedroom, with elevator, near metro M2."
ML-2025-67040,2025-01-18,porta romana,€ 477,41 sqm,2,1,1,ground floor,True,unfurnished,autonomous,E,1930.0,M1,162.0,1,temporary,"One-bedroom, with elevator, near metro M1."
ML-2025-85254,27/12/2025,Quadrilatero,€ 2714,47,2,1,1,0,False,unfurn.,autonomous,A,1976.0,M3,202.0,2,4+4,"One-bedroom, near metro M3."
ML-2025-01761,2025-07-21,Zone Brera,€ 2290,69,3,2,2,5,False,furnished,autonomous,G,1946.0,M1,207.0,1,temporary,"Two-bedroom, near metro M1."
ML-2025-02107,2024-04-26,tortona,894,95,3,2,1,ground floor,False,furnished,central,G,,M3,238.0,1,temporary,"Two-bedroom, near metro M3."
ML-2025-79401,2025-04-10,nolo,380,96,4,3,2,5,True,furnished,heat pump,F,,M2,194.0,1,3+2,"Three-bedroom, in historic building, with elevator, near metro M2."
ML-2025-40914,19/09/2025,Bicocca,€380,87,3,3,1,3,True,unfurnished,autonomous,E,,M3,145.0,1,4+4,"Three-bedroom, with elevator, near metro M3."
ML-2025-45936,06/02/2024,sempione,691,54,2,1,1,3,True,furnished,autonomous,,1971.0,M5,171.0,2,student,"One-bedroom, with elevator, near metro M5."
ML-2025-00971,2025-05-02,affori,380,71,3,2,1,4,True,furnished,autonomous,,1986.0,,158.0,2,temporary,"Two-bedroom, with elevator."
ML-2025-26436,2025-01-13,lambrate,€ 482,63,3,2,1,7,True,furnished,heat pump,D,1912.0,M3,138.0,3,temporary,"Two-bedroom, in historic building, with elevator, near metro M3."
ML-2025-60114,22/09/2025,Porta Venezia,€ 988,65 sqm,3,2,1,first,False,unfurnished,autonomous,,1939.0,M1,204.0,2,4+4,"Two-bedroom, near metro M1."
ML-2025-87527,2025-10-12,Tortona,€ 1467,143,5,4,1,1,False,furnished,hp,c,1912.0,M1,302.0,3,temporary,"Four-bedroom, in historic building, near metro M1."
ML-2025-12674,08/09/2025,Porta Romana,€380,38 sqm,2,1,1,5,True,unfurnished,autonomous,F,1985.0,M2,168.0,2,4+4,"One-bedroom, with elevator, near metro M2."
ML-2025-40929,27/12/2025,Magenta,€ 1066,64,3,3,1,ground floor,True,partly furnished,autonomous,D,1990.0,M2,227.0,3,4+4,"Three-bedroom, with elevator, near metro M2."
ML-2025-73708,2025-06-11,quarto oggiaro,€380,107,4,3,1,3,False,unfurnished,autonomous,,1914.0,,254.0,1,3+2,"Three-bedroom, in historic building."
ML-2025-82340,2025-08-04,Bocconi,€ 656,42,2,1,2,3,True,furnished,autonomous,C,2023.0,M3,183.0,1,4+4,"One-bedroom, with elevator, near metro M3."
ML-2025-48944,2024-11-05,corvetto,380,56,2,1,1,3,False,unfurnished,autonomous,D,1932.0,M5,142.0,1,4+4,"One-bedroom, near metro M5."
ML-2025-42056,04/10/2024,Zone Isola,€462,58,2,2,1,4,True,furnished,heat pump,,1959.0,M1,209.0,2,4+4,"Two-bedroom, with elevator, near metro M1."
ML-2025-83371,2025-06-27,Porta Garibaldi,1601,65 sqm,3,2,1,0,True,partly furnished,autonomous,E,1909.0,M3,247.0,2,4+4,"Two-bedroom, in historic building, with elevator, near metro M3."
ML-2025-94949,17/11/2025,Zone Porta Garibaldi,763,40,1,1,1,2,True,partly furn.,autonomous,G,1947.0,M3,146.0,2,3+2,"One-bedroom, with elevator, near metro M3."
ML-2025-76783,2025-10-01,brera,3009,86,3,3,2,0,False,furnished,central,D,1957.0,M1,227.0,3,4+4,"Three-bedroom, near metro M1."
ML-2025-67039,16/10/2024,Porta Venezia,2122,88,3,2,2,2,False,furnished,autonomous,B,2013.0,M3,,1,4+4,"Two-bedroom, near metro M3."
ML-2025-69192,12/06/2024,porta garibaldi,€1403,84 sqm,4,3,2,1,False,unfurnished,central,,1934.0,M5,226.0,2,3+2,"Three-bedroom, near metro M5."
ML-2025-66719,15/04/2025,Centro Storico,€ 1332,52,2,2,1,2th,True,unfurn.,central,D,1994.0,M5,215.0,2,student,"Two-bedroom, with elevator, near metro M5."
ML-2025-51668,2025-10-24,quarto oggiaro,€ 380,72,3,3,1,0,True,furnished,heat pump,G,1965.0,,196.0,1,4+4,"Three-bedroom, with elevator."
ML-2025-12377,2025-01-12,Brera,€ 2072,51,2,1,1,2th,True,partly furnished,central,,1974.0,M1,224.0,2,4+4,"One-bedroom, with elevator, near metro M1."
ML-2025-89522,2024-11-09,quadrilatero,€ 3003,62,3,3,1,0,False,furnished,autonomous,G,1906.0,M5,231.0,2,student,"Three-bedroom, in historic building, near metro M5."
ML-2025-74750,10/08/2025,sempione,1041,149,6,5,1,6,True,partly furnished,autonomous,,1966.0,M5,339.0,1,student,"Five-bedroom, with elevator, near metro M5."
ML-2025-34573,20/10/2025,brera,2592,72,3,3,1,2,False,partly furnished,autonomous,C,2014.0,M3,243.0,1,3+2,"Three-bedroom, near metro M3."
ML-2025-52023,03/12/2025,affori,380,46,2,2,2,7,True,furnished,autonomous,,1963.0,M1,145.0,2,3+2,"Two-bedroom, with elevator, near metro M1."
ML-2025-07486,17/09/2025,Sempione,764,75,3,3,1,first,True,furnished,autonomous,E,1944.0,M2,259.0,2,4+4,"Three-bedroom, with elevator, near metro M2."
ML-2025-71835,2025-11-22,Centro Storico,€1253,44,1,1,1,4,True,furnished,autonomous,e,,M1,,1,3+2,"One-bedroom, with elevator, near metro M1."
ML-2025-41116,2025-08-27,Zone Bocconi,875,46,1,1,1,6,True,partly furnished,heat pump,E,1994.0,M1,185.0,2,temporary,"One-bedroom, with elevator, near metro M1."
ML-2025-86745,2025-01-13,città studi,393,49,2,1,1,ground floor,False,furnished,heat pump,F,1918.0,M5,164.0,1,student,"One-bedroom, in historic building, near metro M5."
ML-2025-22434,2025-05-13,sempione,€ 955,60,2,1,1,3,False,furnished,autonomous,F,1918.0,M5,207.0,1,4+4,"One-bedroom, in historic building, near metro M5."
ML-2025-70316,2025-11-25,Lambrate,380,97,3,2,1,2,False,unfurnished,heat pump,,1940.0,M5,226.0,1,4+4,"Two-bedroom, near metro M5."
ML-2025-33824,2025-03-22,Zone Sempione,1125,86,3,3,1,1,True,furn.,centr.,,1993.0,M1,213.0,2,temporary,"Three-bedroom, with elevator, near metro M1."
ML-2025-49913,14/01/2025,Zone Nolo,€ 395,84,3,2,1,1,False,furnished,autonomous,,2018.0,M3,244.0,1,temporary,"Two-bedroom, near metro M3."
ML-2025-32047,2025-06-11,magenta,€953,48,2,1,1,7th,True,partly,heat pump,,1903.0,M2,225.0,2,3+2,"One-bedroom, in historic building, with elevator, near metro M2."
ML-2025-85205,25/07/2025,Bocconi,€879,58,2,2,1,4th,False,unfurnished,heat pump,E,1950.0,M2,196.0,3,4+4,"Two-bedroom, near metro M2."
ML-2025-20725,2025-06-12,corvetto,380,77,3,2,1,0,False,unfurnished,central,,2020.0,M2,206.0,3,3+2,"Two-bedroom, near metro M2."
ML-2025-73815,2025-11-25,nolo,€ 380,56,2,2,1,5,True,furnished,central,,1963.0,M5,202.0,1,4+4,"Two-bedroom, with elevator, near metro M5."
ML-2025-02602,12/03/2025,bocconi,856,64,2,2,1,4,True,unfurnished,autonomous,D,1966.0,M3,202.0,2,4+4,"Two-bedroom, with elevator, near metro M3."
ML-2025-76474,2025-05-16,isola,€ 380,82,4,3,1,3,True,unfurnished,central,,1934.0,M3,233.0,3,4+4,"Three-bedroom, with elevator, near metro M3."
ML-2025-47235,2025-08-15,Zone Sempione,€ 628,62,2,1,1,3,True,furnished,central,G,1997.0,M1,202.0,2,4+4,"One-bedroom, with elevator, near metro M1."
ML-2025-91150,22/09/2025,lorenteggio,€380,76,3,3,1,4,False,partly furn.,central,D,2009.0,M2,,1,3+2,"Three-bedroom, near metro M2."
ML-2025-40916,22/11/2025,quadrilatero,€ 4500,122,5,4,2,7th,False,furnished,autonomous,F,1905.0,M2,,1,4+4,"Four-bedroom, in historic building, near metro M2."
ML-2025-13812,03/03/2024,porta venezia,965,66 sqm,2,2,1,6,True,furnished,central,,1914.0,M3,230.0,1,4+4,"Two-bedroom, in historic building, with elevator, near metro M3."
ML-2025-67843,2024-11-23,tortona,€ 1206,106,4,3,2,3,True,partly furnished,central,,1969.0,M5,283.0,2,4+4,"Three-bedroom, with elevator, near metro M5."
ML-2025-49902,04/12/2024,porta garibaldi,1980,85,3,2,1,1,False,furnished,central,d,1957.0,M1,241.0,1,4+4,"Two-bedroom, near metro M1."
ML-2025-04322,23/12/2025,tortona,€380,42,2,2,1,ground floor,True,partly furnished,autonomous,E,1909.0,M1,134.0,1,student,"Two-bedroom, in historic building, with elevator, near metro M1."
ML-2025-12392,2025-01-19,centro storico,€ 1339,48,2,1,1,first,True,furnished,autonomous,C,1938.0,M5,227.0,2,3+2,"One-bedroom, with elevator, near metro M5."
ML-2025-49188,16/05/2025,Navigli,€ 590,52,2,1,1,first,False,furnished,autonomous,C,1989.0,M2,169.0,2,4+4,"One-bedroom, near metro M2."
ML-2025-74962,2025-08-02,nolo,380,52,2,1,1,6,True,furnished,central,F,1932.0,M2,155.0,1,3+2,"One-bedroom, with elevator, near metro M2."
ML-2025-98361,2024-04-24,Nolo,€ 418,68,3,3,2,4,True,furnished,autonomous,E,1930.0,M5,185.0,2,4+4,"Three-bedroom, with elevator, near metro M5."
ML-2025-43199,20/01/2024,Città Studi,€433,87,4,4,1,ground floor,True,partly furnished,heat pump,E,1966.0,M3,187.0,1,4+4,"Four-bedroom, with elevator, near metro M3."
ML-2025-95070,2024-04-16,sempione,1103,109 sqm,5,4,1,7,True,partly furnished,central,D,1952.0,M3,272.0,1,4+4,"Four-bedroom, with elevator, near metro M3."
ML-2025-72033,2025-01-07,città studi,€ 380,78,3,2,1,first,False,unfurnished,autonomous,E,1956.0,M1,233.0,2,student,"Two-bedroom, near metro M1."
ML-2025-53912,2025-09-21,bicocca,380,60,2,1,1,first,False,furnished,central,C,1949.0,M3,153.0,2,4+4,"One-bedroom, near metro M3."
ML-2025-12176,07/04/2024,Zone Città Studi,€380,34,1,1,1,ground floor,False,unfurnished,autonomous,D,1948.0,M2,185.0,1,temporary,"One-bedroom, near metro M2."
ML-2025-84330,2025-08-12,porta garibaldi,€ 1553,72 sqm,3,2,1,4,False,furnished,autonomous,E,1999.0,M3,254.0,1,3+2,"Two-bedroom, near metro M3."
ML-2025-62019,10/01/2025,città studi,441,71,2,2,1,4,True,furnished,autonomous,E,1929.0,M2,229.0,3,4+4,"Two-bedroom, in historic building, with elevator, near metro M2."
ML-2025-78814,12/10/2025,brera,2708,75,3,2,1,7,True,furnished,central,,1916.0,M1,189.0,3,temporary,"Two-bedroom, in historic building, with elevator, near metro M1."
ML-2025-11283,2025-03-25,porta romana,€ 1694,146,7,6,2,4th,False,furnished,central,G,1930.0,M2,367.0,2,4+4,"Six-bedroom, near metro M2."
ML-2025-94122,2025-03-21,porta garibaldi,3225,108,4,4,1,3,True,furnished,autonomous,A,1996.0,M2,270.0,1,3+2,"Four-bedroom, with elevator, near metro M2."
ML-2025-35315,20/02/2025,De Angeli,835,92 sqm,3,3,1,4,False,unfurnished,central,D,,M2,,1,temporary,"Three-bedroom, in historic building, near metro M2."
ML-2025-40651,19/01/2025,Bocconi,966,50,2,1,1,5,True,furnished,autonomous,,1959.0,M1,169.0,1,4+4,"One-bedroom, with elevator, near metro M1."
ML-2025-53568,2025-11-21,Brera,2271,58,1,1,1,3,True,furnished,autonomous,D,2021.0,M5,208.0,1,4+4,"One-bedroom, with elevator, near metro M5."
ML-2025-03209,2025-12-20,Zone Nolo,€ 407,68,3,2,1,5,False,furnished,central,E,1911.0,M2,,2,temporary,"Two-bedroom, in historic building, near metro M2."
ML-2025-69160,2024-01-22,Porta Venezia,€ 975,53,2,2,1,4,False,unfurnished,central,,1995.0,M2,175.0,1,4+4,"Two-bedroom, near metro M2."
ML-2025-26314,2025-04-02,sempione,€ 731,83,3,2,1,0,False,unfurn.,heat pump,E,,M3,198.0,1,student,"Two-bedroom, in historic building, near metro M3."
ML-2025-50108,2025-08-23,lambrate,380,79,3,3,1,1,True,furnished,central,A1,2013.0,M3,146.0,2,4+4,"Three-bedroom, with elevator, near metro M3."
ML-2025-52190,2024-07-09,nolo,€ 380,48,2,2,1,5,True,partly furnished,autonomous,,1977.0,M2,242.0,1,4+4,"Two-bedroom, with elevator, near metro M2."
ML-2025-73073,2024-09-05,Nolo,380,106,4,3,1,6,True,unfurnished, autonomous,C,1995.0,M1,213.0,1,4+4,"Three-bedroom, with elevator, near metro M1."
ML-2025-80129,06/11/2025,Magenta,€ 1310,73,2,1,1,2,False,furnished,autonomous,C,1918.0,M1,184.0,2,4+4,"One-bedroom, in historic building, near metro M1."
ML-2025-17387,2025-10-26,isola,545,38,1,1,1,7,True,furnished,heatpump,,1917.0,M1,176.0,1,student,"One-bedroom, in historic building, with elevator, near metro M1."
ML-2025-80702,2025-04-23,de angeli,380,69 sqm,2,1,1,3,False,partly furnished,central,F,1941.0,M1,164.0,2,4+4,"One-bedroom, near metro M1."
ML-2025-64194,2025-05-11,sempione,€ 1008,77,3,2,2,4,True,furnished,autonomous,E,,M3,,1,3+2,"Two-bedroom, with elevator, near metro M3."
ML-2025-91436,2024-05-25,porta garibaldi,€ 2559,98,3,3,1,1,True,furnished,autonomous,B,1961.0,M2,189.0,1,4+4,"Three-bedroom, with elevator, near metro M2."
ML-2025-38577,2024-03-16,Navigli,€ 684,62 sqm,3,3,1,2,False,unfurnished,autonomous,B,2020.0,M1,210.0,2,4+4,"Three-bedroom, near metro M1."
ML-2025-55748,23/07/2024,centro storico,2871,94,4,3,1,1,True,furnished,central,,1916.0,M3,242.0,2,4+4,"Three-bedroom, in historic building, with elevator, near metro M3."
ML-2025-15422,22/02/2025,Quadrilatero,€3991,75,3,2,1,6,True,partly furnished,autonomous,C,1983.0,M1,257.0,1,3+2,"Two-bedroom, with elevator, near metro M1."
ML-2025-35112,2024-02-07,Quadrilatero,€ 2404,44 sqm,2,2,1,6,True,partly furnished,hp,D,1909.0,M5,193.0,2,3+2,"Two-bedroom, in historic building, with elevator, near metro M5."
ML-2025-85338,24/02/2025,navigli,€ 398,43,2,2,1,1,False,partly furnished,autonomous,F,1924.0,M2,176.0,3,4+4,"Two-bedroom, in historic building, near metro M2."
ML-2025-78176,27/09/2025,baggio,380,104,4,4,2,6th,True,unfurnished,central,C,,,214.0,2,student,"Four-bedroom, with elevator."
ML-2025-97588,14/07/2024,Zone Porta Garibaldi,2042,106,4,4,2,2,True,unfurnished,autonomous,C,1960.0,M2,266.0,1,4+4,"Four-bedroom, with elevator, near metro M2."
ML-2025-85801,09/04/2024,Porta Venezia,1211,78,3,2,1,2,False,furnished,autonomous,,1937.0,M2,213.0,1,temporary,"Two-bedroom, near metro M2."
ML-2025-23959,15/08/2025,brera,€ 3376,118,5,5,3,7,False,partly furnished,autonomous,G,1954.0,M2,282.0,3,4+4,"Five-bedroom, near metro M2."
ML-2025-32407,2024-09-23,Magenta,€ 2568,101,4,4,1,6,True,furnished,autonomous,F,1911.0,M5,,1,3+2,"Four-bedroom, in historic building, with elevator, near metro M5."
ML-2025-15754,12/10/2025,lambrate,€380,89,3,2,1,first,True,furnished,heat pump,E,1929.0,M1,258.0,1,4+4,"Two-bedroom, in historic building, with elevator, near metro M1."
ML-2025-50514,2025-06-02,navigli,€ 380,51,3,2,1,first,True,partly furnished,central,G,2003.0,M2,176.0,1,3+2,"Two-bedroom, with elevator, near metro M2."
ML-2025-76446,2025-10-02,Bicocca,€380,128,6,5,2,0,False,partly furnished,autonomous,,1948.0,M3,209.0,1,temporary,"Five-bedroom, near metro M3."
ML-2025-82512,2024-04-21,Zone Lambrate,€380,84,4,4,1,6,False,unfurnished,autonomous,,1968.0,M2,219.0,1,3+2,"Four-bedroom, near metro M2."
ML-2025-99061,2025-11-18,Brera,2146,61,2,2,1,4,False,unfurnished,autonomous,,1952.0,M2,196.0,1,4+4,"Two-bedroom, near metro M2."
ML-2025-34305,06/03/2025,città studi,€ 380,55 sqm,1,1,1,1,False,furnished,central,,2008.0,M5,182.0,2,3+2,"One-bedroom, near metro M5."
ML-2025-41857,2024-02-19,corvetto,380,77,4,4,1,4,True,unfurnished,autonomous,E,,M2,191.0,1,4+4,"Four-bedroom, with elevator, near metro M2."
ML-2025-57575,09/10/2024,Zone Navigli,380,39,2,2,1,4,False,furnished,autonomous ,G,1960.0,M1,205.0,2,4+4,"Two-bedroom, near metro M1."
ML-2025-79091,13/09/2025,centro storico,2285,89,3,3,1,4,False,furnished,autonomous,C,1944.0,M5,251.0,1,3+2,"Three-bedroom, near metro M5."
ML-2025-96058,06/11/2025,Zone Quarto Oggiaro,€380,50,2,2,1,5,False,furnished,heat pump,C,1964.0,,,1,student,Two-bedroom.
ML-2025-14715,02/01/2025,de angeli,610,80 sqm,3,3,1,1,False,partly,autonomous,E,2010.0,M3,234.0,2,4+4,"Three-bedroom, near metro M3."
ML-2025-34208,25/11/2024,porta garibaldi,€ 1651,58,2,1,1,3,True,partly furnished,central,B,1965.0,M1,167.0,2,3+2,"One-bedroom, with elevator, near metro M1."
ML-2025-22806,16/11/2025,tortona,826,64,3,3,1,5,False,partly furnished,heat pump,G,1909.0,M1,201.0,2,temporary,"Three-bedroom, in historic building, near metro M1."
ML-2025-24965,26/07/2024,porta venezia,€ 833,54,2,2,1,7,False,partly furnished,autonomous,E,1997.0,M2,181.0,1,3+2,"Two-bedroom, near metro M2."
ML-2025-14091,03/07/2025,lambrate,380,66,3,2,1,1,False,furnished,autonomous,B,1956.0,M5,156.0,2,4+4,"Two-bedroom, near metro M5."
ML-2025-59435,2025-02-11,Porta Garibaldi,2778,136 sqm,6,6,3,4,True,furnished,autonomous,,2020.0,M1,288.0,2,4+4,"Six-bedroom, with elevator, near metro M1."
