id,listing_date,neighborhood,price,sqm,rooms,bedrooms,bathrooms,floor,elevator,furnishing,heating,energy_class,year_built,nearest_metro,condo_fees,deposit_months,contract_type,description
ML-2025-02054,07/01/2025,Corvetto,900,52,3,2,1,6,True,furnished,heat pump,E,1996.0,M3,170.0,1,temporary,"Two-bedroom, with elevator, near metro M3."
ML-2025-01838,2024-10-04,Porta Garibaldi,€ 950,44,3,3,1,first,False,partly furnished,autonomous,,,,,1,temporary,"Two-bedroom, in historic building, near metro M5."
ML-2025-00514,2025-02-17,Quarto Oggiaro,850,88,4,3,1,2,False,partly furnished,autonomous,,1932.0,,250.0,1,student,"Apartment, in historic building, near metro M3."
ML-2025-00778,2025-01-23,DE ANGELI,1950,93,4,4,1,5,True,unfurnished,heat pump,A,2020.0,M1,190.0,1,temporary,"Apartment, recently built, with elevator, near metro M1."
ML-2025-00803,2024-10-07,Sempione,2000,73,2,1,1,4,True,furnished,autonomous,E,1951.0,M5,270.0,3,4+4,"One-bedroom, with elevator, near metro M5."
ML-2025-01034,10/05/2024,Porta Romana,1800,68,2,1,2,first,True,partly furnished,autonomous,C,2008.0,M3,70.0,2,3+2,"One-bedroom, with elevator, near metro M3."
ML-2025-00802,2024-12-17,Porta Romana,1250,51,2,1,1,3,True,furnished,autonomous,G,1968.0,,200.0,2,4+4,"One-bedroom, with elevator, near metro M3."
ML-2025-02145,24/03/2025,Città Studi,1000,59,4,3,1,3,True,unfurnished,central,F,1987.0,M2,180.0,3,4+4,"Apartment, with elevator, near metro M2."
ML-2025-01815,2025-02-10,Porta Venezia,950,32,1,1,1,4th,True,furnished,autonomous,C,2013.0,M1,60.0,2,4+4,"Studio, recently built, with elevator, near metro M1."
ML-2025-01260,2024-11-16,Zone Sempione,1850,90,4,3,1,3,True,unfurnished,autonomous,,2003.0,M5,140.0,3,4+4,"Apartment, with elevator, near metro M5."
ML-2025-01218,2024-12-31,Lambrate,1500,81,3,2,2,4,True,furn.,autonomous,B,2006.0,M2,220.0,1,temporary,"Two-bedroom, with elevator, near metro M2."
ML-2025-01572,12/01/2024,Magenta,1000,40,2,1,1,5th,True,furnished,autonomous ,G,1932.0,M2,150.0,3,4+4,"One-bedroom, in historic building, with elevator, near metro M2."
ML-2025-00025,2024-11-06,Città Studi,1850,89,4,4,2,3th,True,unfurnished,autonomous,,1925.0,M2,90.0,3,4+4,"Apartment, in historic building, with elevator, near metro M2."
ML-2025-00520,1 December 2024,Porta Romana,2900,132,6,5,2,5,True,partly furnished,central,G,1964.0,M3,280.0,2,4+4,"Large apartment, with elevator, near metro M3."
ML-2025-01678,2024-12-14,NoLo,1400,80,3,2,1,4,True,furnished,autonomous,G,1944.0,M1,220.0,3,4+4,"Two-bedroom, in historic building, with elevator, near metro M1."
ML-2025-01154,2025-02-24,Lambrate,1400,73,4,3,1,7,True,PARTLY,central,,1981.0,M2,190.0,2,4+4,"Apartment, with elevator, near metro M2."
ML-2025-00126,9 November 2024,NoLo,1100,62,2,1,1,5,True,unfurnished,autonomous,E,,M1,320.0,2,3+2,"One-bedroom, in historic building, with elevator, near metro M1."
ML-2025-01167,10/09/2024,Quarto Oggiaro,800,68,2,1,2,1,False,furnished,autonomous,G,1968.0,M3,160.0,2,4+4,"One-bedroom, near metro M3."
ML-2025-01208,19/02/2025,NoLo,1050,56,3,2,1,7th,True,furnished,heat pump,D,1998.0,M1,210.0,3,4+4,"Two-bedroom, with elevator, near metro M1."
ML-2025-01535,2024-10-31,NoLo,1750,92,3,2,1,2th,False,FURNISHED,autonomous,,1906.0,M1,200.0,1,student,"Two-bedroom, in historic building, near metro M1."
ML-2025-00062,2025-01-13,Isola,850,39,2,1,1,2th,True,furnished,HP,F,1940.0,M5,210.0,3,3+2,"Studio, in historic building, with elevator, near metro M5."
ML-2025-00358,05/01/2025,Sempione,950,42,2,1,1,5,True,unfurnished,Autonomous,C,2000.0,M5,150.0,2,4+4,"One-bedroom, with elevator, near metro M5."
ML-2025-00852,2025-03-20,De Angeli,1050,58,2,1,1,5th,True,unfurnished,autonomous,G,1947.0,M1,210.0,1,temporary,"One-bedroom, in historic building, with elevator, near metro M1."
ML-2025-00028,2025-03-02,Città Studi,1550,79,3,2,2,1,False,unfurnished,central,F,1923.0,M2,120.0,-2,4+4,"Two-bedroom, in historic building, near metro M2."
ML-2025-01496,2025-02-23,Lambrate,800,57,3,2,1,ground floor,False,partly furnished,central,G,1937.0,M2,250.0,3,4+4,"Two-bedroom, in historic building, near metro M2."
ML-2025-01385,2025-02-13,Bicocca,1300,59,3,2,1,3,True,furnished,central,E,1993.0,,60.0,3,4+4,"Two-bedroom, with elevator, near metro M5."
ML-2025-02490,2024-10-31,Tortona,1500,54,3,2,1,5,True,furnished,autonomous,,1995.0,M2,70.0,1,temporary,"Two-bedroom, with elevator, near metro M2."
ML-2025-00819,02/02/2025,Brera,2900,94,4,3,2,4,True,unfurnished,central,E,1985.0,M2,210.0,1,temporary,"Apartment, with elevator, near metro M2."
ML-2025-02078,2025-01-23,NoLo,1000,50,2,1,1,6,True,unfurnished,central,C,1994.0,M2,60.0,3,4+4,"One-bedroom, with elevator, near metro M2."
ML-2025-01104,2024-10-31,Corvetto,€ 900,75 sqm,3,2,1,5,True,unfurnished,autonomous,F,1971.0,M3,,2,4+4,"Two-bedroom, with elevator, near metro M3."
ML-2025-01264,12/02/2025,Città Studi,850,44,2,1,1,4,True,furnished,autonomous,G,1940.0,M2,210.0,3,4+4,"One-bedroom, in historic building, with elevator, near metro M2."
ML-2025-01377,24/02/2025,NoLo,1400,81,4,3,1,8,True,unfurnished,heat pump,B,2021.0,M1,210.0,1,temporary,
ML-2025-00473,2025-02-19,Brera,1900,72,4,3,1,1st,False,unfurnished,central,,1952.0,M3,150.0,2,4+4,"Apartment, near metro M3."
ML-2025-00976,2025-03-19,Isola,1500,60,3,2,2,7,True,furnished,autonomous,,1985.0,M5,140.0,3,3+2,"Two-bedroom, with elevator, near metro M5."
ML-2025-01612,12/01/2025,Bicocca,900,72,3,2,2,1,False,unfurnished,autonomous ,,1948.0,M5,310.0,1,student,"Two-bedroom, in historic building, near metro M5."
ML-2025-01252,2025-02-11,Città Studi,€ 2800,122 sqm,5,4,2,GF,True,furnished,autonomous,F,1986.0,M2,,3,4+4,"Large apartment, with elevator, near metro M2."
ML-2025-01233,30 December 2024,Navigli,700,36,2,2,1,5th,True,unfurnished,autonomous,G,1941.0,M2,250.0,3,4+4,"Studio, in historic building, with elevator, near metro M2."
ML-2025-00154,2024-12-22,Città Studi,1200,54,2,1,1,1,False,furnished,central,G,1927.0,M2,140.0,2,4+4,"One-bedroom, in historic building, near metro M2."
ML-2025-01559,04/03/2025,Quarto Oggiaro,850,81,4,3,2,4th,True,unfurnished,CENTR.,D,1993.0,M3,90.0,3,3+2,"Apartment, with elevator, near metro M3."
ML-2025-01231,02/24/2025,Baggio,2400,166,4,3,2,4,True,Furnished,autonomous,G,1918.0,,70.0,3,3+2,"Large apartment, in historic building, with elevator."
ML-2025-00539,2024-12-23,NoLo,1700,83,5,4,1,G,False,furnished,central,,1975.0,M1,210.0,2,4+4,"Apartment, near metro M1."
ML-2025-02474,2025-03-11,De Angeli,1300,88,3,2,2,2,False,UNFURNISHED,central,,1966.0,M1,300.0,3,4+4,"Two-bedroom, near metro M1."
ML-2025-00744,16/12/2024,Città Studi,1650,101,4,3,2,2th,False,partly furnished,central,F,1966.0,M2,180.0,3,4+4,"Large apartment, near metro M2."
ML-2025-01542,2024-12-29,Porta Venezia,1450,68,3,2,2,2,True,unfurnished,central,,1994.0,M1,70.0,1,temporary,"Two-bedroom, with elevator, near metro M1."
ML-2025-01525,02/11/2024,Città Studi,2100,122,5,4,2,3,True,partly furnished,autonomous,,1988.0,M2,220.0,3,4+4,"Large apartment, with elevator, near metro M2."
ML-2025-01139,2024-12-05,Città Studi,850,50,3,2,1,2th,False,unfurnished,autonomous,,1901.0,M2,180.0,3,3+2,"Two-bedroom, in historic building, near metro M2."
ML-2025-00307,2025-02-17,CITTÀ STUDI,1050,54,3,2,1,2,False,partly furnished, autonomous,,1963.0,M2,90.0,1,temporary,"Two-bedroom, near metro M2."
ML-2025-00924,01/11/2024,Greco,€ 700,54 sqm,2,1,1,5,True,unfurnished,centr.,F,1983.0,M1,,1,temporary,"One-bedroom, with elevator, near metro M1."
ML-2025-00937,03/23/2025,Centro Storico,1800,59,3,2,1,7,True,Unfurnished,central,C,2011.0,M1,160.0,3,4+4,"Two-bedroom, recently built, with elevator, near metro M1."
ML-2025-00590,26 March 2025,Porta Romana,850,31,1,1,1,1,True,partly furnished,heat pump,C,2004.0,,250.0,1,student,"Studio, with elevator, near metro M3."
ML-2025-00724,02/01/2025,De Angeli,1400,75,3,2,2,3,True,unfurnished,heat pump,,1935.0,M1,80.0,3,4+4,"Two-bedroom, in historic building, with elevator, near metro M1."
ML-2025-00333,2024-10-10,centro storico,1750,47,3,2,1,2,True,furnished,autonomous,,1968.0,,,2,4+4,"Two-bedroom, with elevator, near metro M1."
ML-2025-01798,2024-11-07,Porta Venezia,€ 1300,66,3,2,2,3,False,furnished,autonomous,G,1951.0,M1,,2,4+4,"Two-bedroom, near metro M1."
ML-2025-02364,11/18/2024,Città Studi,2300,100,3,2,1,4,True,partly furnished,central,E,1998.0,M2,70.0,2,3+2,"Two-bedroom, with elevator, near metro M2."
ML-2025-01493,2025-02-16,Navigli,500,20,1,1,1,7th,True,unfurnished,autonomous,D,1986.0,M2,240.0,2,4+4,
ML-2025-00596,01/27/2025,Città Studi,1300,66,3,2,2,4,True,furnished,central,G,1964.0,M2,190.0,1,student,"Two-bedroom, with elevator, near metro M2."
ML-2025-00396,30/11/2024,Corvetto,750,70,3,2,1,3th,False,unfurnished,autonomous,G,1945.0,M3,110.0,1,student,"Two-bedroom, in historic building, near metro M3."
ML-2025-02357,10 January 2025,Baggio,1000,70,4,3,1,7th,True,FURNISHED,central,D,1987.0,,250.0,2,3+2,"Apartment, with elevator."
ML-2025-00084,2024-10-31,Quadrilatero,3950,104,4,4,1,1,False,furnished,autonomous,,1954.0,M1,90.0,2,4+4,"Large apartment, near metro M1."
ML-2025-01255,2024-12-23,Lambrate,550,34,1,1,1,3,False,unfurnished,autonomous,F,1950.0,M2,180.0,3,3+2,"Studio, near metro M2."
ML-2025-00063,2024-10-17,Greco,300,19,1,1,1,7th,True,furnished,heat pump,,1992.0,M1,180.0,2,4+4,"Studio, with elevator, near metro M1."
ML-2025-01434,11/20/2024,Lambrate,700,38,2,1,1,4,True,unfurnished,central,A,2023.0,M2,220.0,3,3+2,"Studio, recently built, with elevator, near metro M2."
ML-2025-00127,2024-12-17,Greco,700,55,2,1,1,first,False,furnished,central,G,1968.0,M1,130.0,3,4+4,"One-bedroom, near metro M1."
ML-2025-01945,2025-03-13,Affori,1300,113,4,3,2,1,True,unfurnished, autonomous,C,2007.0,M3,80.0,2,3+2,
ML-2025-01339,2025-01-02,Porta Venezia,1450,76,3,3,1,3th,False,partly furnished,autonomous,F,1946.0,M1,200.0,1,temporary,"Two-bedroom, in historic building, near metro M1."
ML-2025-01992,28 December 2024,Porta Romana,1400,83,4,3,1,ground,False,unfurnished,autonomous,G,1934.0,M3,240.0,2,4+4,"Apartment, in historic building, near metro M3."
ML-2025-00384,2025-01-12,BAGGIO,1300,103,4,3,2,3,False,furnished,autonomous ,,,,310.0,1,temporary,"Large apartment, in historic building."
ML-2025-00925,2024-10-29,NoLo,850,54,1,1,1,GF,False,furnished,central,G,1929.0,M2,130.0,2,4+4,"Apartment, in historic building, near metro M2."
ML-2025-00532,2025-03-30,Lorenteggio,1500,118,4,3,2,3th,False,partly furnished,autonomous,,,,230.0,1,student,"Large apartment, in historic building."
ML-2025-01209,2025-01-10,Isola,900,45,2,1,1,7th,True,empty,autonomous,A4,2016.0,M5,80.0,3,3+2,"One-bedroom, recently built, with elevator, near metro M5."
ML-2025-02154,2025-02-26,Greco,1000,57,3,2,1,1st,True,partly furnished,centr.,B,2006.0,,250.0,1,student,"Two-bedroom, with elevator, near metro M1."
ML-2025-01249,07/10/2024,Corvetto,1200,107,5,4,1,1st,False,unfurnished,central,,1977.0,M3,240.0,3,3+2,"Large apartment, near metro M3."
ML-2025-00906,31 March 2025,Baggio,600,46,3,2,1,3th,True,Furnished,central,,2004.0,,160.0,1,temporary,"Two-bedroom, with elevator."
ML-2025-00786,2024-12-16,Baggio,400,42,2,1,1,4,True,unfurnished,heat pump,F,1981.0,,220.0,1,student,"One-bedroom, with elevator."
ML-2025-02452,29/11/2024,Lorenteggio,400,24,1,1,1,5,True,furnished,central,,1988.0,,180.0,2,3+2,"Studio, with elevator."
ML-2025-01632,2024-12-28,porta garibaldi,850,36,3,2,1,4th,True,unfurnished,autonomous,F,1982.0,M5,180.0,2,4+4,
ML-2025-00887,2025-02-17,Bicocca,€ 1150,52,3,2,1,2,True,furnished,autonomous,D,1991.0,,,2,4+4,"Two-bedroom, with elevator, near metro M5."
ML-2025-00190,13/02/2025,Navigli,2750,129,5,4,2,5th,True,furnished,central,G,1923.0,M2,100.0,2,4+4,"Large apartment, in historic building, with elevator, near metro M2."
ML-2025-02242,2024-10-27,Brera,1300,45,3,2,1,1st,False,unfurnished,central,G,1953.0,M2,180.0,2,4+4,"Two-bedroom, near metro M2."
ML-2025-02319,11/06/2024,NoLo,3700,154,5,4,2,ground floor,True,furnished,central,E,1991.0,M1,130.0,1,temporary,"Large apartment, with elevator, near metro M1."
ML-2025-02080,28/12/2024,Affori,1200,90,4,3,1,6,True,unfurnished,autonomous,,1990.0,M3,110.0,2,3+2,"Apartment, with elevator, near metro M3."
ML-2025-00663,06/03/2025,Sempione,1600,78,4,3,1,4,True,partly furnished,Heat pump,,1979.0,M1,100.0,3,3+2,"Apartment, with elevator, near metro M1."
ML-2025-02249,08/02/2025,Sempione,1200,60,4,3,1,3,True,unfurnished,heat pump,G,,M1,110.0,2,4+4,"Apartment, in historic building, with elevator, near metro M1."
ML-2025-01332,06/10/2024,De Angeli,1950,76,2,1,1,3,True,furnished,autonomous,A2,2022.0,M1,130.0,3,4+4,"One-bedroom, recently built, with elevator, near metro M1."
ML-2025-01480,20 January 2025,NoLo,1100,52,1,1,1,4th,True,partly furnished,heat pump,D,1991.0,M1,130.0,3,4+4,"Apartment, with elevator, near metro M1."
ML-2025-00900,2025-03-02,Porta Venezia,2150,80,4,3,1,8,True,furnished,central,A,2010.0,M1,140.0,2,3+2,"Apartment, with elevator, near metro M1."
ML-2025-01262,2024-10-29,Greco,1600,88,3,2,1,6th,True,Furnished,central,D,1993.0,M1,100.0,3,4+4,"Two-bedroom, with elevator, near metro M1."
ML-2025-00583,25/02/2025,Città Studi,4300,176,6,5,2,first,True,furnished, autonomous,B,2018.0,M2,,2,3+2,"Large apartment, recently built, with elevator, near metro M2."
ML-2025-00501,2025-02-15,Lambrate,950,80,3,2,2,1,False,unfurnished,heat pump,G,1953.0,,280.0,1,student,"Two-bedroom, near metro M2."
ML-2025-01845,28 October 2024,Corvetto,850,67,3,2,2,1st,False,unfurnished,autonomous,,1923.0,M3,220.0,2,4+4,
ML-2025-01780,2025-03-24,Quarto Oggiaro,1150,82,5,4,1,3th,True,furnished,autonomous,A,2016.0,M3,210.0,3,4+4,"Apartment, recently built, with elevator, near metro M3."
ML-2025-02475,2025-01-05,Bocconi,2450,106,4,3,2,2,False,partly furnished,autonomous,,1969.0,M3,270.0,1,temporary,"Large apartment, near metro M3."
ML-2025-00959,2024-11-23,Magenta,1550,50,1,1,1,4th,True,furnished,autonomous,A,2016.0,M2,190.0,3,3+2,
ML-2025-02289,15/01/2025,Città Studi,1950,102,4,3,1,6th,True,unfurnished,autonomous,E,1994.0,M2,50.0,1,student,"Large apartment, with elevator, near metro M2."
ML-2025-01598,2024-12-17,Porta Venezia,900,39,1,1,1,2th,False,partly furnished,central,,1936.0,M1,130.0,2,4+4,"Studio, in historic building, near metro M1."
ML-2025-02268,2025-02-21,Lambrate,850,66,4,3,1,1,False,partly furnished,autonomous,G,1954.0,M2,90.0,2,4+4,"Apartment, near metro M2."
ML-2025-01364,2025-01-20,bicocca,1000,80,4,3,1,GF,False,unfurnished,central,,1938.0,M5,170.0,3,4+4,
ML-2025-01813,2025-02-04,Isola,750,32,1,1,1,4,True,partly furnished,autonomous,G,1906.0,M5,70.0,2,4+4,"Studio, in historic building, with elevator, near metro M5."
ML-2025-02238,2024-10-16,Magenta,1950,83,5,4,1,1st,False,partly furnished,autonomous,,1960.0,M2,100.0,2,4+4,
ML-2025-01613,2024-12-15,Bocconi,1050,40,2,1,1,4,True,Furnished,central,G,1935.0,M3,300.0,3,3+2,
ML-2025-02152,2024-12-01,Magenta,1000,36,2,1,1,4th,True,furnished,autonomous,A,2023.0,M1,130.0,2,4+4,"Studio, recently built, with elevator, near metro M1."
ML-2025-00016,15/03/2025,Zone Magenta,1950,97,4,3,1,2,False,unfurnished,autonomous,G,1914.0,M2,260.0,2,4+4,"Apartment, in historic building, near metro M2."
ML-2025-00352,02/02/2025,Quarto Oggiaro,1000,81,4,3,2,4,True,furnished,autonomous,F,1973.0,M3,300.0,2,3+2,"Apartment, with elevator, near metro M3."
ML-2025-01764,2024-10-25,Città Studi,1850,84,3,2,2,6,True,unfurnished,autonomous,,1991.0,M2,150.0,1,student,"Two-bedroom, with elevator, near metro M2."
ML-2025-02076,2025-03-18,Quarto Oggiaro,850,61,3,2,1,4th,True,furnished,autonomous,B,2012.0,M3,70.0,1,student,"Two-bedroom, recently built, with elevator, near metro M3."
ML-2025-00304,2025-02-04,Bicocca,2400,107,5,4,2,3,True,furnished,central,E,1999.0,M5,60.0,2,3+2,"Large apartment, with elevator, near metro M5."
ML-2025-00140,2024-12-03,Lorenteggio,550,46,1,1,1,8th,True,unfurnished,autonomous,D,1984.0,,70.0,2,3+2,"Apartment, with elevator."
ML-2025-01672,2025-03-10,Baggio,750,89,4,3,2,1,False,unfurnished,autonomous,G,1925.0,,80.0,3,4+4,"Apartment, in historic building."
ML-2025-00439,2025-03-14,Lambrate,750,49,1,1,1,4,True,furnished,autonomous,G,1945.0,M2,200.0,1,temporary,"Apartment, in historic building, with elevator, near metro M2."
ML-2025-00616,2025-03-04,Corvetto,1200,99,4,3,2,5th,True,partly furnished,autonomous,,1961.0,M3,280.0,2,4+4,"Apartment, with elevator, near metro M3."
ML-2025-01270,08/01/2025,Isola,550,29,1,1,1,2th,False,furnished,autonomous,G,,M5,120.0,2,3+2,"Studio, in historic building, near metro M5."
ML-2025-00242,28/01/2025,Corvetto,400,39,1,1,1,4,True,unfurnished,autonomous,G,,M3,140.0,2,4+4,"Studio, in historic building, with elevator, near metro M3."
ML-2025-01183,2024-10-17,Bicocca,1250,79,3,2,2,4,True,furnished,autonomous,,,M5,160.0,3,3+2,"Two-bedroom, in historic building, with elevator, near metro M5."
ML-2025-00348,2024-11-30,Brera,2450,95,4,3,2,4,True,unfurnished,Central,G,1932.0,M2,200.0,2,3+2,"Apartment, in historic building, with elevator, near metro M2."
ML-2025-01600,07/12/2024,Baggio,550,49,1,1,1,4th,True,unfurnished,heat pump,F,1975.0,,290.0,3,4+4,"Apartment, with elevator."
ML-2025-01221,03/26/2025,Corvetto,700,42,1,1,1,ground floor,True,furnished,central,D,2006.0,M3,110.0,1,student,"Apartment, with elevator, near metro M3."
ML-2025-00935,2024-12-23,Magenta,700,28,1,1,1,6,True,furnished,autonomous,D,1998.0,M2,130.0,2,4+4,"Studio, with elevator, near metro M2."
ML-2025-00665,10/31/2024,Porta Venezia,2650,116,5,5,2,7th,True,unfurnished,autonomous,D,1993.0,M1,190.0,3,4+4,"Large apartment, with elevator, near metro M1."
ML-2025-01202,2024-11-01,Centro Storico,1900,50,3,2,1,1,True,FURNISHED,auto.,,1997.0,M3,70.0,3,4+4,"Two-bedroom, with elevator, near metro M3."
ML-2025-01819,12/11/2024,Bicocca,1000,62,4,3,1,3th,True,partly furnished,Central,C,2013.0,M5,170.0,3,4+4,"Apartment, recently built, with elevator, near metro M5."
ML-2025-01832,2024-12-03,Sempione,1550,60,3,2,2,4,True,furnished,heat pump,B,2007.0,M1,140.0,2,4+4,"Two-bedroom, with elevator, near metro M1."
ML-2025-00792,26/11/2024,Sempione,1500,62,2,2,1,1st,False,Furnished,autonomous,E,1971.0,M1,280.0,3,3+2,"One-bedroom, near metro M1."
ML-2025-00774,16/11/2024,Tortona,1350,53,1,1,1,6,True,furnished,heat pump,C,2010.0,M2,50.0,3,4+4,"Apartment, with elevator, near metro M2."
ML-2025-01369,2025-02-27,Magenta,2300,96,3,2,2,3th,False,furnished,Central,G,1968.0,M1,310.0,2,4+4,"Two-bedroom, near metro M1."
ML-2025-00895,2025-02-15,Lambrate,800,50,2,1,1,4th,True,partly furnished,autonomous,G,1943.0,M2,70.0,1,temporary,
ML-2025-01759,03/17/2025,Porta Venezia,2700,99,4,3,1,G,True,furnished,autonomous,B,2019.0,M1,160.0,2,3+2,"Apartment, recently built, with elevator, near metro M1."
ML-2025-02310,2025-01-13,Porta Garibaldi,1150,54,2,1,1,1,False,unfurnished,central,E,1937.0,M2,100.0,2,4+4,"One-bedroom, in historic building, near metro M2."
ML-2025-01492,2024-11-14,Tortona,1450,53,2,1,1,5th,True,furnished,autonomous,,2004.0,M2,210.0,3,4+4,
ML-2025-02425,20/12/2024,Isola,1300,50,3,3,1,6,True,furnished,autonomous,B,2010.0,M5,110.0,3,4+4,
ML-2025-01375,03/29/2025,Navigli,800,38,1,1,1,1,False,partly furnished,central,G,1950.0,M2,80.0,2,4+4,"Studio, near metro M2."
ML-2025-00215,06/12/2024,Lambrate,550,35,1,1,1,2,False,furnished,heat pump,,1903.0,M2,260.0,3,4+4,
ML-2025-02087,06/10/2024,Porta Venezia,1150,63,2,1,1,first,False,unfurnished,central,,1931.0,M1,80.0,2,4+4,"One-bedroom, in historic building, near metro M1."
ML-2025-01890,02/06/2025,Lorenteggio,1000,81,4,4,2,2,False,furnished,central,G,1946.0,,200.0,3,3+2,"Apartment, in historic building."
ML-2025-01967,2024-11-08,Magenta,1150,41,1,1,1,5,True,furnished,central,G,1933.0,M2,120.0,1,temporary,"Apartment, in historic building, with elevator, near metro M2."
ML-2025-00559,21 February 2025,Affori,950,71,3,2,1,4th,True,furnished,CENTR.,,1953.0,M3,310.0,3,4+4,"Two-bedroom, with elevator, near metro M3."
ML-2025-00234,2025-01-06,Città Studi,950,51,2,1,1,2th,True,unfurnished,autonomous,,1996.0,M2,180.0,3,4+4,"One-bedroom, with elevator, near metro M2."
ML-2025-00377,2024-10-16,Quarto Oggiaro,750,66,3,2,1,7th,True,furnished,autonomous,C,2005.0,M3,140.0,1,temporary,"Two-bedroom, with elevator, near metro M3."
ML-2025-00131,2024-12-08,NoLo,1450,85,4,4,1,1,False,Furnished,central,,1921.0,M2,230.0,1,temporary,"Apartment, in historic building, near metro M2."
ML-2025-01752,01/26/2025,Navigli,650,28,1,1,1,2,False,furnished,autonomous,F,1977.0,M2,120.0,3,4+4,"Studio, near metro M2."
ML-2025-01597,2024-11-17,Isola,1750,63,3,2,2,7,True,furnished,heat pump,B,2022.0,M5,200.0,3,4+4,"Two-bedroom, recently built, with elevator, near metro M5."
ML-2025-00946,26/01/2025,Centro Storico,1000,42,1,1,1,1,False,partly furnished,heat pump,F,1940.0,M1,120.0,2,4+4,"Apartment, in historic building, near metro M1."
ML-2025-00892,15/03/2025,Quarto Oggiaro,€ 900,72 sqm,4,3,2,3,True,furnished,heat pump,D,2008.0,M3,,2,4+4,"Apartment, with elevator, near metro M3."
ML-2025-00533,8 March 2025,Lorenteggio,450,40,2,1,1,3,True,unfurnished,central,,1985.0,,90.0,3,4+4,"One-bedroom, with elevator."
ML-2025-00106,2025-02-01,Navigli,1250,0,3,2,2,5th,True,furnished,autonomous,G,1949.0,M2,300.0,2,3+2,"Two-bedroom, in historic building, with elevator, near metro M2."
ML-2025-00222,2024-11-03,Sempione,2700,115,4,3,2,3th,True,Furnished,centr.,,1914.0,M1,260.0,3,4+4,"Large apartment, in historic building, with elevator, near metro M1."
ML-2025-01511,2025-02-28,Greco,850,68,3,2,1,2,False,furnished,autonomous,F,1945.0,M1,320.0,2,4+4,"Two-bedroom, in historic building, near metro M1."
ML-2025-01571,2025-02-07,Sempione,1100,63,3,2,2,1st,False,unfurnished,central,G,1960.0,M1,240.0,1,temporary,"Two-bedroom, near metro M1."
ML-2025-01744,03/27/2025,CENTRO STORICO,2050,75,4,3,1,2,False,Partly furnished,autonomous,G,1906.0,M3,250.0,2,4+4,"Apartment, in historic building, near metro M3."
ML-2025-02221,2025-03-29,Lambrate,900,47,2,1,1,2th,True,furnished,Central,E,1988.0,M2,230.0,1,student,"One-bedroom, with elevator, near metro M2."
ML-2025-00449,02/18/2025,Tortona,1700,92,4,4,1,1,False,furnished,central,F,1966.0,M2,100.0,2,4+4,"Apartment, near metro M2."
ML-2025-02017,2024-11-18,Porta Garibaldi,2000,83,4,3,1,3th,True,unfurnished,autonomous,,1939.0,M2,200.0,3,3+2,"Apartment, in historic building, with elevator, near metro M2."
ML-2025-01901,2025-01-23,Bocconi,1500,66,3,2,1,3th,True,unfurnished,autonomous,F,1984.0,M3,160.0,3,4+4,"Two-bedroom, with elevator, near metro M3."
ML-2025-01280,2025-02-13,Città Studi,5250,210,5,5,2,2th,True,partly furnished,centr.,D,2000.0,,90.0,2,3+2,"Large apartment, with elevator, near metro M2."
ML-2025-01761,19/01/2025,NoLo,700,34,1,1,1,6,True,partly furnished,autonomous,C,2011.0,M2,120.0,3,4+4,"Studio, recently built, with elevator, near metro M2."
ML-2025-01359,09/11/2024,Isola,1300,72,2,1,2,1,False,unfurnished,autonomous,G,1943.0,M5,190.0,1,temporary,"One-bedroom, in historic building, near metro M5."
ML-2025-02290,2024-11-29,Navigli,1600,72,2,1,2,6,True,partly furnished,autonomous,C,1995.0,M2,150.0,3,3+2,
ML-2025-00904,26/12/2024,Sempione,1050,58,3,2,1,3th,False,unfurnished,central,D,1971.0,M5,240.0,3,3+2,"Two-bedroom, near metro M5."
ML-2025-00036,27/10/2024,Greco,750,46,2,1,1,7th,True,furnished,autonomous,D,2008.0,M1,120.0,3,3+2,
ML-2025-02466,2025-03-09,Navigli,1050,47,2,1,1,3th,False,furnished,central,G,1965.0,M2,140.0,3,3+2,"One-bedroom, near metro M2."
ML-2025-00019,2025-01-09,NoLo,750,45,3,2,1,4,True,partly furnished,Autonomous,E,1971.0,M1,130.0,2,4+4,"Two-bedroom, with elevator, near metro M1."
ML-2025-00266,2025-02-06,De Angeli,1000,52,2,1,1,4,True,unfurnished,heat pump,A4,2015.0,,150.0,3,3+2,"One-bedroom, recently built, with elevator, near metro M1."
ML-2025-01970,2025-02-16,Centro Storico,3700,122,6,5,2,2,False,unfurn.,heat pump,,1949.0,M1,160.0,2,4+4,"Large apartment, in historic building, near metro M1."
ML-2025-00001,2024-10-31,Tortona,1750,82,5,4,1,2,False,furnished,heat pump,F,1925.0,M2,100.0,3,4+4,"Apartment, in historic building, near metro M2."
ML-2025-00401,2025-03-06,Porta Venezia,800,36,3,2,1,5,True,unfurnished,central,G,1945.0,,170.0,1,temporary,"Studio, in historic building, with elevator, near metro M1."
ML-2025-01553,2025-02-11,Greco,1200,79,4,3,2,5,True,furnished,autonomous,D,2003.0,M1,120.0,3,4+4,"Apartment, with elevator, near metro M1."
ML-2025-01881,2024-12-29,Lambrate,1550,98,5,5,2,8th,True,Unfurnished,central,E,1980.0,M2,120.0,2,3+2,"Apartment, with elevator, near metro M2."
ML-2025-00626,2024-12-11,Tortona,1300,61,3,2,2,8,True,partly furn.,CENTR.,B,2011.0,M2,120.0,3,3+2,"Two-bedroom, recently built, with elevator, near metro M2."
ML-2025-02281,11/23/2024,Navigli,950,52,2,1,1,2,False,partly furnished,central,F,1978.0,M2,100.0,3,4+4,"One-bedroom, near metro M2."
ML-2025-01197,2025-03-05,Lorenteggio,1450,113,5,4,2,GF,False,furnished,autonomous,G,,,100.0,2,4+4,"Large apartment, in historic building."
ML-2025-02003,2025-03-20,Baggio,800,52,2,1,1,3,True,furnished,central,D,1991.0,,100.0,2,4+4,"One-bedroom, with elevator."
ML-2025-00519,01/08/2025,Lorenteggio,€ 850,52 sqm,2,1,1,6th,True,furnished,autonomous,B,2008.0,,,3,4+4,"One-bedroom, with elevator."
ML-2025-01842,2025-01-30,NoLo,1400,71,3,2,2,3,True,furnished,centr.,C,2007.0,M1,210.0,3,3+2,"Two-bedroom, with elevator, near metro M1."
ML-2025-01625,2025-03-14,Magenta,1350,50,1,1,1,4th,True,furnished,autonomous,A2,2017.0,M1,100.0,1,student,"Apartment, recently built, with elevator, near metro M1."
ML-2025-01773,15 February 2025,Baggio,1200,91,4,4,1,5,True,unfurnished,Autonomous,C,2014.0,,100.0,2,4+4,"Apartment, recently built, with elevator."
ML-2025-00658,2024-11-08,Porta Garibaldi,3200,119,5,4,2,5,True,partly furnished,autonomous,A3,2022.0,M2,190.0,1,temporary,"Large apartment, recently built, with elevator, near metro M2."
ML-2025-00672,13 December 2024,Baggio,850,75,4,3,1,3th,True,unfurnished,centr.,C,2009.0,,70.0,2,4+4,"Apartment, with elevator."
ML-2025-00603,2025-01-14,Magenta,€ 1300,46,2,1,1,2,False,furnished,autonomous,,1962.0,M1,,3,4+4,"One-bedroom, near metro M1."
ML-2025-01925,2024-11-08,Affori,250,27,1,1,1,3,False,unfurnished,central,G,,M3,,3,4+4,"Studio, in historic building, near metro M3."
ML-2025-02217,16/10/2024,Greco,2150,137,5,4,2,3th,False,furnished,autonomous,F,1915.0,M1,150.0,3,3+2,
ML-2025-01102,05/02/2025,Lorenteggio,650,53,3,2,1,4th,True,furnished,autonomous,G,1950.0,,150.0,1,student,"Two-bedroom, with elevator."
ML-2025-02312,2025-02-15,Quarto Oggiaro,500,43,1,1,1,2th,True,furnished,heat pump,E,2000.0,M3,90.0,1,student,"Apartment, with elevator, near metro M3."
ML-2025-01288,2025-01-23,Porta Garibaldi,900,31,1,1,1,2,True,furnished,autonomous,B,2005.0,M5,100.0,1,student,"Studio, with elevator, near metro M5."
ML-2025-02453,2025-02-22,Bocconi,1500,72,2,1,1,2th,False,Unfurnished,central,G,1903.0,M3,200.0,2,4+4,"One-bedroom, in historic building, near metro M3."
ML-2025-01607,2025-03-18,Quadrilatero,€ 2700,72 sqm,3,2,2,first,False,partly furnished,central,F,1929.0,M3,,3,4+4,"Two-bedroom, in historic building, near metro M3."
ML-2025-01513,10/16/2024,Lorenteggio,700,50,2,1,1,3,True,partly furnished,autonomous,F,1937.0,,150.0,3,4+4,"One-bedroom, in historic building, with elevator."
ML-2025-00594,06/10/2024,Porta Garibaldi,2100,82,4,3,2,7th,True,partly furnished,central,B,2013.0,M5,240.0,2,3+2,"Apartment, recently built, with elevator, near metro M5."
ML-2025-00524,2024-11-22,Quarto Oggiaro,850,94,4,3,2,3,True,partly furnished,autonomous,G,1920.0,M3,220.0,2,4+4,"Apartment, in historic building, with elevator, near metro M3."
ML-2025-00237,13/11/2024,Isola,1250,51,2,1,1,3,True,furnished,heat pump,A2,2021.0,M5,190.0,2,3+2,"One-bedroom, recently built, with elevator, near metro M5."
ML-2025-00512,16/01/2025,NoLo,650,38,3,3,1,2,True,furnished,auto.,,1980.0,M1,110.0,2,3+2,"Studio, with elevator, near metro M1."
ML-2025-00430,29/12/2024,PORTA ROMANA,1050,45,3,2,1,1st,True,partly,autonomous,,1987.0,M3,210.0,3,4+4,"Two-bedroom, with elevator, near metro M3."
ML-2025-01880,2024-12-25,Bocconi,1000,50,1,1,1,3,False,partly furnished,autonomous,,1943.0,M3,100.0,2,3+2,"Apartment, in historic building, near metro M3."
ML-2025-00756,2024-12-19,Affori,1350,95,4,3,1,1,True,furnished,autonomous,F,1985.0,M3,140.0,3,3+2,"Apartment, with elevator, near metro M3."
ML-2025-02198,2024-10-12,Quarto Oggiaro,800,68,3,2,1,2th,True,furnished,autonomous,G,1909.0,,310.0,1,temporary,"Two-bedroom, in historic building, with elevator, near metro M3."
ML-2025-00787,04/02/2025,Sempione,1450,77,2,1,1,3,True,unfurnished,autonomous,,2000.0,M5,160.0,1,student,"One-bedroom, with elevator, near metro M5."
ML-2025-02511,2024-12-15,Sempione,682,33,1,1,1,2th,True,unfurnished,auto.,G,,M1,280.0,1,temporary,"Studio, in historic building, with elevator, near metro M1."
ML-2025-02143,2025-01-06,Lambrate,850,65,3,2,1,4,True,partly furnished,heat pump,,1933.0,M2,320.0,3,4+4,"Two-bedroom, in historic building, with elevator, near metro M2."
ML-2025-00988,2025-03-27,NoLo,600,34,1,1,1,7th,True,partly furnished,AUTONOMOUS,E,2002.0,M1,120.0,1,temporary,"Studio, with elevator, near metro M1."
ML-2025-02046,2025-01-05,De Angeli,€ 1000,51 sqm,2,1,1,1st,True,partly furnished,central,D,1991.0,M1,,3,4+4,"One-bedroom, with elevator, near metro M1."
ML-2025-00048,18 January 2025,Città Studi,1950,97,3,2,2,3,False,partly furnished,central,F,1949.0,M2,140.0,3,4+4,"Two-bedroom, in historic building, near metro M2."
ML-2025-00655,2024-10-09,NoLo,1000,49,2,1,1,3th,True,unfurnished,central,A2,2018.0,M1,170.0,2,3+2,"One-bedroom, recently built, with elevator, near metro M1."
ML-2025-00309,3 February 2025,Affori,900,76,3,2,1,first,False,PARTLY,central,G,1959.0,M3,190.0,2,4+4,"Two-bedroom, near metro M3."
ML-2025-01877,2024-12-25,Sempione,700,45,1,1,1,3th,False,unfurnished,heat pump,G,1936.0,M5,170.0,1,temporary,"Apartment, in historic building, near metro M5."
ML-2025-00728,29/12/2024,Affori,1250,85,4,3,1,4,True,furnished,central,,1912.0,M3,120.0,2,4+4,"Apartment, in historic building, with elevator, near metro M3."
ML-2025-00535,02/17/2025,Affori,750,59,3,2,1,3,True,unfurnished,autonomous,B,2011.0,M3,210.0,3,4+4,"Two-bedroom, recently built, with elevator, near metro M3."
ML-2025-02241,2025-02-01,Affori,600,44,2,1,1,3,True,unfurnished,central,F,1980.0,M3,110.0,2,3+2,
ML-2025-01730,2025-03-24,Bicocca,1750,93,5,4,2,1,True,FURNISHED,autonomous,D,2014.0,M5,160.0,2,4+4,"Apartment, recently built, with elevator, near metro M5."
ML-2025-01306,2024-11-23,Quarto Oggiaro,750,57,4,3,1,7th,True,partly furnished,autonomous,A2,2015.0,M3,130.0,2,4+4,"Apartment, recently built, with elevator, near metro M3."
ML-2025-02429,10/28/2024,ISOLA,1450,81,5,4,2,4th,True,unfurnished,autonomous,B,2023.0,M5,90.0,3,4+4,"Apartment, recently built, with elevator, near metro M5."
ML-2025-00632,2025-03-18,Baggio,750,68,3,2,1,5,True,furnished,central,F,1986.0,,230.0,1,temporary,"Two-bedroom, with elevator."
ML-2025-02277,08/10/2024,De Angeli,2400,119,4,3,2,1,False,partly furnished,autonomous,,1923.0,M1,120.0,1,temporary,
ML-2025-00265,29/11/2024,Baggio,1450,117,5,5,2,4,True,partly furnished,autonomous,F,1951.0,,230.0,3,4+4,"Large apartment, with elevator."
ML-2025-01840,03/21/2025,NAVIGLI,650,35,2,1,1,1,False,partly furnished,central,,1903.0,M2,320.0,1,temporary,"Studio, in historic building, near metro M2."
ML-2025-01768,2025-02-08,Città Studi,600,26,1,1,1,5th,True,furnished,central,D,1972.0,M2,300.0,3,4+4,"Studio, with elevator, near metro M2."
ML-2025-00310,3 November 2024,Isola,1200,54,1,1,1,0,True,furnished,central,,1983.0,M5,150.0,2,4+4,
ML-2025-00814,2024-12-01,Corvetto,650,59,4,3,1,1,False,partly furnished,autonomous ,G,1920.0,M3,110.0,2,4+4,"Apartment, in historic building, near metro M3."
ML-2025-01105,2024-11-03,Lorenteggio,1850,134,5,4,2,4,True,furnished,autonomous,E,1995.0,,80.0,2,4+4,"Large apartment, with elevator."
ML-2025-00410,2024-11-06,Porta Venezia,1200,53,1,1,1,1,False,FURNISHED,autonomous,G,1905.0,M1,110.0,3,4+4,
ML-2025-00118,2024-11-03,Magenta,1000,55,3,2,1,4,True,unfurnished,AUTONOMOUS,G,,M1,260.0,2,4+4,"Two-bedroom, in historic building, with elevator, near metro M1."
ML-2025-01976,2024-12-25,CORVETTO,500,39,3,2,1,6,True,unfurnished,central,F,1988.0,M3,120.0,1,temporary,"Studio, with elevator, near metro M3."
ML-2025-00957,2025-03-07,Città Studi,1400,69,3,2,2,4,True,furnished,heat pump,G,,M2,220.0,2,4+4,"Two-bedroom, in historic building, with elevator, near metro M2."
ML-2025-01711,11 December 2024,Porta Romana,1300,42,2,1,1,first,True,furnished,central,A,2022.0,M3,250.0,2,3+2,"One-bedroom, recently built, with elevator, near metro M3."
ML-2025-02291,2025-01-12,Sempione,1600,72,3,2,1,4,True,partly furnished,central,,1989.0,,100.0,2,4+4,"Two-bedroom, with elevator, near metro M5."
ML-2025-00696,2025-03-06,Sempione,2000,95,4,3,1,3th,True,partly furnished,autonomous,G,1928.0,M5,200.0,3,3+2,"Apartment, in historic building, with elevator, near metro M5."
ML-2025-00156,2024-12-28,Navigli,850,44,1,1,1,3,False,PARTLY,autonomous,F,1979.0,M2,120.0,3,3+2,"Apartment, near metro M2."
ML-2025-00945,2024-12-04,Navigli,1500,56,3,2,1,4,True,furn.,autonomous,E,1992.0,M2,120.0,3,3+2,"Two-bedroom, with elevator, near metro M2."
ML-2025-01274,2024-11-07,Brera,€ 2550,71 sqm,3,2,1,1,False,furnished, autonomous,F,,M3,,2,3+2,
ML-2025-00223,2024-12-06,Porta Venezia,500,27,1,1,1,2,True,partly furnished,CENTR.,G,1947.0,M1,180.0,3,3+2,"Studio, in historic building, with elevator, near metro M1."
ML-2025-01909,2024-10-30,Porta Garibaldi,800,38,2,1,1,4,True,unfurnished,autonomous,D,2005.0,M2,70.0,1,student,"Studio, with elevator, near metro M2."
ML-2025-01476,2024-12-07,Lambrate,600,40,3,2,1,2th,True,empty,auto.,B,2020.0,M2,150.0,1,student,"Two-bedroom, recently built, with elevator, near metro M2."
ML-2025-02026,2024-10-17,Navigli,1350,53,2,2,1,ground floor,True,unfurnished,heat pump,A3,2016.0,M2,230.0,3,4+4,"One-bedroom, recently built, with elevator, near metro M2."
ML-2025-01661,2025-02-05,Sempione,700,30,1,1,1,3,True,furnished,Central,,1991.0,M1,140.0,1,student,"Studio, with elevator, near metro M1."
ML-2025-02398,2025-01-20,Centro Storico,3250,87,5,4,1,6th,True,furnished,autonomous,,1983.0,M3,160.0,2,3+2,"Apartment, with elevator, near metro M3."
ML-2025-00460,2025-02-01,Porta Romana,2250,106,5,4,2,4,True,furnished,central,,,M3,170.0,3,3+2,"Large apartment, in historic building, with elevator, near metro M3."
ML-2025-00382,2025-03-05,Lambrate,800,54,3,2,1,2,False,furnished,central,G,1962.0,M2,260.0,2,3+2,"Two-bedroom, near metro M2."
ML-2025-01136,2025-01-29,Porta Venezia,1800,84,3,2,2,ground,False,furnished,autonomous,G,,M1,80.0,3,3+2,"Two-bedroom, in historic building, near metro M1."
ML-2025-00536,09/02/2025,Corvetto,800,59,4,3,1,2th,False,furnished,autonomous,,1966.0,M3,240.0,2,4+4,"Apartment, near metro M3."
ML-2025-01928,2025-03-28,Città Studi,2100,93,4,4,1,6th,True,furnished,heat pump,B,2021.0,M2,250.0,2,4+4,"Apartment, recently built, with elevator, near metro M2."
ML-2025-00673,12 January 2025,Porta Venezia,2950,131,6,5,2,2,True,partly furnished,heat pump,G,1944.0,,230.0,3,4+4,"Large apartment, in historic building, with elevator, near metro M1."
ML-2025-01435,2025-03-16,Porta Romana,1500,81,3,2,2,4,True,unfurnished,central,F,1908.0,M3,110.0,3,4+4,"Two-bedroom, in historic building, with elevator, near metro M3."
ML-2025-00472,31 March 2025,Lorenteggio,€ 650,62 sqm,3,2,2,3,False,unfurnished,central,F,1907.0,,,2,4+4,"Two-bedroom, in historic building."
ML-2025-02097,2025-02-18,Sempione,€ 1700,97,4,3,2,first,False,partly furnished,autonomous,F,1934.0,M1,,2,3+2,
ML-2025-00076,12/31/2024,De Angeli,1200,54,2,1,1,4,True,empty,autonomous,C,2012.0,M1,190.0,1,student,"One-bedroom, recently built, with elevator, near metro M1."
ML-2025-01141,03/08/2025,Greco,2400,128,4,3,2,8th,True,partly furnished,autonomous ,A4,2017.0,M1,170.0,2,4+4,"Large apartment, recently built, with elevator, near metro M1."
ML-2025-00993,2025-01-11,Isola,850,45,2,1,1,5,True,unfurnished,Central,G,1939.0,M5,180.0,3,4+4,"One-bedroom, in historic building, with elevator, near metro M5."
ML-2025-01389,12/25/2024,Lorenteggio,700,54,2,1,1,3th,True,unfurnished,central,D,1988.0,,220.0,3,4+4,"One-bedroom, with elevator."
ML-2025-01228,31/12/2024,Isola,2750,138,6,5,2,2th,False,furnished,central,G,1909.0,M5,260.0,1,temporary,"Large apartment, in historic building, near metro M5."
ML-2025-02495,12/18/2024,Città Studi,700,41,1,1,1,2th,False,unfurnished,central,,1946.0,M2,140.0,3,4+4,"Apartment, in historic building, near metro M2."
ML-2025-01652,20 November 2024,Isola,2050,78,2,1,2,G,True,furnished,HP,,1981.0,M5,210.0,3,4+4,"One-bedroom, with elevator, near metro M5."
ML-2025-02333,2025-01-14,Sempione,2050,108,5,4,1,2,False,unfurnished,autonomous,E,1973.0,M5,260.0,2,4+4,"Large apartment, near metro M5."
ML-2025-01246,30/12/2024,Bicocca,1650,92,3,2,2,3,True,unfurnished,autonomous,B,2011.0,M5,170.0,2,4+4,"Two-bedroom, recently built, with elevator, near metro M5."
ML-2025-01058,2024-12-28,NoLo,1200,83,5,4,1,4,True,unfurnished,autonomous,G,1933.0,M2,250.0,2,4+4,"Apartment, in historic building, with elevator, near metro M2."
ML-2025-01003,2025-02-02,Quarto Oggiaro,1050,108,5,4,2,3th,False,partly furnished,CENTR.,F,1964.0,M3,170.0,3,3+2,"Large apartment, near metro M3."
ML-2025-01882,27/12/2024,Quarto Oggiaro,450,38,2,1,1,8,True,unfurnished,autonomous,C,1999.0,M3,70.0,1,temporary,"Studio, with elevator, near metro M3."
ML-2025-02256,06/01/2025,Sempione,800,54,2,1,1,first,False,UNFURNISHED,autonomous,G,1923.0,M1,270.0,2,4+4,"One-bedroom, in historic building, near metro M1."
ML-2025-00034,07/03/2025,corvetto,1650,102,3,3,2,1,True,unfurnished,central,A2,2019.0,M3,110.0,2,3+2,"Large apartment, recently built, with elevator, near metro M3."
ML-2025-01433,17/03/2025,Città Studi,2950,146,5,4,2,5,True,FURNISHED,central,G,1904.0,M2,150.0,2,3+2,"Large apartment, in historic building, with elevator, near metro M2."
ML-2025-01903,05/11/2024,Affori,700,57,2,1,1,3th,False,furnished,autonomous,G,1906.0,M3,120.0,2,4+4,"One-bedroom, in historic building, near metro M3."
ML-2025-01461,2025-03-18,Tortona,2050,79,3,3,2,2th,True,furnished,autonomous,E,2002.0,M2,190.0,2,4+4,
ML-2025-00454,15 March 2025,Baggio,950,74,4,3,2,5,True,partly furnished,autonomous,G,1931.0,,130.0,3,4+4,"Apartment, in historic building, with elevator."
ML-2025-01319,6 October 2024,Porta Venezia,850,47,2,1,1,0,False,partly furnished,autonomous,,1913.0,M1,320.0,2,4+4,
ML-2025-02196,2024-10-31,NoLo,1050,55,3,3,1,GF,True,partly furnished,autonomous,E,1995.0,M1,70.0,2,4+4,"Two-bedroom, with elevator, near metro M1."
ML-2025-01351,18/11/2024,Quarto Oggiaro,2050,153,5,4,2,2th,True,furnished,autonomous,A2,2021.0,M3,50.0,3,3+2,"Large apartment, recently built, with elevator, near metro M3."
ML-2025-00110,2025-02-06,Porta Venezia,2600,109,4,3,1,2,False,furn.,autonomous,G,1938.0,M1,240.0,2,3+2,"Large apartment, in historic building, near metro M1."
ML-2025-02119,2025-01-08,Porta Venezia,1950,85,4,3,1,7,True,unfurnished,autonomous,C,2004.0,M1,100.0,2,4+4,
ML-2025-00003,2025-01-22,De Angeli,1600,83,4,3,1,0,False,partly furnished,central,,1941.0,M1,300.0,1,temporary,"Apartment, in historic building, near metro M1."
ML-2025-00804,11/02/2025,Sempione,1500,92,4,3,2,2,True,unfurnished,central,G,,M5,200.0,1,student,"Apartment, in historic building, with elevator, near metro M5."
ML-2025-01106,06/11/2024,Magenta,1250,67,4,3,2,1,False,unfurnished,autonomous,,1909.0,M2,120.0,2,4+4,"Apartment, in historic building, near metro M2."
ML-2025-01278,2025-03-26,Lorenteggio,1150,97,4,3,1,2,False,furnished,autonomous,G,1958.0,,150.0,3,4+4,Apartment.
ML-2025-00474,10/11/2024,Baggio,750,57,4,3,1,2,False,furnished,central,,1948.0,,270.0,1,temporary,"Apartment, in historic building."
ML-2025-01310,2024-12-13,Greco,700,47,2,1,1,2,False,furnished,autonomous,G,1967.0,M1,200.0,2,3+2,"One-bedroom, near metro M1."
ML-2025-00894,06/03/2025,Tortona,1300,54,1,1,1,4,True,furnished,autonomous,F,1965.0,M2,150.0,3,3+2,"Apartment, with elevator, near metro M2."
ML-2025-00356,2024-10-24,Bicocca,900,52,2,2,1,ground,True,PARTLY,central,D,1981.0,M5,160.0,1,temporary,"One-bedroom, with elevator, near metro M5."
ML-2025-00487,2024-11-14,Brera,1550,48,2,1,1,4,True,unfurnished,autonomous,F,1908.0,M2,,2,4+4,"One-bedroom, in historic building, with elevator, near metro M2."
ML-2025-01722,2025-01-22,Porta Romana,3000,109,5,4,2,1,False,furnished,central,E,1939.0,M3,280.0,1,student,"Large apartment, in historic building, near metro M3."
ML-2025-01489,2024-11-07,Tortona,1250,55,2,1,1,3th,True,partly,auto.,D,1973.0,M2,250.0,3,3+2,"One-bedroom, with elevator, near metro M2."
ML-2025-00027,11/01/2025,Navigli,1000,51,2,1,1,7,True,unfurnished,autonomous,F,1980.0,M2,110.0,3,4+4,"One-bedroom, with elevator, near metro M2."
ML-2025-01561,2024-10-14,Porta Garibaldi,1100,45,2,1,1,first,False,furnished,central,G,1947.0,M5,170.0,3,3+2,"One-bedroom, in historic building, near metro M5."
ML-2025-01807,2024-11-23,Lambrate,1550,86,3,2,1,6,True,furnished,autonomous ,D,2000.0,M2,80.0,3,4+4,"Two-bedroom, with elevator, near metro M2."
ML-2025-01371,2024-11-12,Lorenteggio,1600,125,5,4,2,3,False,furnished,AUTONOMOUS,,1949.0,,240.0,1,student,"Large apartment, in historic building."
ML-2025-00651,2024-10-08,Porta Venezia,1550,61,3,2,2,1st,False,furnished,autonomous,F,1949.0,M1,140.0,3,4+4,"Two-bedroom, in historic building, near metro M1."
ML-2025-01603,2025-01-09,Navigli,2800,97,5,4,2,1,True,FURNISHED,autonomous,E,1994.0,M2,250.0,2,4+4,"Apartment, with elevator, near metro M2."
ML-2025-01426,2024-11-30,Lorenteggio,950,68,3,2,2,2,True,furnished,heat pump,E,1994.0,,110.0,2,4+4,
ML-2025-02129,2024-10-28,Baggio,500,42,3,2,1,4,True,furnished,autonomous,,2001.0,,220.0,1,temporary,
ML-2025-01682,2024-11-01,Lorenteggio,900,65,2,2,2,2,False,furnished,central,,1972.0,,200.0,3,4+4,One-bedroom.
ML-2025-02060,2024-12-14,Bocconi,700,37,3,2,1,4,True,unfurnished,central,,1953.0,M3,80.0,3,3+2,"Studio, with elevator, near metro M3."
ML-2025-01718,27/10/2024,Lambrate,950,64,3,2,2,1st,True,partly furnished,autonomous,C,2011.0,M2,240.0,3,3+2,"Two-bedroom, recently built, with elevator, near metro M2."
ML-2025-02454,2024-10-24,porta garibaldi,1850,85,4,3,2,3,True,unfurnished,central,,1980.0,,120.0,3,4+4,"Apartment, with elevator, near metro M5."
ML-2025-01475,2024-12-26,Porta Garibaldi,1500,83,4,3,1,2,False,Unfurnished,autonomous,G,1940.0,M5,230.0,2,4+4,"Apartment, in historic building, near metro M5."
ML-2025-02385,2025-03-21,Porta Garibaldi,2050,65,4,3,1,8th,True,FURNISHED,auto.,,1986.0,M5,70.0,1,temporary,"Apartment, with elevator, near metro M5."
ML-2025-00152,01/12/2024,Navigli,750,44,2,1,1,G,False,unfurnished,central,,1909.0,M2,260.0,2,4+4,"One-bedroom, in historic building, near metro M2."
ML-2025-00615,2025-03-07,Quarto Oggiaro,1300,119,5,4,2,1,False,FURNISHED,autonomous,,1946.0,M3,80.0,3,3+2,"Large apartment, in historic building, near metro M3."
ML-2025-00336,25 February 2025,Brera,4350,116,5,4,2,1,False,furnished,central,F,1975.0,M3,130.0,1,temporary,"Large apartment, near metro M3."
ML-2025-00157,2025-02-24,Lambrate,350,23,2,1,1,4,True,unfurn.,heat pump,,1990.0,M2,50.0,2,4+4,"Studio, with elevator, near metro M2."
ML-2025-00012,2024-12-22,Lorenteggio,900,72,4,3,2,1st,False,furn.,heat pump,G,1930.0,,250.0,3,4+4,
ML-2025-01778,2025-02-03,NoLo,650,38,2,1,1,1,False,partly furn.,central,,1963.0,M1,220.0,2,3+2,"Studio, near metro M1."
ML-2025-00538,2025-01-16,Navigli,1800,76,3,2,2,4th,True,furnished,heat pump,G,,M2,170.0,1,temporary,"Two-bedroom, in historic building, with elevator, near metro M2."
ML-2025-02053,29/01/2025,magenta,1650,64,3,2,2,4,True,unfurnished,autonomous,C,1999.0,M2,200.0,1,student,"Two-bedroom, with elevator, near metro M2."
ML-2025-01494,2024-10-06,Porta Venezia,2850,151,5,4,2,2,False,unfurnished,autonomous,,1977.0,M1,130.0,2,4+4,"Large apartment, near metro M1."
ML-2025-00387,04/10/2024,Isola,1950,88,4,3,2,4,True,furnished,autonomous,B,2010.0,M5,90.0,3,4+4,"Apartment, with elevator, near metro M5."
ML-2025-02345,17/01/2025,Corvetto,700,51,3,2,1,GF,True,partly furnished,central,F,1980.0,M3,200.0,3,4+4,"Two-bedroom, with elevator, near metro M3."
ML-2025-01892,2024-12-10,NoLo,950,42,3,2,1,3th,True,furnished,CENTR.,E,1974.0,M1,130.0,2,4+4,"Two-bedroom, with elevator, near metro M1."
ML-2025-01516,11/12/2024,centro storico,650,28,2,1,1,3,False,partly furnished,autonomous,G,1966.0,M1,190.0,3,4+4,"Studio, near metro M1."
ML-2025-02445,2024-11-17,NoLo,1100,63,3,2,2,1,False,partly furnished,Autonomous,G,1962.0,M1,260.0,2,4+4,
ML-2025-02096,21/03/2025,Affori,1450,79,3,2,2,GF,True,furnished,autonomous,A,2021.0,M3,130.0,2,4+4,"Two-bedroom, recently built, with elevator, near metro M3."
ML-2025-02327,2025-02-02,Greco,1950,121,5,5,2,7th,True,partly furnished,autonomous ,D,2007.0,M1,80.0,1,temporary,"Large apartment, with elevator, near metro M1."
ML-2025-01112,2024-10-21,Navigli,2950,128,5,4,2,2,True,furnished,central,,,M2,110.0,2,4+4,
ML-2025-00965,03/03/2025,Isola,1450,63,3,2,2,1,True,Furnished,heat pump,E,1994.0,M5,180.0,3,4+4,
ML-2025-01828,2025-02-06,Lorenteggio,1650,112,5,5,2,3,True,unfurnished,central,A3,2020.0,,180.0,2,3+2,
ML-2025-01237,2024-10-14,Quarto Oggiaro,600,57,3,2,1,first,True,partly furnished,autonomous,F,1985.0,M3,220.0,1,student,"Two-bedroom, with elevator, near metro M3."
ML-2025-00873,11/29/2024,Bicocca,950,60,3,3,1,first,False,unfurnished,autonomous,,1965.0,M5,290.0,3,3+2,"Two-bedroom, near metro M5."
ML-2025-01400,12/28/2024,Lambrate,450,33,1,1,1,4th,True,partly furnished,heatpump,G,1963.0,,230.0,3,4+4,"Studio, with elevator, near metro M2."
ML-2025-02093,2025-03-10,navigli,900,44,2,1,1,4th,True,unfurnished,autonomous ,,1932.0,M2,200.0,3,4+4,"One-bedroom, in historic building, with elevator, near metro M2."
ML-2025-00373,15/02/2025,Porta Venezia,1850,95,3,2,2,4,True,unfurnished,auto.,,1982.0,M1,80.0,3,4+4,"Two-bedroom, with elevator, near metro M1."
ML-2025-00869,11/01/2024,Quarto Oggiaro,400,33,1,1,1,6th,True,partly furnished,autonomous,D,2013.0,M3,110.0,2,4+4,"Studio, recently built, with elevator, near metro M3."
ML-2025-01156,03/14/2025,Affori,550,49,2,2,1,4th,True,unfurnished,autonomous,G,1932.0,M3,120.0,2,4+4,"One-bedroom, in historic building, with elevator, near metro M3."
ML-2025-00718,2024-10-12,Lorenteggio,900,60,3,2,1,6th,True,furnished,Central,E,1989.0,,240.0,3,3+2,"Two-bedroom, with elevator."
ML-2025-01911,15 December 2024,Isola,1150,42,2,1,1,7,True,furnished,central,E,1990.0,M5,,2,3+2,"One-bedroom, with elevator, near metro M5."
ML-2025-00197,2024-12-04,De Angeli,€ 2000,111 sqm,5,4,2,3,False,unfurnished,autonomous,G,,M1,,1,student,"Large apartment, in historic building, near metro M1."
ML-2025-02324,2025-03-30,Isola,1900,72,3,2,2,3th,True,furnished,autonomous,D,1992.0,,80.0,2,3+2,"Two-bedroom, with elevator, near metro M5."
ML-2025-01889,2024-11-19,De Angeli,1050,54,1,1,1,1,False,unfurnished,autonomous,D,1979.0,M1,300.0,3,4+4,"Apartment, near metro M1."
ML-2025-00806,2025-01-29,De Angeli,1450,79,2,1,2,4,True,partly furnished,central,G,1942.0,M1,260.0,2,3+2,"One-bedroom, in historic building, with elevator, near metro M1."
ML-2025-00645,15/12/2024,Porta Romana,1300,52,2,1,1,3,False,furnished,central,G,1954.0,M3,210.0,2,4+4,"One-bedroom, near metro M3."
ML-2025-00090,02/02/2025,CITTÀ STUDI,1000,47,1,1,1,5th,True,furnished,central,B,2015.0,M2,60.0,2,4+4,"Apartment, recently built, with elevator, near metro M2."
ML-2025-01960,16/03/2025,Affori,800,72,2,1,2,3,True,unfurnished,heat pump,B,2010.0,M3,120.0,3,4+4,
ML-2025-00936,10/05/2024,Isola,3250,132,4,4,2,2,True,furnished,autonomous,,1983.0,M5,150.0,2,4+4,"Large apartment, with elevator, near metro M5."
ML-2025-02355,2024-10-09,De Angeli,950,42,1,1,1,6,True,Furnished,auto.,F,1981.0,,60.0,1,student,"Apartment, with elevator, near metro M1."
ML-2025-01943,2025-03-10,Affori,1850,127,5,4,2,6,True,unfurnished,heat pump,D,1986.0,M3,70.0,3,4+4,"Large apartment, with elevator, near metro M3."
ML-2025-00917,2025-03-26,Isola,€ 1650,74 sqm,3,2,1,3th,False,unfurnished,central,,1945.0,M5,,1,temporary,"Two-bedroom, in historic building, near metro M5."
ML-2025-01566,2024-12-05,NoLo,2100,152,4,3,2,1st,False,partly furnished,AUTONOMOUS,G,1942.0,M2,220.0,2,4+4,"Large apartment, in historic building, near metro M2."
ML-2025-00045,2024-11-15,Navigli,€ 1900,66 sqm,4,3,1,1,False,furnished,autonomous,E,1923.0,M2,,2,4+4,"Apartment, in historic building, near metro M2."
ML-2025-01189,09/10/2024,Isola,1700,93,4,3,1,1,True,unfurnished,autonomous,,1997.0,M5,190.0,3,3+2,"Apartment, with elevator, near metro M5."
ML-2025-02513,2025-01-19,Affori,787,65,2,1,1,3,False,partly furnished,autonomous,G,1905.0,M3,240.0,1,temporary,"One-bedroom, in historic building, near metro M3."
ML-2025-00607,2025-03-01,Navigli,2200,94,4,3,1,3,True,partly furnished,central,G,1956.0,M2,90.0,1,student,"Apartment, with elevator, near metro M2."
ML-2025-00420,01/31/2025,Affori,650,45,2,1,1,2,True,FURNISHED,autonomous,E,1989.0,,220.0,3,4+4,"One-bedroom, with elevator, near metro M3."
ML-2025-01111,2025-03-30,Greco,1350,72,4,3,1,7,True,furnished,central,,2000.0,M1,230.0,2,4+4,"Apartment, with elevator, near metro M1."
ML-2025-00488,25/03/2025,Isola,1200,50,3,2,1,GF,True,partly furnished,central,C,2011.0,M5,200.0,2,3+2,"Two-bedroom, recently built, with elevator, near metro M5."
ML-2025-01293,9 March 2025,Bocconi,1900,77,4,3,1,3th,True,unfurnished,autonomous,D,1983.0,M3,130.0,2,4+4,"Apartment, with elevator, near metro M3."
ML-2025-02094,01/02/2025,Bocconi,2150,72,3,2,2,3,True,partly furnished, autonomous,,1998.0,M3,110.0,3,3+2,
ML-2025-02022,2024-10-29,Bocconi,950,42,1,1,1,1,False,furnished,central,G,,M3,70.0,3,4+4,"Apartment, in historic building, near metro M3."
ML-2025-01137,11/01/2025,Quarto Oggiaro,700,63,2,1,2,8th,True,furnished,autonomous,D,2011.0,,150.0,1,temporary,"One-bedroom, recently built, with elevator, near metro M3."
ML-2025-02358,30/11/2024,Quadrilatero,2150,58,3,2,1,4th,True,partly furnished,autonomous,F,1972.0,M3,100.0,3,4+4,"Two-bedroom, with elevator, near metro M3."
ML-2025-01263,2025-01-21,Isola,1950,74,3,2,1,4th,True,Partly furnished,autonomous,E,1964.0,M5,100.0,2,4+4,
ML-2025-01965,01/16/2025,Sempione,2600,97,4,3,2,1st,True,furnished,Central,D,2001.0,M5,,3,3+2,"Apartment, with elevator, near metro M5."
ML-2025-00077,2024-11-10,Affori,900,66,2,1,2,2,False,partly furnished,central,,1921.0,M3,120.0,3,4+4,"One-bedroom, in historic building, near metro M3."
ML-2025-00244,25/02/2025,tortona,1650,80,5,4,1,8th,True,partly furnished,central,B,2016.0,M2,60.0,2,4+4,"Apartment, recently built, with elevator, near metro M2."
ML-2025-01245,11/12/2024,Affori,600,48,2,1,1,2th,False,furnished,autonomous,G,1926.0,M3,110.0,3,4+4,"One-bedroom, in historic building, near metro M3."
ML-2025-02467,14/11/2024,Tortona,1200,69,2,1,2,6th,True,unfurnished,central,E,2003.0,M2,240.0,1,student,"One-bedroom, with elevator, near metro M2."
ML-2025-01679,2025-01-31,Magenta,1500,54,2,1,1,3,True,furnished,central,A,2022.0,M2,160.0,2,4+4,"One-bedroom, recently built, with elevator, near metro M2."
ML-2025-01079,2024-12-15,Navigli,2350,85,3,2,1,4th,True,furnished,autonomous,F,1906.0,M2,130.0,3,4+4,"Two-bedroom, in historic building, with elevator, near metro M2."
ML-2025-02476,2024-12-23,Quarto Oggiaro,550,59,2,1,1,5,True,empty,autonomous,G,1926.0,M3,260.0,2,3+2,"One-bedroom, in historic building, with elevator, near metro M3."
ML-2025-00293,03/06/2025,Greco,600,40,1,1,1,1st,True,partly furnished,autonomous,,2000.0,M1,220.0,3,4+4,"Apartment, with elevator, near metro M1."
ML-2025-00634,2024-11-04,Bocconi,550,27,1,1,1,ground,False,unfurnished,heat pump,,1935.0,M3,90.0,2,3+2,"Studio, in historic building, near metro M3."
ML-2025-01223,02/06/2025,NoLo,700,48,1,1,1,2th,False,unfurnished,autonomous,,1926.0,M2,100.0,2,4+4,"Apartment, in historic building, near metro M2."
ML-2025-02131,2024-12-21,Magenta,1900,63,4,3,1,4,True,furn.,heat pump,F,1925.0,M2,220.0,2,4+4,"Apartment, in historic building, with elevator, near metro M2."
ML-2025-02085,27/11/2024,Bocconi,1700,88,4,3,2,3,False,unfurnished,autonomous,F,1939.0,M3,290.0,1,temporary,"Apartment, in historic building, near metro M3."
ML-2025-01116,11/10/2024,Sempione,2000,83,5,4,1,3,False,partly furnished,central,E,1957.0,M1,200.0,3,4+4,
ML-2025-00277,2024-11-28,Greco,900,56,3,2,1,7,True,furnished,central,D,1996.0,,110.0,1,temporary,
ML-2025-00686,2025-03-24,Bocconi,1150,38,1,1,1,1,True,furnished,autonomous,D,1990.0,M3,50.0,3,3+2,"Studio, with elevator, near metro M3."
ML-2025-00476,05/10/2024,Lorenteggio,1300,92,4,3,1,2,True,FURNISHED,autonomous,C,2012.0,,200.0,3,3+2,"Apartment, recently built, with elevator."
ML-2025-00762,2025-01-30,Isola,2700,120,5,4,2,4,True,unfurnished,autonomous,,1988.0,M5,120.0,2,4+4,"Large apartment, with elevator, near metro M5."
ML-2025-00867,2024-10-15,Porta Romana,€ 2750,97 sqm,3,2,2,5,True,furnished,autonomous,E,1996.0,M3,,3,3+2,"Two-bedroom, with elevator, near metro M3."
ML-2025-02440,26/10/2024,Porta Romana,2650,102,4,3,1,6,True,unfurnished,autonomous,A2,2015.0,M3,60.0,3,3+2,"Large apartment, recently built, with elevator, near metro M3."
ML-2025-01806,2025-02-15,Affori,1250,112,6,5,2,3th,False,unfurnished,autonomous,G,,M3,220.0,1,student,"Large apartment, in historic building, near metro M3."
ML-2025-00303,2025-01-03,Bocconi,2100,87,5,4,2,5th,True,unfurnished,autonomous,,2002.0,M3,50.0,1,temporary,"Apartment, with elevator, near metro M3."
ML-2025-01356,2024-12-13,Quarto Oggiaro,450,45,2,1,1,1st,False,furnished,heat pump,G,1936.0,M3,,3,4+4,"One-bedroom, in historic building, near metro M3."
ML-2025-01242,31/10/2024,Affori,1500,111,5,4,2,2,True,unfurnished,central,D,1982.0,M3,160.0,2,4+4,"Large apartment, with elevator, near metro M3."
ML-2025-01468,2024-10-16,NoLo,1550,103,4,3,1,3th,False,unfurnished,autonomous,G,1929.0,M2,,3,4+4,"Large apartment, in historic building, near metro M2."
ML-2025-00186,2024-11-06,Lambrate,700,47,3,2,1,first,False,furnished,central,F,1943.0,M2,250.0,2,4+4,"Two-bedroom, in historic building, near metro M2."
ML-2025-00705,2025-01-23,Quadrilatero,4000,93,5,4,2,5th,True,furnished,central,G,1928.0,M3,80.0,2,3+2,"Apartment, in historic building, with elevator, near metro M3."
ML-2025-01138,06/11/2024,Città Studi,1650,84,5,4,2,1st,False,furnished,autonomous,,1944.0,M2,180.0,1,temporary,"Apartment, in historic building, near metro M2."
ML-2025-02314,2024-11-14,Lambrate,900,64,4,3,1,7,True,unfurnished,central,C,1998.0,M2,110.0,2,4+4,"Apartment, with elevator, near metro M2."
ML-2025-01298,22/01/2025,porta venezia,2500,118,5,4,2,GF,False,unfurnished,autonomous,G,,M1,300.0,3,4+4,"Large apartment, in historic building, near metro M1."
ML-2025-00995,2024-10-08,Porta Garibaldi,2950,96,5,4,2,first,True,furnished,autonomous,E,1983.0,M5,60.0,3,3+2,"Apartment, with elevator, near metro M5."
ML-2025-00671,2024-12-20,Magenta,€ 1850,72 sqm,3,2,1,2,True,furnished,central,D,1989.0,M2,,1,temporary,
ML-2025-01547,2025-02-13,Greco,1400,81,5,4,1,7,True,furn.,autonomous,,2003.0,M1,110.0,2,4+4,
ML-2025-00625,2025-02-11,Bicocca,650,39,2,1,1,GF,True,unfurnished,central,B,2023.0,M5,170.0,2,4+4,
ML-2025-01658,2025-01-20,Isola,2000,95,4,3,2,3,False,partly furnished,CENTR.,G,1950.0,M5,180.0,1,temporary,"Apartment, near metro M5."
ML-2025-00257,02/12/2024,Corvetto,2000,154,4,3,2,3,True,unfurnished,autonomous,D,2008.0,M3,150.0,1,temporary,"Large apartment, with elevator, near metro M3."
ML-2025-00053,2025-01-02,Corvetto,1350,92,4,3,1,4,True,furn.,autonomous,F,1943.0,M3,90.0,3,4+4,"Apartment, in historic building, with elevator, near metro M3."
ML-2025-00905,2025-01-31,NoLo,750,47,3,2,1,3,False,furnished,autonomous,F,1956.0,M1,220.0,3,4+4,"Two-bedroom, near metro M1."
ML-2025-00283,2025-03-27,Tortona,€ 3000,127,5,4,2,3,False,furnished,Autonomous,,1931.0,M2,,3,3+2,"Large apartment, in historic building, near metro M2."
ML-2025-00203,2025-03-16,Magenta,2900,125,6,5,2,1st,False,partly furnished,autonomous,G,1956.0,M1,240.0,2,3+2,"Large apartment, near metro M1."
ML-2025-00239,2025-03-20,Bicocca,1900,137,5,4,2,3th,True,partly furnished,autonomous,G,,M5,100.0,3,4+4,"Large apartment, in historic building, with elevator, near metro M5."
ML-2025-00912,2025-01-08,Isola,1300,52,3,2,1,2th,True,furnished,heat pump,F,1906.0,M5,180.0,3,4+4,"Two-bedroom, in historic building, with elevator, near metro M5."
ML-2025-00865,24/03/2025,NoLo,1800,109,3,2,1,2,False,furnished,autonomous,G,1943.0,M1,180.0,1,student,
ML-2025-02179,2025-02-24,Lambrate,1350,85,4,3,2,2th,False,furnished,autonomous,F,1979.0,,140.0,2,4+4,
ML-2025-02315,02/17/2025,Lorenteggio,600,52,3,2,1,2,False,partly furnished,autonomous,F,,,80.0,1,temporary,"Two-bedroom, in historic building."
ML-2025-02033,2025-02-10,città studi,€ 550,29 sqm,2,1,1,5,True,partly furn.,autonomous,E,1929.0,M2,,2,3+2,"Studio, in historic building, with elevator, near metro M2."
ML-2025-01789,16/01/2025,Quadrilatero,1750,52,2,2,1,first,False,furnished,central,G,,M1,,3,4+4,"One-bedroom, in historic building, near metro M1."
ML-2025-00069,25 March 2025,Porta Venezia,1950,92,4,3,1,3th,False,furnished,central,G,1903.0,M1,80.0,2,3+2,"Apartment, in historic building, near metro M1."
ML-2025-01897,2025-03-24,Bicocca,800,49,2,1,1,7,True,partly furnished,heat pump,C,2006.0,M5,80.0,1,temporary,"One-bedroom, with elevator, near metro M5."
ML-2025-01425,2025-01-20,Lorenteggio,550,48,2,1,1,7th,True,Unfurnished,autonomous,E,1992.0,,150.0,2,4+4,
ML-2025-01458,1 March 2025,Lambrate,950,53,2,1,1,4,True,furnished,autonomous,,1952.0,M2,180.0,2,4+4,"One-bedroom, with elevator, near metro M2."
ML-2025-00109,2024-11-07,Navigli,2450,98,4,4,1,1,True,unfurnished,central,A2,2018.0,M2,200.0,2,4+4,"Apartment, recently built, with elevator, near metro M2."
ML-2025-01080,2024-12-10,Corvetto,1050,71,4,4,2,8th,True,furnished,autonomous,E,1987.0,M3,80.0,3,3+2,"Apartment, with elevator, near metro M3."
ML-2025-00656,2024-10-20,Porta Romana,1350,68,3,2,1,G,False,unfurn.,centr.,G,1968.0,M3,140.0,1,student,"Two-bedroom, near metro M3."
ML-2025-00708,2025-01-11,Greco,€ 1350,85 sqm,3,2,1,6th,True,furn.,autonomous ,,1997.0,,,1,temporary,"Two-bedroom, with elevator, near metro M1."
ML-2025-01772,2025-02-18,Affori,900,70,3,2,1,1st,False,unfurnished,central,E,1977.0,,120.0,2,4+4,"Two-bedroom, near metro M3."
ML-2025-00442,2025-01-19,Lorenteggio,650,59,3,2,1,4,True,unfurnished,autonomous,,1961.0,,270.0,3,4+4,"Two-bedroom, with elevator."
ML-2025-00872,2025-02-04,Isola,1150,59,3,2,1,ground,False,unfurnished,AUTONOMOUS,,1973.0,M5,190.0,1,temporary,"Two-bedroom, near metro M5."
ML-2025-01998,07/10/2024,Porta Venezia,1500,71,3,2,2,2,True,partly furnished,autonomous,F,1971.0,M1,200.0,1,temporary,"Two-bedroom, with elevator, near metro M1."
ML-2025-02463,24/12/2024,Bicocca,800,46,3,2,1,2,False,furnished,autonomous,G,,M5,150.0,1,temporary,"Two-bedroom, in historic building, near metro M5."
ML-2025-00035,2025-02-04,Lorenteggio,600,65,2,1,2,1st,False,unfurnished,auto.,G,1967.0,,180.0,3,3+2,One-bedroom.
ML-2025-00707,2024-12-05,Porta Garibaldi,1950,83,4,3,2,5,True,unfurnished,heat pump,D,2005.0,M5,80.0,3,4+4,"Apartment, with elevator, near metro M5."
ML-2025-00111,27/11/2024,Isola,1650,69,4,3,1,5th,True,furnished,central,E,1993.0,M5,210.0,3,3+2,"Apartment, with elevator, near metro M5."
ML-2025-01177,2024-12-02,Affori,1000,80,3,2,1,4,True,unfurnished,autonomous,G,1920.0,M3,320.0,3,3+2,"Two-bedroom, in historic building, with elevator, near metro M3."
ML-2025-02389,11/24/2024,Lambrate,500,29,1,1,1,8,True,unfurnished,heat pump,,2002.0,M2,120.0,2,4+4,"Studio, with elevator, near metro M2."
ML-2025-01099,2025-02-28,Affori,1300,75,4,4,2,5,True,furnished,autonomous,D,1993.0,M3,200.0,2,4+4,"Apartment, with elevator, near metro M3."
ML-2025-01774,02/08/2025,Lorenteggio,700,63,2,1,1,1,False,furnished,heat pump,G,1959.0,,270.0,3,3+2,One-bedroom.
ML-2025-01164,2024-11-29,de angeli,1950,89,3,2,1,ground,False,furnished,autonomous,F,1946.0,M1,280.0,2,4+4,"Two-bedroom, in historic building, near metro M1."
ML-2025-02039,2024-10-20,Navigli,1100,47,3,2,1,G,False,partly furnished,autonomous,F,1963.0,M2,110.0,3,4+4,"Two-bedroom, near metro M2."
ML-2025-01556,2025-01-13,Navigli,1450,79,4,3,1,2,False,partly furnished,central,G,1910.0,M2,120.0,3,4+4,"Apartment, in historic building, near metro M2."
ML-2025-00305,2025-01-28,De Angeli,450,32,1,1,1,3,False,unfurnished,autonomous,G,1933.0,M1,70.0,1,temporary,"Studio, in historic building, near metro M1."
ML-2025-00857,21/03/2025,Brera,2800,78,4,3,1,0,False,furn.,autonomous,,,M2,110.0,3,4+4,
ML-2025-02486,11/12/2024,Lorenteggio,900,69,3,2,1,1,False,furnished,central,G,1946.0,,130.0,1,temporary,"Two-bedroom, in historic building."
ML-2025-00764,2025-03-05,De Angeli,1150,66,3,2,1,1,False,partly furnished,autonomous,G,1944.0,M1,140.0,3,4+4,
ML-2025-00263,2024-11-17,Porta Romana,1050,51,2,1,1,4,True,furnished,central,,1930.0,M3,270.0,2,4+4,
ML-2025-00856,23/11/2024,Magenta,1550,77,3,3,1,1,False,partly furnished,autonomous,,1914.0,M1,270.0,3,4+4,"Two-bedroom, in historic building, near metro M1."
ML-2025-00443,2024-12-28,Tortona,2750,130,5,4,2,2,True,partly furnished,heat pump,,1998.0,M2,240.0,2,3+2,"Large apartment, with elevator, near metro M2."
ML-2025-01100,2025-02-26,PORTA GARIBALDI,1850,58,4,4,1,8th,True,furnished,autonomous,C,1992.0,M5,190.0,1,temporary,"Apartment, with elevator, near metro M5."
ML-2025-01900,2025-03-25,Affori,650,48,2,1,1,3,False,unfurnished, autonomous,E,1975.0,M3,90.0,2,3+2,"One-bedroom, near metro M3."
ML-2025-01336,2025-03-26,Bicocca,900,45,1,1,1,2th,True,furnished,CENTR.,E,1994.0,M5,80.0,3,4+4,"Apartment, with elevator, near metro M5."
ML-2025-01867,2024-10-14,Brera,3550,106,3,2,1,2,True,furnished,autonomous,G,,M2,300.0,2,3+2,"Large apartment, in historic building, with elevator, near metro M2."
ML-2025-00026,10/02/2025,Zone Affori,1150,81,4,3,1,ground floor,True,unfurnished,central,D,2003.0,M3,230.0,3,3+2,"Apartment, with elevator, near metro M3."
ML-2025-00759,21/10/2024,Baggio,1850,145,5,4,2,6,True,furnished,central,E,1994.0,,110.0,3,3+2,"Large apartment, with elevator."
ML-2025-00458,2024-10-05,Città Studi,800,39,3,2,1,3th,False,furnished,Autonomous,,1978.0,M2,,2,3+2,
ML-2025-02170,2025-01-12,Porta Garibaldi,1400,66,2,1,2,8,True,Unfurnished,autonomous,D,2010.0,M2,220.0,2,4+4,
ML-2025-01472,13/03/2025,De Angeli,1200,64,4,4,2,3,False,furnished,autonomous,,1979.0,M1,210.0,3,4+4,"Apartment, near metro M1."
ML-2025-00720,21/01/2025,De Angeli,€ 1150,59 sqm,3,2,1,1,False,unfurnished,central,F,1920.0,M1,,1,temporary,"Two-bedroom, in historic building, near metro M1."
ML-2025-01862,2025-01-10,Bicocca,1550,71,4,3,1,7,True,furnished,autonomous,D,2007.0,M5,140.0,2,3+2,"Apartment, with elevator, near metro M5."
ML-2025-00123,11/21/2024,Isola,1400,53,1,1,1,7th,True,partly furnished,CENTR.,D,2008.0,M5,230.0,3,4+4,
ML-2025-01653,2025-02-24,Isola,2100,87,5,4,1,7th,True,partly furn.,autonomous,D,2004.0,M5,180.0,2,4+4,"Apartment, with elevator, near metro M5."
ML-2025-00561,01/19/2025,Lambrate,1100,77,3,2,2,8,True,unfurnished,central,D,1980.0,M2,70.0,3,4+4,
ML-2025-01276,2024-12-22,Porta Venezia,850,40,2,1,1,2th,False,furnished,central,F,1930.0,M1,80.0,1,temporary,"One-bedroom, in historic building, near metro M1."
ML-2025-00367,09/12/2024,Lorenteggio,1350,88,5,4,1,3,True,furnished,central,E,1986.0,,220.0,2,4+4,"Apartment, with elevator."
ML-2025-01575,2024-12-04,Navigli,2350,87,3,2,2,1,True,furnished,central,A3,2019.0,M2,130.0,3,4+4,"Two-bedroom, recently built, with elevator, near metro M2."
ML-2025-01373,2024-12-27,Quarto Oggiaro,1050,116,5,4,2,2,False,furnished,autonomous,,1949.0,M3,200.0,1,temporary,"Large apartment, in historic building, near metro M3."
ML-2025-02220,10/14/2024,Porta Venezia,1400,54,2,1,1,2,True,partly furnished,autonomous,C,2013.0,M1,80.0,3,3+2,
ML-2025-02225,26/12/2024,Centro Storico,4450,170,5,4,2,3,True,partly furnished,autonomous,G,1962.0,M1,190.0,2,4+4,"Large apartment, with elevator, near metro M1."
ML-2025-01537,2025-01-21,Magenta,1100,61,3,2,1,5,True,unfurnished,central,,1939.0,M2,70.0,2,3+2,"Two-bedroom, in historic building, with elevator, near metro M2."
ML-2025-02193,2025-01-02,Lambrate,1600,99,4,3,2,2,True,unfurnished,autonomous,,1991.0,M2,190.0,3,4+4,"Apartment, with elevator, near metro M2."
ML-2025-01086,2024-12-18,Città Studi,1100,58,3,2,1,5,True,UNFURNISHED,heat pump,D,1998.0,M2,120.0,1,temporary,"Two-bedroom, with elevator, near metro M2."
ML-2025-01782,2024-11-17,Baggio,1100,71,3,2,1,2,True,FURNISHED,autonomous,A1,2016.0,,180.0,3,4+4,
ML-2025-01775,2024-11-01,Affori,700,55,2,1,1,5th,True,furnished,Central,F,1982.0,M3,140.0,2,4+4,"One-bedroom, with elevator, near metro M3."
ML-2025-02260,22/01/2025,NoLo,1950,93,4,3,1,ground,True,partly furnished,AUTONOMOUS,D,1997.0,M1,60.0,1,student,"Apartment, with elevator, near metro M1."
ML-2025-02349,2024-11-14,Sempione,1350,67,3,2,2,1st,False,unfurnished,autonomous,E,1953.0,M5,140.0,3,3+2,"Two-bedroom, near metro M5."
ML-2025-01185,2025-01-18,Porta Venezia,1300,50,1,1,1,3,True,furnished,autonomous,,1994.0,M1,70.0,2,3+2,"Apartment, with elevator, near metro M1."
ML-2025-00681,24/03/2025,Greco,750,47,3,2,1,5,True,Partly furnished,autonomous,E,1971.0,M1,190.0,1,temporary,
ML-2025-01005,2025-02-01,Greco,1050,76,3,2,1,first,True,partly furnished,autonomous,D,1993.0,,100.0,3,4+4,"Two-bedroom, with elevator, near metro M1."
ML-2025-00306,01/11/2025,Lorenteggio,1050,75,3,3,2,GF,True,partly furnished,heat pump,E,2003.0,,250.0,2,3+2,"Two-bedroom, with elevator."
ML-2025-02506,2 January 2025,Sempione,1850,103,4,3,1,5th,True,unfurnished,AUTONOMOUS,C,1992.0,M5,,3,4+4,"Large apartment, with elevator, near metro M5."
ML-2025-00534,12/10/2024,Bocconi,2550,92,3,2,1,3,False,furnished,autonomous,F,1973.0,M3,130.0,1,student,"Two-bedroom, near metro M3."
ML-2025-00845,09/02/2025,Porta Romana,1600,64,2,1,2,GF,False,furnished,autonomous,G,1927.0,M3,110.0,2,4+4,"One-bedroom, in historic building, near metro M3."
ML-2025-00677,6 November 2024,Porta Venezia,1100,44,1,1,1,2,False,furnished,central,G,1931.0,M1,290.0,1,temporary,"Apartment, in historic building, near metro M1."
ML-2025-02061,01/24/2025,Quadrilatero,1500,31,1,1,1,7,True,furnished,autonomous,,1990.0,M1,210.0,3,3+2,
ML-2025-01608,11/22/2024,Greco,1350,95,4,3,2,2,True,unfurn.,autonomous,A2,2018.0,,120.0,1,student,
ML-2025-00943,2024-11-10,Bicocca,600,36,1,1,1,8,True,partly furnished,autonomous,D,1988.0,,190.0,2,4+4,"Studio, with elevator, near metro M5."
ML-2025-00743,02/19/2025,De Angeli,€ 1150,73 sqm,3,2,1,1,False,partly furnished,autonomous,G,1951.0,M1,,2,3+2,
ML-2025-01852,02/12/2024,Greco,1100,69,4,3,2,1,False,furnished,autonomous,D,1974.0,M1,130.0,3,4+4,
ML-2025-01792,2025-01-15,De Angeli,1100,55,3,2,1,3th,True,unfurnished,autonomous,,1924.0,M1,310.0,2,4+4,"Two-bedroom, in historic building, with elevator, near metro M1."
ML-2025-01650,12/03/2025,Lambrate,1450,69,3,2,1,5th,True,furnished,autonomous,B,2019.0,M2,70.0,3,4+4,"Two-bedroom, recently built, with elevator, near metro M2."
ML-2025-01788,2025-01-02,Bicocca,800,36,1,1,1,3th,True,furnished,central,B,2015.0,M5,90.0,1,temporary,"Studio, recently built, with elevator, near metro M5."
ML-2025-02255,2025-02-15,Baggio,2250,140,5,4,2,3,True,furnished,autonomous,,2004.0,,120.0,2,3+2,"Large apartment, with elevator."
ML-2025-02194,2024-12-15,Bocconi,1400,61,4,3,1,3th,True,unfurnished,central,,1990.0,M3,200.0,3,3+2,"Apartment, with elevator, near metro M3."
ML-2025-00183,7 March 2025,Corvetto,900,60,3,2,1,3,True,furnished,autonomous,C,2010.0,M3,90.0,3,4+4,"Two-bedroom, with elevator, near metro M3."
ML-2025-01697,2025-01-31,Centro Storico,3000,71,3,2,2,6th,True,furnished,Central,A1,2017.0,M1,220.0,3,3+2,"Two-bedroom, recently built, with elevator, near metro M1."
ML-2025-00839,08/03/2025,Sempione,1950,71,2,1,1,7,True,furnished,central,B,2023.0,M5,210.0,3,3+2,"One-bedroom, recently built, with elevator, near metro M5."
ML-2025-00101,02/01/2025,Centro Storico,2000,77,3,2,2,2,False,furnished,central,F,1938.0,M3,130.0,3,4+4,"Two-bedroom, in historic building, near metro M3."
ML-2025-02295,2025-03-20,Centro Storico,1400,47,3,2,1,7th,True,FURNISHED,autonomous,D,1995.0,M3,230.0,1,temporary,"Two-bedroom, with elevator, near metro M3."
ML-2025-00339,03/02/2025,Città Studi,2200,101,4,3,2,1st,False,furnished,heat pump,,1913.0,M2,200.0,3,4+4,"Large apartment, in historic building, near metro M2."
ML-2025-02360,2024-10-24,Porta Romana,€ 1550,63 sqm,3,2,1,2,True,furnished,autonomous,,1961.0,M3,,2,4+4,"Two-bedroom, with elevator, near metro M3."
ML-2025-01305,2025-01-06,Lambrate,700,46,2,1,1,5,True,unfurnished,central,,1947.0,M2,240.0,1,temporary,"One-bedroom, in historic building, with elevator, near metro M2."
ML-2025-02302,2025-01-26,Sempione,1200,59,2,1,1,8,True,partly furnished,Autonomous,D,1992.0,M1,220.0,2,4+4,"One-bedroom, with elevator, near metro M1."
ML-2025-00994,2025-03-14,Sempione,2800,134,5,4,2,5th,True,unfurnished, autonomous,B,2008.0,M5,,3,3+2,"Large apartment, with elevator, near metro M5."
ML-2025-02107,19/03/2025,Quarto Oggiaro,350,41,2,1,1,4,True,partly furnished,central,G,,M3,140.0,2,4+4,"One-bedroom, in historic building, with elevator, near metro M3."
ML-2025-02365,2024-12-16,Sempione,900,52,1,1,1,5,True,partly furnished,autonomous,G,,M1,140.0,1,temporary,"Apartment, in historic building, with elevator, near metro M1."
ML-2025-01821,2025-01-18,Navigli,800,43,2,1,1,4,True,partly furnished,central,G,1949.0,M2,190.0,1,temporary,"One-bedroom, in historic building, with elevator, near metro M2."
ML-2025-02336,2025-02-26,Tortona,1350,70,2,1,2,1,False,unfurnished,AUTONOMOUS,E,1957.0,M2,310.0,2,4+4,"One-bedroom, near metro M2."
ML-2025-00863,03/12/2024,Bocconi,2050,65,2,1,1,6th,True,furnished,autonomous,A,2006.0,M3,130.0,3,4+4,
ML-2025-02322,2025-03-16,Lambrate,1800,98,3,2,1,GF,True,furnished,Heat pump,E,1993.0,M2,160.0,2,4+4,"Two-bedroom, with elevator, near metro M2."
ML-2025-01576,2024-12-30,PORTA VENEZIA,950,48,2,1,1,first,False,partly furnished,Autonomous,,,M1,180.0,1,temporary,"One-bedroom, in historic building, near metro M1."
ML-2025-02500,2025-01-25,NoLo,2450,139,4,3,2,3,False,partly furnished,central,F,1956.0,M2,200.0,2,4+4,"Large apartment, near metro M2."
ML-2025-01030,24/11/2024,Greco,1050,84,4,3,1,5,True,partly furnished,autonomous,,1981.0,M1,60.0,3,4+4,"Apartment, with elevator, near metro M1."
ML-2025-00011,21 October 2024,Centro Storico,2000,86,3,2,2,3,True,unfurnished,autonomous,F,1960.0,M1,280.0,2,4+4,"Two-bedroom, with elevator, near metro M1."
ML-2025-01997,2024-10-22,Lorenteggio,1500,104,3,2,2,1,False,furn.,autonomous,,1954.0,,150.0,2,4+4,Large apartment.
ML-2025-02151,2025-02-11,Porta Garibaldi,2600,124,5,4,2,0,False,unfurnished,autonomous,F,1974.0,M2,180.0,2,4+4,"Large apartment, near metro M2."
ML-2025-00455,08/03/2025,Porta Venezia,1650,83,4,3,1,2th,False,partly furnished,autonomous,F,1920.0,M1,290.0,2,4+4,"Apartment, in historic building, near metro M1."
ML-2025-02197,01/12/2024,Città Studi,1400,51,2,1,1,4,True,furnished,heat pump,B,2010.0,M2,60.0,3,4+4,"One-bedroom, with elevator, near metro M2."
ML-2025-00777,2024-12-25,Navigli,2350,124,4,3,2,2,False,unfurnished,heat pump,E,1975.0,M2,310.0,3,3+2,"Large apartment, near metro M2."
ML-2025-01507,11/12/2024,Sempione,1250,55,4,3,1,2th,False,furn.,heat pump,G,1937.0,M1,300.0,2,3+2,"Apartment, in historic building, near metro M1."
ML-2025-00160,2024-10-16,De Angeli,1650,91,3,2,1,ground floor,False,unfurnished,central,F,,M1,320.0,2,3+2,"Two-bedroom, in historic building, near metro M1."
ML-2025-02121,2025-03-17,Greco,2350,130,6,5,2,5,True,furnished,autonomous,A,2015.0,M1,90.0,2,4+4,"Large apartment, recently built, with elevator, near metro M1."
ML-2025-01429,20/10/2024,Bicocca,600,35,3,2,1,5th,True,PARTLY,heat pump,,1990.0,M5,60.0,3,4+4,"Studio, with elevator, near metro M5."
ML-2025-01581,2025-03-31,Navigli,2350,94,4,3,1,3th,False,furnished,heat pump,G,1937.0,M2,90.0,1,temporary,"Apartment, in historic building, near metro M2."
ML-2025-01123,2025-01-06,Quarto Oggiaro,500,61,2,1,2,3,False,unfurnished,central,F,1976.0,M3,160.0,1,temporary,"One-bedroom, near metro M3."
ML-2025-00278,2024-11-18,Bicocca,1700,87,4,3,2,1,True,partly furnished,autonomous,D,1994.0,M5,140.0,3,4+4,"Apartment, with elevator, near metro M5."
ML-2025-00146,2024-11-20,Zone Brera,2800,86,4,3,2,2,True,unfurnished,autonomous,F,1938.0,,320.0,3,4+4,"Apartment, in historic building, with elevator, near metro M3."
ML-2025-00120,18/02/2025,Bocconi,2200,84,5,4,2,8,True,furnished,autonomous,C,2010.0,,100.0,3,3+2,"Apartment, with elevator, near metro M3."
ML-2025-01981,2024-11-07,Magenta,1150,52,3,3,1,2th,False,partly furnished,central,G,1966.0,M1,320.0,2,4+4,"Two-bedroom, near metro M1."
ML-2025-00516,02/04/2025,Centro Storico,3450,119,4,3,2,1,False,furnished,autonomous,,1954.0,M3,200.0,2,4+4,"Large apartment, near metro M3."
ML-2025-02246,2024-12-22,Città Studi,400,21,2,1,1,4th,True,partly,autonomous,D,2006.0,M2,220.0,2,4+4,"Studio, with elevator, near metro M2."
ML-2025-01570,2025-02-21,NoLo,2650,140,5,4,2,8th,True,furnished,autonomous,E,1989.0,M2,160.0,2,4+4,"Large apartment, with elevator, near metro M2."
ML-2025-01536,2025-01-24,Porta Romana,1700,65,4,3,2,6,True,furnished,autonomous,E,1998.0,M3,220.0,3,4+4,"Apartment, with elevator, near metro M3."
ML-2025-00667,28/02/2025,Navigli,1200,55,4,3,1,ground floor,False,furn.,autonomous,F,,,130.0,2,4+4,"Apartment, in historic building, near metro M2."
ML-2025-01207,2024-12-16,Lambrate,1000,64,2,1,2,first,False,partly furnished,autonomous,E,1962.0,,130.0,2,4+4,"One-bedroom, near metro M2."
ML-2025-01617,14/02/2025,Lorenteggio,600,48,3,3,1,1st,False,partly furnished,autonomous,,1944.0,,190.0,2,4+4,"Two-bedroom, in historic building."
ML-2025-02396,2024-11-20,Porta Garibaldi,1450,58,3,2,1,4th,True,partly furnished,autonomous,,1964.0,M5,160.0,1,student,"Two-bedroom, with elevator, near metro M5."
ML-2025-00422,2025-01-19,Affori,750,65,2,1,1,3,False,partly furnished,autonomous,G,1905.0,M3,240.0,1,temporary,"One-bedroom, in historic building, near metro M3."
ML-2025-00085,2025-02-09,Isola,1750,66,3,3,1,7,True,partly furnished,AUTONOMOUS,A,2017.0,M5,220.0,2,3+2,"Two-bedroom, recently built, with elevator, near metro M5."
ML-2025-00015,2025-03-12,Magenta,2100,104,4,3,1,1st,False,unfurnished,autonomous,G,1921.0,M1,230.0,2,4+4,"Large apartment, in historic building, near metro M1."
ML-2025-02118,01/07/2025,Bicocca,950,59,3,2,1,4,True,FURNISHED,central,G,1936.0,M5,240.0,1,temporary,"Two-bedroom, in historic building, with elevator, near metro M5."
ML-2025-02253,2025-03-21,Lambrate,850,67,3,2,2,2th,False,unfurnished,autonomous,G,1961.0,M2,250.0,3,3+2,"Two-bedroom, near metro M2."
ML-2025-00719,2024-12-21,Porta Romana,1800,87,4,3,2,7,True,unfurnished,heat pump,A1,2019.0,M3,100.0,1,temporary,"Apartment, recently built, with elevator, near metro M3."
ML-2025-00254,06/03/2025,Isola,1250,74,2,1,2,5,True,unfurnished,autonomous,F,1945.0,M5,270.0,1,temporary,"One-bedroom, in historic building, with elevator, near metro M5."
ML-2025-01835,11/10/2024,Greco,850,62,3,2,1,4,True,furnished,autonomous,F,1917.0,M1,300.0,2,4+4,"Two-bedroom, in historic building, with elevator, near metro M1."
ML-2025-00142,2025-03-24,Navigli,2350,104,4,3,1,1,False,furnished,central,G,1920.0,M2,300.0,3,4+4,"Large apartment, in historic building, near metro M2."
ML-2025-01680,2025-02-16,Lambrate,1100,61,3,3,2,3th,False,furnished,AUTONOMOUS,E,1973.0,M2,90.0,3,3+2,"Two-bedroom, near metro M2."
ML-2025-01720,1 March 2025,Navigli,1500,56,3,2,1,8,True,partly furnished,central,,1999.0,M2,120.0,3,3+2,"Two-bedroom, with elevator, near metro M2."
ML-2025-00984,2025-01-02,Porta Venezia,1100,42,1,1,1,2th,True,furnished,Autonomous,G,,M1,280.0,2,4+4,"Apartment, in historic building, with elevator, near metro M1."
ML-2025-00838,2025-02-13,Porta Garibaldi,2450,75,3,2,1,2,True,furnished,central,E,1943.0,,160.0,3,3+2,"Two-bedroom, in historic building, with elevator, near metro M2."
ML-2025-00703,2025-01-12,Porta Garibaldi,2250,80,4,3,1,8,True,furnished,autonomous,D,1993.0,M5,60.0,1,temporary,"Apartment, with elevator, near metro M5."
ML-2025-00772,2024-12-13,Quarto Oggiaro,450,46,3,2,1,GF,True,Unfurnished,central,,1985.0,M3,190.0,2,4+4,"Two-bedroom, with elevator, near metro M3."
ML-2025-01666,23/03/2025,Quarto Oggiaro,1000,90,4,3,2,4th,True,furnished,autonomous,,1938.0,M3,190.0,3,3+2,"Apartment, in historic building, with elevator, near metro M3."
ML-2025-02074,2025-03-30,Baggio,1150,97,3,2,2,6,True,unfurnished,autonomous,D,2011.0,,60.0,3,4+4,"Two-bedroom, recently built, with elevator."
ML-2025-01800,2024-11-12,Centro Storico,2150,66,3,2,2,4th,True,furnished,autonomous,F,1904.0,M1,210.0,1,temporary,"Two-bedroom, in historic building, with elevator, near metro M1."
ML-2025-00712,2024-10-12,Sempione,850,53,1,1,1,3,False,partly furnished,autonomous,,,M1,70.0,2,4+4,"Apartment, in historic building, near metro M1."
ML-2025-01583,2024-10-29,Sempione,€ 2650,115,5,4,2,4,True,unfurnished,central,E,1983.0,M1,,2,4+4,"Large apartment, with elevator, near metro M1."
ML-2025-01755,2025-03-17,Lorenteggio,3550,244,4,3,2,3,False,furnished,central,,1924.0,,190.0,1,temporary,
ML-2025-02394,12/04/2024,PORTA ROMANA,1850,88,4,3,2,1st,False,unfurnished,autonomous,F,,M3,130.0,2,4+4,
ML-2025-02219,03/28/2025,Quarto Oggiaro,750,74,3,2,2,1,False,unfurnished,heat pump,,1952.0,M3,230.0,2,4+4,"Two-bedroom, near metro M3."
ML-2025-01528,19/12/2024,Isola,700,35,3,2,1,2,False,unfurnished,centr.,,1922.0,M5,300.0,1,temporary,"Studio, in historic building, near metro M5."
ML-2025-01926,2024-11-09,Porta Venezia,1500,62,3,2,2,4,True,furnished,autonomous,G,1948.0,M1,280.0,1,temporary,"Two-bedroom, in historic building, with elevator, near metro M1."
ML-2025-00740,17/02/2025,Tortona,2300,103,3,2,2,ground,False,furnished,autonomous,G,1917.0,,280.0,3,4+4,"Large apartment, in historic building, near metro M2."
ML-2025-00528,03/23/2025,Isola,600,30,1,1,1,5,True,unfurn.,autonomous,D,2002.0,M5,120.0,3,4+4,"Studio, with elevator, near metro M5."
ML-2025-01455,10/13/2024,Centro Storico,2400,93,3,2,2,2,False,partly furnished,autonomous,G,1910.0,M1,310.0,3,3+2,"Two-bedroom, in historic building, near metro M1."
ML-2025-00039,2025-03-20,Lambrate,850,50,2,1,1,5,True,unfurnished,autonomous,E,1980.0,M2,80.0,1,student,"One-bedroom, with elevator, near metro M2."
ML-2025-01327,2024-11-13,Magenta,1150,51,2,1,1,5,True,furnished,autonomous,G,1961.0,M1,230.0,3,4+4,"One-bedroom, with elevator, near metro M1."
ML-2025-01604,2025-03-03,Zone Porta Garibaldi,1450,68,3,2,2,2th,True,unfurnished,central,G,1952.0,M2,80.0,3,4+4,"Two-bedroom, with elevator, near metro M2."
ML-2025-01132,20/12/2024,Città Studi,€ 1900,78 sqm,3,2,2,2th,False,furnished,central,E,1977.0,M2,,3,4+4,"Two-bedroom, near metro M2."
ML-2025-00297,29/03/2025,Affori,350,23,1,1,1,5th,True,unfurnished,Autonomous,A4,2023.0,M3,160.0,2,4+4,"Studio, recently built, with elevator, near metro M3."
ML-2025-00789,2024-10-05,Città Studi,2850,134,5,4,2,3,True,furnished,autonomous,G,1906.0,M2,250.0,3,4+4,"Large apartment, in historic building, with elevator, near metro M2."
ML-2025-01291,23 February 2025,Tortona,1500,86,3,2,2,3,False,furnished,autonomous,G,,M2,170.0,3,4+4,"Two-bedroom, in historic building, near metro M2."
ML-2025-00576,01/12/2025,Corvetto,1100,96,4,3,1,1,False,unfurnished,central,F,1962.0,M3,310.0,3,4+4,"Apartment, near metro M3."
ML-2025-01624,2025-02-23,Lorenteggio,500,39,3,3,1,2,True,furnished,autonomous,D,1997.0,,70.0,3,4+4,"Studio, with elevator."
ML-2025-01222,17/10/2024,Porta Romana,€ 1400,58,3,2,1,2,True,furnished,Central,C,2000.0,M3,,3,4+4,"Two-bedroom, with elevator, near metro M3."
ML-2025-00245,22/11/2024,Centro Storico,4300,120,5,5,2,3th,True,furnished,autonomous,C,2012.0,M3,210.0,3,4+4,"Large apartment, recently built, with elevator, near metro M3."
ML-2025-01859,2025-03-04,Quarto Oggiaro,650,56,4,3,1,2,False,furnished,autonomous,G,1961.0,M3,310.0,2,4+4,
ML-2025-00758,02/27/2025,Bocconi,1750,70,3,2,2,ground floor,True,partly,AUTONOMOUS,,2001.0,M3,160.0,3,4+4,"Two-bedroom, with elevator, near metro M3."
ML-2025-02286,03/25/2025,Isola,2850,160,6,5,2,3,False,empty,central,,1950.0,M5,320.0,1,student,"Large apartment, near metro M5."
ML-2025-00274,2025-03-30,Corvetto,1450,89,4,3,2,5th,True,furnished,centr.,E,1984.0,M3,130.0,3,3+2,"Apartment, with elevator, near metro M3."
ML-2025-01727,22/01/2025,Città Studi,3200,111,5,4,2,6,True,furnished,central,A1,2019.0,M2,220.0,3,4+4,"Large apartment, recently built, with elevator, near metro M2."
ML-2025-02208,01/01/2025,Quarto Oggiaro,600,50,2,1,1,5,True,furnished,central,G,1941.0,M3,100.0,1,student,"One-bedroom, in historic building, with elevator, near metro M3."
ML-2025-01065,15/01/2025,NoLo,€ 1200,71 sqm,3,2,1,G,False,furnished,central,,1967.0,M1,,1,student,
ML-2025-01795,2024-10-30,Brera,2600,69,3,3,1,1st,False,partly furnished,central,E,,M2,200.0,1,temporary,"Two-bedroom, in historic building, near metro M2."
ML-2025-00714,10/01/2025,NoLo,550,30,1,1,1,4,True,furnished,central,E,1996.0,M2,90.0,1,student,
ML-2025-00259,22 January 2025,Sempione,1050,57,3,3,1,2th,False,Furnished,central,F,1922.0,M1,320.0,1,temporary,"Two-bedroom, in historic building, near metro M1."
ML-2025-02341,2025-02-10,Affori,700,45,3,2,1,7,True,partly furnished,AUTONOMOUS,B,2019.0,M3,120.0,3,4+4,"Two-bedroom, recently built, with elevator, near metro M3."
ML-2025-01318,2024-11-25,De Angeli,2000,83,4,3,1,7,True,partly furnished,heat pump,A,2005.0,M1,240.0,2,4+4,"Apartment, with elevator, near metro M1."
ML-2025-01206,2025-02-08,Affori,850,71,2,1,2,4,True,Furnished,centr.,G,1947.0,M3,160.0,1,student,"One-bedroom, in historic building, with elevator, near metro M3."
ML-2025-00657,11/02/2024,Isola,1950,80,4,3,1,1st,True,furnished,auto.,E,1995.0,M5,80.0,2,4+4,
ML-2025-01790,2025-02-20,CITTÀ STUDI,1450,76,3,2,2,4,True,Partly furnished,autonomous,,2030.0,M2,150.0,3,3+2,"Two-bedroom, with elevator, near metro M2."
ML-2025-02417,2025-02-26,Zone Tortona,1600,75,3,2,1,0,True,unfurnished,central,A1,2020.0,M2,180.0,2,4+4,"Two-bedroom, recently built, with elevator, near metro M2."
ML-2025-00987,2024-11-30,Lambrate,700,61,3,2,1,3th,False,UNFURNISHED,central,G,1953.0,M2,200.0,1,temporary,"Two-bedroom, near metro M2."
ML-2025-01396,26/01/2025,Greco,350,28,1,1,1,GF,False,unfurnished,autonomous,F,1950.0,M1,80.0,1,student,"Studio, near metro M1."
ML-2025-01893,2024-10-17,Greco,1000,57,2,2,1,2th,True,FURNISHED,autonomous,,1900.0,M1,200.0,3,4+4,"One-bedroom, in historic building, with elevator, near metro M1."
ML-2025-02042,22/10/2024,Bocconi,1850,80,4,3,2,5,True,unfurnished,central,F,1935.0,M3,230.0,3,4+4,"Apartment, in historic building, with elevator, near metro M3."
ML-2025-00421,2024-10-10,Affori,€ 900,76 sqm,4,3,1,3th,True,furnished,central,G,1944.0,M3,,2,4+4,"Apartment, in historic building, with elevator, near metro M3."
ML-2025-00075,19 January 2025,Lambrate,1300,78,3,2,2,1,True,partly furnished,central,E,1991.0,M2,70.0,2,4+4,
ML-2025-00975,2024-10-25,Centro Storico,1650,52,2,1,1,4th,True,partly furnished,autonomous,,,,100.0,2,4+4,"One-bedroom, in historic building, with elevator, near metro M1."
ML-2025-00678,2025-03-22,NoLo,1250,78,3,2,1,1st,False,furnished,autonomous,G,1925.0,M1,120.0,3,4+4,"Two-bedroom, in historic building, near metro M1."
ML-2025-00021,2025-03-16,Sempione,900,51,3,2,1,4th,True,partly furnished,autonomous,G,,M1,150.0,2,3+2,"Two-bedroom, in historic building, with elevator, near metro M1."
ML-2025-00136,2025-03-12,Porta Garibaldi,1000,43,2,1,1,2,False,partly furnished,autonomous,E,1952.0,M5,210.0,2,3+2,"One-bedroom, near metro M5."
ML-2025-00325,07/11/2024,Lorenteggio,1450,91,4,3,2,6,True,partly furnished,central,A,2017.0,,240.0,3,4+4,"Apartment, recently built, with elevator."
ML-2025-01050,2024-10-12,Centro Storico,2700,113,5,4,2,1,False,unfurnished,central,G,1937.0,M3,140.0,2,4+4,"Large apartment, in historic building, near metro M3."
ML-2025-00092,2025-01-23,Lambrate,700,59,3,3,1,3th,False,unfurnished,autonomous,F,1933.0,M2,310.0,3,4+4,
ML-2025-01754,2025-02-19,Navigli,1700,62,3,2,1,1,True,partly furnished,autonomous,B,2010.0,,240.0,2,3+2,"Two-bedroom, with elevator, near metro M2."
ML-2025-01224,05/03/2025,Corvetto,1500,113,4,3,2,1st,False,furnished,central,,,M3,,3,4+4,"Large apartment, in historic building, near metro M3."
ML-2025-02261,2024-11-13,Affori,900,66,3,2,1,4,True,furnished,auto.,C,2007.0,M3,160.0,1,temporary,"Two-bedroom, with elevator, near metro M3."
ML-2025-00826,03/20/2025,Corvetto,550,39,1,1,1,4,True,furnished,heat pump,B,2016.0,M3,220.0,2,4+4,"Studio, recently built, with elevator, near metro M3."
ML-2025-02224,2024-12-16,Navigli,1750,76,2,1,1,0,True,unfurnished,CENTR.,F,1984.0,M2,180.0,2,4+4,"One-bedroom, with elevator, near metro M2."
ML-2025-01996,2025-01-18,Bicocca,1150,60,3,2,1,8th,True,partly furnished,central,,1986.0,M5,140.0,2,4+4,"Two-bedroom, with elevator, near metro M5."
ML-2025-00255,2025-01-10,MAGENTA,€ 1450,55 sqm,3,2,1,8,True,partly furnished,central,E,1983.0,M2,,2,4+4,"Two-bedroom, with elevator, near metro M2."
ML-2025-01048,11/06/2024,Centro Storico,€ 1300,55 sqm,3,2,1,5,True,unfurnished,autonomous,F,1902.0,M1,,3,4+4,"Two-bedroom, in historic building, with elevator, near metro M1."
ML-2025-00683,01/10/2025,Magenta,1000,43,2,2,1,first,False,partly furnished,autonomous,E,1960.0,M2,260.0,2,3+2,"One-bedroom, near metro M2."
ML-2025-02347,03/16/2025,LAMBRATE,€ 1100,61 sqm,4,4,1,2,False,furnished,auto.,,1909.0,M2,,1,student,"Apartment, in historic building, near metro M2."
ML-2025-00331,2024-12-07,Porta Garibaldi,1750,69,3,2,2,6th,True,unfurn.,autonomous,D,1996.0,M5,90.0,3,4+4,"Two-bedroom, with elevator, near metro M5."
ML-2025-02504,2025-03-30,Navigli,1000,43,2,1,1,5th,True,furnished,autonomous,E,2002.0,M2,60.0,2,4+4,"One-bedroom, with elevator, near metro M2."
ML-2025-00171,2024-10-12,Lambrate,€ 1150,87 sqm,3,2,1,2th,True,partly furnished,central,G,1930.0,M2,,3,4+4,"Two-bedroom, in historic building, with elevator, near metro M2."
ML-2025-02009,21/10/2024,Quadrilatero,1900,56,3,2,1,3th,False,furnished,autonomous,G,1951.0,M3,150.0,1,student,"Two-bedroom, near metro M3."
ML-2025-02231,2024-12-20,De Angeli,2700,111,5,4,2,5th,True,furnished,autonomous,C,2013.0,M1,160.0,2,4+4,"Large apartment, recently built, with elevator, near metro M1."
ML-2025-00525,2024-12-29,Quarto Oggiaro,600,57,4,3,1,3,True,partly furnished,heat pump,A2,2022.0,M3,150.0,2,4+4,
ML-2025-02059,2024-11-23,Bicocca,2350,158,5,4,2,6th,True,unfurnished,autonomous,C,2002.0,M5,170.0,3,3+2,"Large apartment, with elevator, near metro M5."
ML-2025-00098,2025-02-25,NoLo,1400,72,2,2,2,first,False,furnished,autonomous,G,1944.0,M1,70.0,2,4+4,"One-bedroom, in historic building, near metro M1."
ML-2025-01026,2025-02-06,Città Studi,1600,69,3,2,2,2,True,furnished,central,,1951.0,M2,270.0,2,4+4,"Two-bedroom, with elevator, near metro M2."
ML-2025-02159,19 November 2024,NoLo,1050,52,1,1,1,4,True,furnished,central,A1,2021.0,M2,140.0,1,student,"Apartment, recently built, with elevator, near metro M2."
ML-2025-01171,17 March 2025,Bicocca,450,33,1,1,1,4th,True,unfurnished,autonomous,F,1981.0,M5,120.0,1,temporary,"Studio, with elevator, near metro M5."
ML-2025-00660,2024-12-04,Sempione,1450,91,4,4,2,3,False,partly furnished,central,,1929.0,M5,300.0,1,temporary,"Apartment, in historic building, near metro M5."
ML-2025-02494,2024-12-16,Tortona,1500,74,4,3,1,GF,True,Partly furnished,central,B,2022.0,M2,140.0,1,temporary,"Apartment, recently built, with elevator, near metro M2."
ML-2025-00606,2024-11-25,Città Studi,1600,86,4,3,1,4,True,unfurnished,autonomous,,1997.0,M2,110.0,1,student,
ML-2025-01971,22/12/2024,Centro Storico,11370,95,4,3,1,3,False,partly furnished,autonomous,G,1927.0,M3,300.0,2,4+4,"Prestigious penthouse with panoramic view, luxury finishes."
ML-2025-02477,2025-01-28,Porta Romana,1350,58,3,2,1,5,True,partly furnished,auto.,,1917.0,M3,270.0,3,4+4,"Two-bedroom, in historic building, with elevator, near metro M3."
ML-2025-01018,29/10/2024,Bocconi,€ 2000,72 sqm,3,2,2,2,True,furnished,autonomous,F,1987.0,M3,,1,temporary,"Two-bedroom, with elevator, near metro M3."
ML-2025-01393,2025-03-03,Magenta,1550,52,1,1,1,1,True,furnished,central,,1981.0,M1,180.0,2,4+4,"Apartment, with elevator, near metro M1."
ML-2025-02182,12/15/2024,Navigli,1500,75,3,2,1,5,True,partly furnished,autonomous,,1920.0,M2,100.0,3,4+4,"Two-bedroom, in historic building, with elevator, near metro M2."
ML-2025-00406,2025-03-29,Baggio,550,33,2,1,1,6,True,furnished,central,,1988.0,,160.0,2,3+2,"Studio, with elevator."
ML-2025-01438,2025-03-09,Lambrate,900,56,3,2,1,0,True,unfurnished,AUTONOMOUS,A,2006.0,M2,250.0,2,3+2,"Two-bedroom, with elevator, near metro M2."
ML-2025-01499,09/11/2024,Tortona,2450,131,5,4,2,ground,True,unfurnished,central,D,2004.0,M2,100.0,1,student,"Large apartment, with elevator, near metro M2."
ML-2025-00989,08/11/2024,Navigli,€ 2950,108,3,2,1,2,False,furnished,autonomous,E,1977.0,M2,,2,4+4,"Large apartment, near metro M2."
ML-2025-01983,2024-11-23,Città Studi,1100,56,2,1,1,first,False,partly furnished,autonomous,F,1916.0,M2,230.0,2,3+2,"One-bedroom, in historic building, near metro M2."
ML-2025-01370,23/03/2025,Navigli,900,35,2,1,1,2th,True,unfurnished,heat pump,E,1992.0,M2,70.0,3,4+4,"Studio, with elevator, near metro M2."
ML-2025-01124,2024-10-24,Greco,€ 1000,75 sqm,4,3,1,8th,True,unfurnished,autonomous,B,2008.0,M1,,2,3+2,"Apartment, with elevator, near metro M1."
ML-2025-01329,02/11/2024,Bicocca,2000,117,4,3,2,6th,True,partly furnished,central,D,2010.0,M5,50.0,1,student,"Large apartment, with elevator, near metro M5."
ML-2025-01397,2025-02-22,NoLo,1700,80,5,4,2,2,True,partly furnished,central,C,2011.0,M1,220.0,2,4+4,"Apartment, recently built, with elevator, near metro M1."
ML-2025-01605,2024-11-02,Porta Venezia,1600,73,4,3,1,3,True,furnished,autonomous,G,1956.0,M1,240.0,3,4+4,"Apartment, with elevator, near metro M1."
ML-2025-00771,2025-01-04,Porta Venezia,1700,83,3,2,1,2th,False,partly furnished,autonomous,,1958.0,M1,90.0,3,4+4,"Two-bedroom, near metro M1."
ML-2025-02178,11 January 2025,Bicocca,€ 1200,66 sqm,3,2,1,3th,True,Partly furnished,heat pump,A,2020.0,M5,,3,3+2,"Two-bedroom, recently built, with elevator, near metro M5."
ML-2025-02430,2024-11-02,Baggio,1050,92,4,3,1,6,True,partly furnished,heat pump,E,1984.0,,180.0,1,temporary,"Apartment, with elevator."
ML-2025-02141,2025-01-05,Greco,1700,114,6,6,2,6,True,furnished,autonomous,E,1990.0,M1,70.0,2,4+4,"Large apartment, with elevator, near metro M1."
ML-2025-00105,2024-12-18,Baggio,350,25,2,1,1,2th,False,furnished,heat pump,F,1911.0,,120.0,1,temporary,"Studio, in historic building."
ML-2025-02062,2025-02-13,Città Studi,2200,91,4,3,2,1,False,furnished,centr.,F,1975.0,M2,220.0,2,3+2,"Apartment, near metro M2."
ML-2025-02089,2025-03-22,Greco,600,49,2,1,1,4th,True,unfurnished,centr.,D,1990.0,M1,160.0,3,4+4,"One-bedroom, with elevator, near metro M1."
ML-2025-02105,2024-12-13,Affori,900,71,3,2,2,2th,True,UNFURNISHED,autonomous,F,1981.0,M3,80.0,2,4+4,
ML-2025-01645,2025-01-01,Porta Venezia,1100,48,3,2,1,3,False,furnished,autonomous,,1918.0,M1,150.0,2,3+2,"Two-bedroom, in historic building, near metro M1."
ML-2025-00080,07/01/2025,Porta Romana,1150,56,4,3,1,2,True,partly furnished,AUTONOMOUS,,1953.0,M3,100.0,2,3+2,"Apartment, with elevator, near metro M3."
ML-2025-00060,2024-11-21,Porta Garibaldi,1550,74,3,2,1,4,True,UNFURNISHED,heat pump,D,1990.0,M5,80.0,3,4+4,"Two-bedroom, with elevator, near metro M5."
ML-2025-00932,2024-12-22,Quarto Oggiaro,750,72,4,3,1,8,True,unfurnished,centr.,C,2006.0,M3,240.0,3,4+4,"Apartment, with elevator, near metro M3."
ML-2025-02307,2025-03-24,Porta Venezia,1450,42,1,1,1,3,True,furnished,autonomous,A3,2018.0,M1,160.0,3,4+4,
ML-2025-01211,2024-11-04,NoLo,650,39,2,1,1,3,True,unfurnished,Autonomous,,1908.0,M1,220.0,1,student,"Studio, in historic building, with elevator, near metro M1."
ML-2025-01905,08/10/2024,De Angeli,1700,75,3,2,1,ground floor,True,FURNISHED,autonomous,D,1989.0,M1,150.0,2,4+4,"Two-bedroom, with elevator, near metro M1."
ML-2025-00427,2025-02-09,NoLo,1900,95,4,3,2,1,True,furnished,heat pump,C,2005.0,M1,200.0,2,4+4,"Apartment, with elevator, near metro M1."
ML-2025-01437,2025-01-28,Isola,4000,165,4,3,2,7th,True,furnished,central,C,2008.0,M5,240.0,2,4+4,"Large apartment, with elevator, near metro M5."
ML-2025-01311,11/11/2024,porta venezia,2200,94,4,3,1,2,False,partly furnished,autonomous,F,1941.0,M1,200.0,2,3+2,"Apartment, in historic building, near metro M1."
ML-2025-02112,2024-10-15,Navigli,1400,62,2,1,2,6,True,Unfurnished,autonomous,F,1983.0,M2,110.0,2,4+4,"One-bedroom, with elevator, near metro M2."
ML-2025-00662,03/27/2025,Lorenteggio,1850,117,4,3,2,1,False,furnished,heat pump,E,,,250.0,3,3+2,"Large apartment, in historic building."
ML-2025-00613,2025-03-02,Bicocca,2550,190,5,5,2,2,False,unfurnished,heat pump,F,1919.0,,320.0,3,4+4,"Large apartment, in historic building, near metro M5."
ML-2025-01376,14/02/2025,Quarto Oggiaro,550,62,4,3,2,first,False,unfurnished,heat pump,G,1934.0,M3,310.0,1,temporary,"Apartment, in historic building, near metro M3."
ML-2025-00783,01/12/2024,Navigli,500,24,1,1,1,ground floor,False,partly furnished,central,G,1923.0,M2,280.0,1,student,
ML-2025-00652,2024-10-23,Bocconi,1900,66,3,2,2,5,True,furnished,autonomous,G,1924.0,M3,120.0,2,4+4,
ML-2025-01543,2024-11-01,Bocconi,1450,54,2,1,1,5,True,furnished,autonomous,E,1996.0,M3,80.0,2,3+2,
ML-2025-01060,17/01/2025,Bicocca,900,55,2,1,1,GF,True,Unfurnished,autonomous,F,1981.0,M5,170.0,2,4+4,"One-bedroom, with elevator, near metro M5."
ML-2025-00569,2024-11-27,Baggio,1150,80,3,2,1,3,True,partly furnished,autonomous,B,2021.0,,230.0,1,student,"Two-bedroom, recently built, with elevator."
ML-2025-00383,2024-12-29,Bicocca,550,28,2,1,1,6,True,unfurnished,Autonomous,A,2008.0,M5,80.0,1,temporary,"Studio, with elevator, near metro M5."
ML-2025-00954,18/03/2025,Corvetto,2000,139,4,3,2,first,False,furnished,autonomous,F,1933.0,M3,180.0,1,temporary,"Large apartment, in historic building, near metro M3."
ML-2025-02352,2024-10-22,Corvetto,1000,77,3,2,1,3,False,unfurnished, autonomous,E,,M3,90.0,1,temporary,"Two-bedroom, in historic building, near metro M3."
ML-2025-02497,2025-01-18,Sempione,650,35,2,1,1,2,False,unfurnished,central,F,1935.0,M5,130.0,2,3+2,"Studio, in historic building, near metro M5."
ML-2025-01303,10/29/2024,Brera,2450,87,4,3,2,1st,False,unfurnished, autonomous,,1927.0,M3,260.0,2,4+4,"Apartment, in historic building, near metro M3."
ML-2025-02421,2024-10-28,Magenta,1350,51,2,1,1,ground,False,furnished,central,,1950.0,M2,70.0,1,temporary,"One-bedroom, near metro M2."
ML-2025-02175,4 March 2025,Navigli,1300,65,3,2,1,5,True,unfurnished,autonomous,G,1935.0,M2,70.0,2,4+4,"Two-bedroom, in historic building, with elevator, near metro M2."
ML-2025-00738,2024-11-21,Greco,1900,113,5,4,2,5th,True,furnished,autonomous,B,2023.0,,190.0,3,3+2,"Large apartment, recently built, with elevator, near metro M1."
ML-2025-01282,2024-11-08,Lambrate,1600,101,5,4,1,6,True,unfurnished,heat pump,A2,2019.0,M2,,3,3+2,"Large apartment, recently built, with elevator, near metro M2."
ML-2025-00849,19/01/2025,città studi,1350,63,2,1,2,6,True,furnished,central,F,1987.0,M2,150.0,3,3+2,"One-bedroom, with elevator, near metro M2."
ML-2025-01432,2024-11-12,città studi,1150,64,3,2,1,2th,False,partly furnished,autonomous,,1930.0,,160.0,3,4+4,"Two-bedroom, in historic building, near metro M2."
ML-2025-01093,2025-01-04,Sempione,2500,133,5,4,2,1st,False,furnished,autonomous,G,1962.0,M5,210.0,1,student,"Large apartment, near metro M5."
ML-2025-01312,2024-10-16,Baggio,€ 1350,88 sqm,5,4,2,7th,True,furnished,heat pump,B,2023.0,,,3,4+4,"Apartment, recently built, with elevator."
ML-2025-01587,10/28/2024,Lambrate,700,42,2,1,1,4th,True,unfurnished,autonomous,E,1994.0,M2,240.0,1,temporary,"One-bedroom, with elevator, near metro M2."
ML-2025-00332,2025-03-11,Affori,750,48,1,1,1,5th,True,furnished,auto.,D,2003.0,M3,190.0,2,4+4,"Apartment, with elevator, near metro M3."
ML-2025-00646,10/01/2025,Baggio,300,27,2,1,1,6th,True,unfurnished,autonomous,C,2005.0,,160.0,2,4+4,"Studio, with elevator."
ML-2025-01253,04/03/2025,Porta Romana,1950,89,4,3,2,G,False,partly furnished,autonomous,,1919.0,M3,290.0,2,4+4,"Apartment, in historic building, near metro M3."
ML-2025-01655,2025-01-14,Zone Porta Venezia,1500,44,2,1,1,GF,True,furnished,central,A2,2015.0,M1,50.0,1,temporary,"One-bedroom, recently built, with elevator, near metro M1."
ML-2025-01326,2025-02-26,Porta Garibaldi,€ 1450,61 sqm,3,2,1,0,True,furnished,central,F,1980.0,M5,,3,4+4,"Two-bedroom, with elevator, near metro M5."
ML-2025-01419,22/10/2024,NoLo,2700,158,5,4,2,3,False,partly furnished,autonomous,G,1933.0,M2,300.0,1,temporary,"Large apartment, in historic building, near metro M2."
ML-2025-01257,2025-02-28,Navigli,1050,49,2,1,1,7th,True,unfurnished,autonomous,C,1991.0,M2,220.0,2,4+4,"One-bedroom, with elevator, near metro M2."
ML-2025-01056,28/12/2024,Porta Garibaldi,450,21,1,1,1,5th,True,partly furnished,autonomous ,G,,M5,140.0,3,4+4,
ML-2025-02092,2025-03-15,Lorenteggio,1000,72,2,1,2,5th,True,furnished,central,F,1987.0,,110.0,1,temporary,"One-bedroom, with elevator."
ML-2025-01421,2024-11-06,Isola,1500,72,3,2,1,2th,False,furnished,autonomous,G,1962.0,M5,220.0,3,4+4,"Two-bedroom, near metro M5."
ML-2025-00417,07/02/2025,Isola,1100,56,3,2,1,2th,False,furnished,autonomous,G,,M5,100.0,3,3+2,"Two-bedroom, in historic building, near metro M5."
ML-2025-01063,04/01/2025,Affori,400,31,2,1,1,4,True,partly furnished,centr.,G,1909.0,M3,230.0,2,4+4,"Studio, in historic building, with elevator, near metro M3."
ML-2025-00893,2025-03-17,Quarto Oggiaro,1150,108,4,3,2,5,True,furnished,central,,1984.0,M3,110.0,2,4+4,"Large apartment, with elevator, near metro M3."
ML-2025-01198,14/01/2025,Lorenteggio,800,75,4,3,2,3,False,unfurnished,central,G,1945.0,,310.0,3,4+4,"Apartment, in historic building."
ML-2025-01544,2025-02-02,Navigli,900,38,2,3,1,2,False,partly furnished,Central,E,,M2,200.0,2,3+2,"Studio, in historic building, near metro M2."
ML-2025-01918,2024-12-28,Sempione,1500,61,4,4,2,2,True,furnished,AUTONOMOUS,,1971.0,M5,210.0,1,temporary,"Apartment, with elevator, near metro M5."
ML-2025-01342,2025-03-15,Città Studi,€ 900,44 sqm,3,2,1,4th,True,Partly furnished,central,E,1997.0,M2,,3,3+2,"Two-bedroom, with elevator, near metro M2."
ML-2025-00709,2024-10-08,Navigli,1250,50,2,1,1,2,True,furnished,autonomous,F,1947.0,M2,270.0,3,3+2,"One-bedroom, in historic building, with elevator, near metro M2."
ML-2025-00089,06/03/2025,Baggio,1150,92,5,4,2,4,True,partly furnished,autonomous,A3,2016.0,,180.0,1,temporary,"Apartment, recently built, with elevator."
ML-2025-02266,2025-03-12,Bicocca,1500,78,4,3,1,7,True,unfurnished,autonomous,A2,2017.0,M5,240.0,2,4+4,"Apartment, recently built, with elevator, near metro M5."
ML-2025-00424,25/01/2025,Città Studi,950,49,2,1,1,8,True,partly furnished,central,,1997.0,M2,70.0,3,3+2,"One-bedroom, with elevator, near metro M2."
ML-2025-02348,07/01/2025,Porta Garibaldi,1250,55,2,1,1,first,False,furnished,autonomous,,1943.0,M5,240.0,3,3+2,"One-bedroom, in historic building, near metro M5."
ML-2025-01108,2025-03-13,Affori,1100,87,4,3,1,8,True,partly furnished,central,D,1983.0,M3,70.0,3,3+2,"Apartment, with elevator, near metro M3."
ML-2025-02243,2025-03-18,Sempione,1450,69,3,2,2,6th,True,partly furnished,autonomous,,1989.0,M5,140.0,1,temporary,"Two-bedroom, with elevator, near metro M5."
ML-2025-02367,2024-11-25,Porta Romana,2600,131,6,5,2,4,True,partly furnished,autonomous,G,1922.0,M3,160.0,2,4+4,"Large apartment, in historic building, with elevator, near metro M3."
ML-2025-01064,2024-11-12,NoLo,1200,57,4,3,1,2,True,furnished,autonomous,G,1923.0,M2,230.0,3,4+4,"Apartment, in historic building, with elevator, near metro M2."
ML-2025-00300,2025-02-12,Porta Venezia,2100,78,4,3,1,8,True,unfurnished,heat pump,A3,2020.0,M1,210.0,2,4+4,"Apartment, recently built, with elevator, near metro M1."
ML-2025-00079,2025-02-16,Porta Garibaldi,1250,50,1,1,1,first,True,partly furnished,central,,1994.0,M5,180.0,2,4+4,
ML-2025-00970,17/02/2025,Città Studi,900,55,2,1,1,1,False,unfurnished,centr.,G,1959.0,M2,280.0,1,temporary,"One-bedroom, near metro M2."
ML-2025-02377,24 November 2024,Isola,600,29,1,1,1,2,True,unfurnished,autonomous,F,,M5,300.0,2,4+4,"Studio, in historic building, with elevator, near metro M5."
ML-2025-00395,2025-01-16,Porta Garibaldi,1800,57,2,1,1,1,True,furnished,autonomous,A,2022.0,M5,90.0,3,4+4,
ML-2025-00950,2024-12-22,Sempione,1400,76,3,2,1,5,True,partly furnished,autonomous,G,1930.0,M1,130.0,3,4+4,"Two-bedroom, in historic building, with elevator, near metro M1."
ML-2025-02188,2025-02-01,Affori,1150,73,4,3,2,5,True,partly furnished,central,,1983.0,M3,60.0,3,4+4,"Apartment, with elevator, near metro M3."
ML-2025-00375,2025-01-20,Porta Venezia,2000,81,4,3,1,6,True,furnished,autonomous,D,1992.0,M1,80.0,3,4+4,
ML-2025-00081,04/03/2025,QUARTO OGGIARO,600,54,2,1,1,4,True,furnished,autonomous,,1957.0,M3,260.0,2,3+2,"One-bedroom, with elevator, near metro M3."
ML-2025-00844,2024-10-19,Lorenteggio,400,32,1,1,1,5,True,furnished,auto.,G,1943.0,,230.0,3,4+4,"Studio, in historic building, with elevator."
ML-2025-02410,2025-01-13,NoLo,900,53,1,1,1,2,True,partly furn.,autonomous,G,,M1,210.0,3,3+2,"Apartment, in historic building, with elevator, near metro M1."
ML-2025-00628,2025-01-06,De Angeli,1150,65,4,3,1,2,True,partly furnished,autonomous,G,1914.0,M1,130.0,2,4+4,"Apartment, in historic building, with elevator, near metro M1."
ML-2025-01634,2025-03-04,Affori,1600,105,4,3,2,1,True,partly furnished,central,D,2006.0,M3,80.0,3,3+2,"Large apartment, with elevator, near metro M3."
ML-2025-02344,27/01/2025,Porta Garibaldi,900,35,2,1,1,4,True,partly furnished,autonomous,A,2005.0,,100.0,2,3+2,"Studio, with elevator, near metro M2."
ML-2025-00411,17/11/2024,Porta Garibaldi,1650,71,4,3,2,7th,True,unfurnished,central,E,2001.0,M5,190.0,3,4+4,"Apartment, with elevator, near metro M5."
ML-2025-00281,2025-01-03,Baggio,1650,147,6,5,2,2,True,partly furnished,AUTONOMOUS,C,2009.0,,60.0,3,4+4,"Large apartment, with elevator."
ML-2025-00097,2025-03-08,Bocconi,2150,74,3,2,1,first,True,partly furnished,central,C,1999.0,M3,,2,4+4,
ML-2025-02163,2025-01-11,Porta Garibaldi,2150,75,3,2,2,7,True,partly furnished,heat pump,C,2008.0,M5,100.0,2,4+4,"Two-bedroom, with elevator, near metro M5."
ML-2025-02109,2024-12-15,Isola,2050,83,5,4,1,8,True,furnished,CENTR.,A,2011.0,M5,180.0,1,temporary,"Apartment, recently built, with elevator, near metro M5."
ML-2025-00209,27 October 2024,Centro Storico,2900,98,4,3,1,3th,False,FURNISHED,central,,1952.0,M3,270.0,3,3+2,"Apartment, near metro M3."
ML-2025-02382,2024-12-29,Quarto Oggiaro,1250,100,4,3,1,6th,True,partly furnished,central,,1988.0,M3,90.0,3,4+4,
ML-2025-00056,2024-11-13,Corvetto,450,29,1,1,1,4th,True,furnished,autonomous,,1931.0,M3,70.0,2,4+4,"Studio, in historic building, with elevator, near metro M3."
ML-2025-00033,2024-10-08,Quadrilatero,2600,76,2,1,1,3,True,unfurnished,autonomous,,1985.0,M1,100.0,3,4+4,"One-bedroom, with elevator, near metro M1."
ML-2025-01763,05/03/2025,Porta Venezia,1300,51,2,2,1,2,False,furnished,autonomous,G,1922.0,M1,230.0,3,4+4,"One-bedroom, in historic building, near metro M1."
ML-2025-01689,2024-11-23,Sempione,1650,78,2,1,1,GF,True,unfurnished,central,B,2008.0,M5,170.0,3,4+4,"One-bedroom, with elevator, near metro M5."
ML-2025-01199,2025-02-22,De Angeli,900,52,2,2,1,1,False,unfurnished,central,F,1930.0,M1,130.0,2,4+4,"One-bedroom, in historic building, near metro M1."
ML-2025-02456,2024-10-11,Porta Romana,500,30,1,1,1,1,False,unfurnished,autonomous,,1921.0,M3,110.0,2,3+2,"Studio, in historic building, near metro M3."
ML-2025-00058,2024-11-05,Navigli,850,40,2,1,1,3th,True,unfurnished,autonomous,,1992.0,M2,50.0,3,4+4,
ML-2025-00955,2025-03-08,NoLo,950,62,3,2,1,1,False,furnished,heat pump,G,1954.0,M2,290.0,1,student,"Two-bedroom, near metro M2."
ML-2025-01687,2025-02-05,Corvetto,1250,91,4,4,1,1,False,Furnished,central,G,1912.0,M3,150.0,2,3+2,"Apartment, in historic building, near metro M3."
ML-2025-00073,09/01/2025,CENTRO STORICO,2950,101,4,3,2,2,False,furnished,autonomous,,1949.0,M1,190.0,3,4+4,"Large apartment, in historic building, near metro M1."
ML-2025-00981,27/03/2025,Porta Garibaldi,2250,86,3,2,2,6,True,furnished,central,D,1981.0,M5,250.0,1,student,"Two-bedroom, with elevator, near metro M5."
ML-2025-01095,04/10/2024,Navigli,1350,53,2,1,1,ground floor,True,furnished,autonomous,B,2015.0,M2,60.0,3,3+2,"One-bedroom, recently built, with elevator, near metro M2."
ML-2025-01521,20/10/2024,Quadrilatero,2350,57,3,2,1,5th,True,partly furnished,central,F,1968.0,M3,170.0,1,temporary,"Two-bedroom, with elevator, near metro M3."
ML-2025-00376,2025-03-09,Porta Garibaldi,1700,68,4,3,2,2th,True,unfurnished,central,,2001.0,M5,240.0,3,4+4,"Apartment, with elevator, near metro M5."
ML-2025-01940,2025-03-03,Porta Venezia,1400,63,4,3,2,ground floor,False,partly furnished,autonomous,,1977.0,M1,190.0,1,temporary,"Apartment, near metro M1."
ML-2025-00848,2025-01-09,Lorenteggio,750,53,3,2,1,1,False,furnished,autonomous,F,1972.0,,310.0,1,student,Two-bedroom.
ML-2025-02140,09/12/2024,Zone Quarto Oggiaro,450,48,1,1,1,2,True,partly furnished,central,,1976.0,M3,160.0,1,temporary,"Apartment, with elevator, near metro M3."
ML-2025-00676,2025-01-11,Lorenteggio,1450,97,3,3,2,5,True,furnished,autonomous,G,,,280.0,2,3+2,"Two-bedroom, in historic building, with elevator."
ML-2025-01302,2024-10-07,Corvetto,1600,106,4,3,2,5th,True,furnished,autonomous,G,1948.0,M3,270.0,2,3+2,"Large apartment, in historic building, with elevator, near metro M3."
ML-2025-02176,2025-01-02,Quarto Oggiaro,1000,76,4,4,1,6th,True,furnished,Central,E,2004.0,M3,240.0,1,temporary,"Apartment, with elevator, near metro M3."
ML-2025-02471,03/03/2025,Navigli,1750,73,4,4,1,4,True,furnished,autonomous,F,1982.0,M2,240.0,2,4+4,"Apartment, with elevator, near metro M2."
ML-2025-02308,15/02/2025,Bicocca,1800,96,5,4,2,3,True,unfurnished,central,C,2012.0,M5,100.0,2,4+4,
ML-2025-00008,2025-02-01,Quarto Oggiaro,1150,104,4,3,1,4th,True,partly furnished,autonomous,G,1958.0,M3,120.0,1,student,"Large apartment, with elevator, near metro M3."
ML-2025-02148,25/10/2024,Porta Garibaldi,2100,73,3,2,2,4,True,furnished,central,A3,2021.0,M2,220.0,3,3+2,"Two-bedroom, recently built, with elevator, near metro M2."
ML-2025-01704,2025-01-04,Città Studi,750,40,2,1,1,1st,False,partly furnished,autonomous,F,,M2,250.0,3,4+4,"One-bedroom, in historic building, near metro M2."
ML-2025-01275,10/03/2025,Città Studi,2100,99,5,4,1,ground,False,furnished,autonomous,,1962.0,M2,90.0,2,3+2,"Apartment, near metro M2."
ML-2025-01908,11/16/2024,Tortona,2150,99,4,3,2,8th,True,unfurnished,central,E,1999.0,M2,220.0,2,4+4,"Apartment, with elevator, near metro M2."
ML-2025-01883,08/03/2025,Bicocca,2100,126,5,4,2,2,True,unfurnished,central,F,1985.0,,240.0,2,4+4,"Large apartment, with elevator, near metro M5."
ML-2025-00498,03/03/2025,porta venezia,€ 2150,80 sqm,5,4,1,5th,True,furnished,central,F,1939.0,M1,,2,4+4,"Apartment, in historic building, with elevator, near metro M1."
ML-2025-01794,08/12/2024,Lambrate,450,30,2,1,1,G,True,unfurnished,central,D,1986.0,M2,130.0,3,3+2,"Studio, with elevator, near metro M2."
ML-2025-02020,2024-10-07,Lambrate,1700,128,5,4,2,2th,True,partly furnished,autonomous,,1978.0,M2,170.0,3,4+4,
ML-2025-00372,2024-10-10,Centro Storico,1700,57,4,3,1,2,True,furnished,autonomous,G,1964.0,M3,250.0,3,3+2,"Apartment, with elevator, near metro M3."
ML-2025-02130,2025-02-11,NoLo,2300,117,6,5,2,3th,True,furnished,autonomous,G,1944.0,M1,,3,4+4,"Large apartment, in historic building, with elevator, near metro M1."
ML-2025-00164,10/02/2025,Bocconi,2300,83,4,3,1,1,False,partly furnished,central,E,1973.0,M3,200.0,3,4+4,"Apartment, near metro M3."
ML-2025-00690,2024-10-18,Magenta,2600,122,5,4,2,1,False,furnished,autonomous,G,1951.0,M2,120.0,3,4+4,"Large apartment, near metro M2."
ML-2025-00461,2024-10-31,Porta Romana,1550,60,3,2,2,first,False,partly furnished,centr.,E,1932.0,M3,240.0,2,3+2,"Two-bedroom, in historic building, near metro M3."
ML-2025-02284,02/06/2025,Brera,950,35,2,1,1,3th,False,unfurnished,autonomous,G,1913.0,,190.0,1,temporary,"Studio, in historic building, near metro M2."
ML-2025-00046,13/01/2025,Lambrate,750,48,2,1,1,2,True,unfurnished,Central,E,1986.0,M2,170.0,3,3+2,"One-bedroom, with elevator, near metro M2."
ML-2025-00029,2025-02-11,Sempione,1900,91,4,3,2,4,True,furnished,heat pump,E,1988.0,M5,170.0,1,temporary,"Apartment, with elevator, near metro M5."
ML-2025-00258,2025-03-14,Lambrate,1150,60,3,2,2,G,True,furnished,autonomous,C,2014.0,M2,250.0,3,3+2,
ML-2025-01748,02/23/2025,Navigli,1450,67,2,2,1,2,False,partly furnished,central,F,1960.0,M2,170.0,3,4+4,"One-bedroom, near metro M2."
ML-2025-00163,18/03/2025,Bicocca,1200,67,3,2,1,5th,True,partly furnished,central,F,1989.0,M5,170.0,1,student,"Two-bedroom, with elevator, near metro M5."
ML-2025-01082,14 March 2025,Porta Venezia,1750,72,3,2,2,G,False,furnished,autonomous,,1937.0,M1,160.0,2,4+4,"Two-bedroom, in historic building, near metro M1."
ML-2025-00144,14/11/2024,Isola,2550,128,5,5,2,3,False,furnished,autonomous,G,1961.0,M5,300.0,3,3+2,
ML-2025-02157,2025-03-23,Porta Romana,1150,55,3,2,1,2,False,partly furnished,autonomous,,1925.0,M3,320.0,1,temporary,"Two-bedroom, in historic building, near metro M3."
ML-2025-02202,25/01/2025,Porta Venezia,550,31,2,1,1,2,True,UNFURNISHED,CENTR.,F,1959.0,M1,240.0,2,4+4,"Studio, with elevator, near metro M1."
ML-2025-00572,2024-11-25,Affori,750,46,2,1,1,4th,True,partly,central,A,2020.0,M3,120.0,1,temporary,"One-bedroom, recently built, with elevator, near metro M3."
ML-2025-00435,2024-11-02,Porta Venezia,1300,46,2,1,1,4th,True,furnished,central,F,1946.0,M1,120.0,1,student,"One-bedroom, in historic building, with elevator, near metro M1."
ML-2025-01527,2024-12-23,Isola,950,46,3,2,1,4,True,unfurnished,autonomous ,A3,2017.0,,140.0,3,3+2,"Two-bedroom, recently built, with elevator, near metro M5."
ML-2025-00414,11/11/2024,Sempione,2450,119,6,5,2,6,True,unfurnished,central,,2003.0,M5,100.0,3,4+4,"Large apartment, with elevator, near metro M5."
ML-2025-01158,2024-11-09,Baggio,1850,129,5,4,2,2th,False,furnished,central,D,1973.0,,240.0,1,temporary,Large apartment.
ML-2025-00825,16/11/2024,Bocconi,1200,49,2,2,1,1,False,furn.,central,G,,M3,90.0,2,4+4,"One-bedroom, in historic building, near metro M3."
ML-2025-01865,08/03/2025,Lorenteggio,450,41,2,1,1,G,False,partly furnished,heat pump,F,1938.0,,310.0,2,4+4,"One-bedroom, in historic building."
ML-2025-00958,2024-11-18,Brera,14902,111,5,4,2,1st,False,furnished,central,G,1916.0,M2,70.0,3,4+4,"Prestigious penthouse with panoramic view, luxury finishes."
ML-2025-01505,2025-02-12,Tortona,1250,56,3,2,1,2,True,partly furnished,centr.,C,2014.0,M2,150.0,3,4+4,"Two-bedroom, recently built, with elevator, near metro M2."
ML-2025-00668,01/11/2024,Magenta,1600,55,3,2,1,1st,True,partly furnished,central,D,2009.0,M1,180.0,2,3+2,"Two-bedroom, with elevator, near metro M1."
ML-2025-00299,2025-02-18,Bicocca,€ 1550,79 sqm,3,2,1,7th,True,furnished,autonomous,C,2013.0,M5,,1,student,"Two-bedroom, recently built, with elevator, near metro M5."
ML-2025-00147,2024-11-20,Sempione,1100,58,4,3,1,2th,True,partly furnished,Autonomous,,1929.0,M5,160.0,1,temporary,"Apartment, in historic building, with elevator, near metro M5."
ML-2025-01695,12/01/2025,Tortona,1350,66,2,1,2,first,False,partly furnished,autonomous,G,,M2,190.0,3,3+2,"One-bedroom, in historic building, near metro M2."
ML-2025-01630,09/11/2024,NoLo,1300,84,4,3,2,3,True,unfurnished,central,,1954.0,M2,280.0,1,temporary,"Apartment, with elevator, near metro M2."
ML-2025-02413,2025-02-09,Città Studi,2300,99,3,2,1,3,False,furnished,autonomous,,1935.0,M2,270.0,2,4+4,"Two-bedroom, in historic building, near metro M2."
ML-2025-02161,2024-11-13,Zone Bicocca,1900,97,4,4,1,4th,True,unfurnished,autonomous,A2,2020.0,,60.0,3,4+4,
ML-2025-01169,2025-03-25,CENTRO STORICO,2050,64,2,2,1,4th,True,furnished,central,,1968.0,M3,70.0,2,4+4,"One-bedroom, with elevator, near metro M3."
ML-2025-01618,2025-01-09,Lambrate,750,43,2,1,1,5,True,furnished,autonomous ,D,1994.0,M2,220.0,3,4+4,
ML-2025-00155,2025-02-27,Lorenteggio,800,60,3,2,1,5th,True,FURNISHED,central,G,,,250.0,3,4+4,"Two-bedroom, in historic building, with elevator."
ML-2025-02405,2025-01-30,Lambrate,€ 1000,54 sqm,1,1,1,first,True,partly furnished,central,A,2011.0,M2,,2,4+4,"Apartment, recently built, with elevator, near metro M2."
ML-2025-00843,2024-11-10,Zone Magenta,1600,64,3,2,1,4,True,partly furnished,heat pump,,1998.0,M2,130.0,1,temporary,"Two-bedroom, with elevator, near metro M2."
ML-2025-01418,2025-01-10,Porta Romana,1100,49,2,1,1,7,True,furnished,central,C,2012.0,M3,230.0,1,student,"One-bedroom, recently built, with elevator, near metro M3."
ML-2025-01266,2024-12-14,Porta Venezia,2400,109,4,3,2,2,False,partly furnished,heat pump,G,1937.0,M1,160.0,3,4+4,"Large apartment, in historic building, near metro M1."
ML-2025-01383,2024-11-24,Lorenteggio,550,45,2,2,1,4,True,unfurnished,central,F,1981.0,,120.0,2,4+4,"One-bedroom, with elevator."
ML-2025-00578,2025-02-12,Corvetto,1100,68,2,1,1,7th,True,furn.,autonomous,B,2014.0,M3,230.0,3,3+2,"One-bedroom, recently built, with elevator, near metro M3."
ML-2025-02212,2025-01-06,Greco,700,45,1,1,1,5th,True,furnished,autonomous,B,2012.0,M1,60.0,3,3+2,"Apartment, recently built, with elevator, near metro M1."
ML-2025-01944,2024-12-20,Lambrate,1150,58,3,2,1,3,True,furnished,autonomous,E,2004.0,M2,180.0,1,student,"Two-bedroom, with elevator, near metro M2."
ML-2025-01032,03/12/2024,Sempione,1050,61,3,2,1,2th,False,empty,central,F,1974.0,M5,70.0,2,3+2,"Two-bedroom, near metro M5."
ML-2025-02084,01/14/2025,Corvetto,650,56,3,2,1,6,True,unfurnished,AUTONOMOUS,D,1997.0,M3,230.0,1,student,"Two-bedroom, with elevator, near metro M3."
ML-2025-02016,16/12/2024,NoLo,1750,118,6,5,2,1st,False,empty,autonomous,,,M1,270.0,2,4+4,"Large apartment, in historic building, near metro M1."
ML-2025-01474,2025-01-08,NoLo,1650,95,4,4,2,5,True,unfurnished,central,B,2008.0,M1,70.0,3,3+2,"Apartment, with elevator, near metro M1."
ML-2025-00582,02/17/2025,Lorenteggio,850,58,4,3,1,3th,True,furnished,heat pump,E,2000.0,,,2,4+4,"Apartment, with elevator."
ML-2025-01465,2024-11-16,Lorenteggio,1050,73,3,2,1,1,True,unfurnished,Central,C,2004.0,,110.0,2,4+4,"Two-bedroom, with elevator."
ML-2025-00359,2024-10-21,Corvetto,1050,79,3,2,1,2th,False,furnished,heat pump,E,1971.0,M3,100.0,2,3+2,"Two-bedroom, near metro M3."
ML-2025-00393,2025-02-19,Tortona,1900,108,4,4,1,3,True,partly furnished,heat pump,,1906.0,M2,250.0,3,4+4,
ML-2025-01314,10/31/2024,Greco,1500,114,5,4,2,3,False,partly furnished,central,G,1907.0,M1,70.0,3,3+2,"Large apartment, in historic building, near metro M1."
ML-2025-00211,2024-11-03,Bocconi,€ 1600,58,3,2,1,8,True,unfurnished,AUTONOMOUS,A,2021.0,M3,,1,temporary,
ML-2025-01884,11/28/2024,Affori,1350,92,4,4,2,8,True,furnished,autonomous,D,2012.0,M3,170.0,3,4+4,"Apartment, recently built, with elevator, near metro M3."
ML-2025-01338,2025-01-02,Lambrate,2200,105,5,4,2,3,True,furnished, autonomous,D,2009.0,M2,150.0,1,student,
ML-2025-00456,2024-11-16,Città Studi,2200,76,4,4,2,1,True,furnished,central,A,2018.0,M2,110.0,3,4+4,"Apartment, recently built, with elevator, near metro M2."
ML-2025-00670,03/12/2024,Isola,1750,80,4,3,1,4th,True,furnished,autonomous,,1967.0,M5,170.0,3,4+4,"Apartment, with elevator, near metro M5."
ML-2025-00074,03/19/2025,Greco,3000,201,5,4,2,8,True,partly furnished,central,B,2022.0,M1,210.0,3,4+4,"Large apartment, recently built, with elevator, near metro M1."
ML-2025-00741,15/01/2025,Città Studi,3150,149,6,5,2,2,False,furnished,central,,1950.0,M2,290.0,2,4+4,"Large apartment, near metro M2."
ML-2025-00207,2025-01-20,Porta Venezia,1350,60,3,2,2,ground,True,partly furnished,central,C,2007.0,M1,150.0,3,4+4,"Two-bedroom, with elevator, near metro M1."
ML-2025-01029,29/10/2024,Porta Garibaldi,3400,122,6,5,2,8,True,furnished,heat pump,C,2005.0,M2,190.0,2,4+4,"Large apartment, with elevator, near metro M2."
ML-2025-02287,22/12/2024,Lorenteggio,950,81,4,3,2,1,False,empty,autonomous,G,1928.0,,210.0,1,temporary,"Apartment, in historic building."
ML-2025-01861,19/11/2024,Affori,950,65,4,4,2,6,True,unfurnished,central,A3,2020.0,M3,230.0,1,temporary,"Apartment, recently built, with elevator, near metro M3."
ML-2025-00433,16/02/2025,Bicocca,1000,64,3,2,1,1,True,unfurnished,centr.,E,2000.0,M5,90.0,3,3+2,"Two-bedroom, with elevator, near metro M5."
ML-2025-02372,2024-11-06,Quarto Oggiaro,700,72,3,2,2,2th,True,furnished,autonomous,G,1937.0,M3,160.0,3,4+4,"Two-bedroom, in historic building, with elevator, near metro M3."
ML-2025-00785,2024-12-23,Magenta,1750,73,4,3,1,2,False,partly furnished,central,,,M2,170.0,3,3+2,"Apartment, in historic building, near metro M2."
ML-2025-01995,2025-01-13,Affori,850,64,3,2,2,ground floor,True,UNFURNISHED,autonomous,B,2023.0,M3,210.0,1,temporary,"Two-bedroom, recently built, with elevator, near metro M3."
ML-2025-02236,2025-01-25,Sempione,950,35,2,1,1,1,True,partly furnished,autonomous,A,2022.0,M1,70.0,1,temporary,"Studio, recently built, with elevator, near metro M1."
ML-2025-01097,2024-11-16,Navigli,950,41,2,1,1,3th,True,unfurnished,autonomous,F,1976.0,M2,300.0,2,3+2,"One-bedroom, with elevator, near metro M2."
ML-2025-00437,2025-03-24,Porta Venezia,1650,72,2,1,1,2,True,partly furnished,heat pump,F,1989.0,M1,130.0,2,4+4,"One-bedroom, with elevator, near metro M1."
ML-2025-00452,22/11/2024,Bocconi,950,46,3,2,1,1,False,unfurnished,central,,,M3,140.0,1,temporary,"Two-bedroom, in historic building, near metro M3."
ML-2025-01974,2024-12-29,Città Studi,1500,77,3,2,2,2,False,unfurnished,autonomous,F,1925.0,M2,90.0,3,3+2,"Two-bedroom, in historic building, near metro M2."
ML-2025-02162,18/02/2025,Bicocca,1250,72,3,2,2,6,True,partly furnished,autonomous,,1980.0,M5,80.0,2,4+4,"Two-bedroom, with elevator, near metro M5."
ML-2025-01622,2025-02-14,Quadrilatero,1450,40,2,1,1,3th,False,furnished,autonomous,F,1967.0,M1,240.0,1,temporary,"One-bedroom, near metro M1."
ML-2025-01599,03/02/2025,Porta Venezia,1500,73,3,2,2,2,False,furnished,Autonomous,,1968.0,M1,,2,4+4,"Two-bedroom, near metro M1."
ML-2025-01950,2024-12-09,NoLo,1250,72,2,1,1,3,False,unfurnished,heatpump,,1971.0,M2,260.0,1,temporary,"One-bedroom, near metro M2."
ML-2025-01265,2024-12-26,Centro Storico,€ 1550,47 sqm,2,1,1,2,True,furnished,central,,1974.0,M1,,2,4+4,"One-bedroom, with elevator, near metro M1."
ML-2025-01836,2024-11-20,Bicocca,1300,72,2,1,2,2,True,furnished,central,C,1993.0,M5,50.0,2,4+4,
ML-2025-01669,08/01/2025,Porta Romana,1700,84,3,2,2,7,True,unfurnished,autonomous,E,1986.0,M3,140.0,3,4+4,"Two-bedroom, with elevator, near metro M3."
ML-2025-01362,23/01/2025,Navigli,1750,73,4,3,2,4th,True,furnished,autonomous,G,1941.0,M2,250.0,1,student,"Apartment, in historic building, with elevator, near metro M2."
ML-2025-01402,02/27/2025,Magenta,800,38,1,1,1,first,False,partly furnished,centr.,F,1927.0,M1,260.0,3,4+4,"Studio, in historic building, near metro M1."
ML-2025-01236,2025-02-03,Tortona,550,31,1,1,1,5,True,unfurnished,central,E,1920.0,M2,80.0,3,3+2,"Studio, in historic building, with elevator, near metro M2."
ML-2025-02483,08/01/2025,Corvetto,300,30,2,1,1,2,True,unfurnished,central,G,1918.0,M3,220.0,1,student,"Studio, in historic building, with elevator, near metro M3."
ML-2025-00639,2024-12-23,Isola,750,31,1,1,1,8,True,unfurnished,central,C,1994.0,M5,150.0,3,4+4,"Studio, with elevator, near metro M5."
ML-2025-01857,2025-01-06,Affori,850,56,2,1,1,1st,False,furnished,central,F,1975.0,M3,70.0,2,4+4,
ML-2025-00290,2024-12-04,Sempione,2850,122,6,5,2,3,True,furnished,autonomous,D,2011.0,M5,90.0,2,3+2,"Large apartment, recently built, with elevator, near metro M5."
ML-2025-01485,2025-01-05,Porta Garibaldi,1500,63,3,2,2,ground floor,True,partly furnished,centr.,D,2013.0,M5,60.0,1,temporary,"Two-bedroom, recently built, with elevator, near metro M5."
ML-2025-00833,18/01/2025,Porta Romana,1700,65,3,2,1,3,False,partly furnished,autonomous,E,1935.0,M3,140.0,3,3+2,"Two-bedroom, in historic building, near metro M3."
ML-2025-01585,04/03/2025,Lorenteggio,1050,87,4,3,1,3,False,partly furnished,autonomous ,F,1940.0,,290.0,2,4+4,"Apartment, in historic building."
ML-2025-01442,01/15/2025,Porta Venezia,1800,64,3,2,1,4,True,furnished,autonomous,,1963.0,M1,230.0,3,4+4,
ML-2025-00108,2025-01-28,Affori,1100,96,4,3,1,6th,True,partly furnished,autonomous,F,1985.0,,250.0,2,4+4,
ML-2025-00071,2024-12-30,Affori,1050,80,3,2,2,first,False,furnished,autonomous,G,1944.0,M3,270.0,3,4+4,"Two-bedroom, in historic building, near metro M3."
ML-2025-01667,2024-11-12,Navigli,800,35,1,1,1,4,True,furnished,central,,2003.0,M2,230.0,1,student,"Studio, with elevator, near metro M2."
ML-2025-02346,10/16/2024,Lambrate,1850,89,3,2,2,3,True,furnished,autonomous,A,2016.0,,230.0,3,3+2,"Two-bedroom, recently built, with elevator, near metro M2."
ML-2025-01127,2024-10-05,Porta Venezia,700,30,1,1,1,4,True,Furnished,autonomous,G,1939.0,M1,290.0,3,4+4,"Studio, in historic building, with elevator, near metro M1."
ML-2025-00939,2025-02-03,Porta Romana,1450,65,3,2,1,3,False,unfurn.,autonomous,,,M3,210.0,2,4+4,"Two-bedroom, in historic building, near metro M3."
ML-2025-00236,2025-03-24,De Angeli,1250,67,4,3,1,2th,False,partly furnished,central,G,1968.0,M1,120.0,2,4+4,"Apartment, near metro M1."
ML-2025-01793,2025-01-15,Città Studi,1100,50,2,2,1,2th,True,unfurnished,autonomous,,1980.0,M2,70.0,3,4+4,"One-bedroom, with elevator, near metro M2."
ML-2025-00268,22/10/2024,Lambrate,1300,99,5,4,1,7,True,unfurnished,heatpump,D,2005.0,M2,130.0,2,4+4,"Apartment, with elevator, near metro M2."
ML-2025-00710,01/02/2025,Lambrate,1700,84,4,3,2,5,True,furnished,Central,C,2012.0,M2,150.0,1,temporary,
ML-2025-00135,2024-10-14,Corvetto,€ 1200,87 sqm,4,3,1,3,False,furnished,autonomous,G,1914.0,M3,,2,4+4,"Apartment, in historic building, near metro M3."
ML-2025-00564,03/11/2024,Centro Storico,2500,80,3,2,2,1,False,furnished,autonomous,F,1968.0,M1,140.0,1,temporary,"Two-bedroom, near metro M1."
ML-2025-00782,07/03/2025,Bocconi,1800,83,4,3,2,5th,True,unfurnished,autonomous,F,1981.0,M3,180.0,2,3+2,"Apartment, with elevator, near metro M3."
ML-2025-01155,2025-02-22,Bicocca,1100,61,2,1,1,4,True,furnished,autonomous,,1970.0,M5,310.0,3,4+4,"One-bedroom, with elevator, near metro M5."
ML-2025-02442,2025-03-08,Bocconi,1750,76,3,2,1,3,True,unfurnished,autonomous,C,2002.0,M3,100.0,3,4+4,"Two-bedroom, with elevator, near metro M3."
ML-2025-01070,07/12/2024,Isola,1100,51,1,1,1,3,False,partly furnished,autonomous,G,1941.0,M5,210.0,3,3+2,"Apartment, in historic building, near metro M5."
ML-2025-02115,01/06/2025,Bicocca,€ 1100,57,2,1,1,6,True,furnished,autonomous,D,1989.0,M5,,3,4+4,"One-bedroom, with elevator, near metro M5."
ML-2025-01000,10 December 2024,NoLo,1100,52,2,1,1,4,True,furnished,AUTONOMOUS,,1992.0,M2,130.0,1,temporary,"One-bedroom, with elevator, near metro M2."
ML-2025-00316,2025-03-31,Lambrate,700,42,3,2,1,2th,True,partly furnished, autonomous,C,1991.0,M2,160.0,1,student,"Two-bedroom, with elevator, near metro M2."
ML-2025-00288,10/31/2024,Bocconi,2300,96,4,4,1,3,True,unfurnished,autonomous,,2004.0,M3,220.0,3,4+4,
ML-2025-00399,2025-03-27,Affori,600,44,2,1,1,3,True,partly furnished,autonomous,E,1961.0,M3,200.0,2,3+2,"One-bedroom, with elevator, near metro M3."
ML-2025-00795,01/03/2025,Centro Storico,2350,72,3,2,1,G,False,partly furnished,autonomous,E,1951.0,M3,90.0,3,4+4,"Two-bedroom, near metro M3."
ML-2025-00809,11/03/2025,NoLo,1050,61,3,2,1,first,False,partly furn.,autonomous,,1949.0,,290.0,2,4+4,"Two-bedroom, in historic building, near metro M2."
ML-2025-00642,2024-12-05,Porta Garibaldi,950,41,2,1,1,4,True,partly furnished,autonomous,E,1997.0,M5,90.0,2,4+4,"One-bedroom, with elevator, near metro M5."
ML-2025-00830,30/10/2024,NoLo,700,53,2,1,1,1,False,unfurnished,autonomous,G,1944.0,M1,220.0,3,3+2,
ML-2025-01646,2024-11-03,Affori,1100,102,4,3,2,1,False,furnished,central,G,,M3,290.0,2,4+4,"Large apartment, in historic building, near metro M3."
ML-2025-01726,2025-02-20,Quadrilatero,2450,74,2,1,2,3,False,furnished,autonomous,,1940.0,,260.0,1,student,"One-bedroom, in historic building, near metro M3."
ML-2025-02297,2024-12-11,Navigli,1500,64,3,2,2,7th,True,furnished,autonomous,C,2006.0,M2,180.0,2,4+4,"Two-bedroom, with elevator, near metro M2."
ML-2025-00523,2025-03-31,Lorenteggio,700,53,2,1,1,3th,True,unfurnished,autonomous,C,2005.0,,150.0,1,student,"One-bedroom, with elevator."
ML-2025-01869,2024-12-15,Porta Romana,1450,61,2,2,2,2th,True,partly furnished,heat pump,,1950.0,M3,200.0,3,3+2,"One-bedroom, with elevator, near metro M3."
ML-2025-01096,2024-10-04,Magenta,1950,72,4,3,1,4,True,partly furnished,autonomous,E,1928.0,M1,140.0,1,student,"Apartment, in historic building, with elevator, near metro M1."
ML-2025-00568,2025-03-08,NoLo,600,42,2,1,1,4,True,unfurnished,heat pump,G,,M1,110.0,3,3+2,"One-bedroom, in historic building, with elevator, near metro M1."
ML-2025-01742,2024-12-28,De Angeli,900,47,1,1,1,4th,True,furnished,central,,1944.0,M1,250.0,2,3+2,"Apartment, in historic building, with elevator, near metro M1."
ML-2025-02218,2024-12-27,Isola,€ 1350,58,3,3,1,1,False,furnished,central,F,1952.0,M5,,2,3+2,"Two-bedroom, near metro M5."
ML-2025-01394,2024-11-24,Città Studi,1500,62,3,2,2,2,True,furnished,autonomous,G,,M2,240.0,3,4+4,"Two-bedroom, in historic building, with elevator, near metro M2."
ML-2025-00052,2024-11-14,Affori,550,45,2,1,1,2th,False,furnished,central,G,,M3,230.0,3,4+4,"One-bedroom, in historic building, near metro M3."
ML-2025-01548,2025-02-17,Bocconi,1350,53,1,1,1,6,True,furnished,autonomous,D,2009.0,M3,80.0,2,4+4,"Apartment, with elevator, near metro M3."
ML-2025-00070,07/12/2024,Lorenteggio,550,45,2,1,1,3,False,partly furnished,autonomous,,1951.0,,130.0,2,4+4,One-bedroom.
ML-2025-01894,21/11/2024,Navigli,1600,62,3,2,1,1,False,furnished,autonomous,,1973.0,M2,120.0,3,3+2,"Two-bedroom, near metro M2."
ML-2025-00918,02/02/2025,Corvetto,650,61,2,1,2,2,False,furnished,autonomous,G,1962.0,M3,70.0,2,4+4,"One-bedroom, near metro M3."
ML-2025-01009,16/01/2025,Navigli,650,31,1,1,1,6,True,unfurnished,AUTONOMOUS,E,1996.0,M2,190.0,3,4+4,"Studio, with elevator, near metro M2."
ML-2025-02461,2025-03-23,Lorenteggio,1250,110,5,4,2,4,True,unfurn.,central,G,1950.0,,270.0,3,4+4,"Large apartment, with elevator."
ML-2025-02340,19/03/2025,NoLo,€ 750,38,2,1,1,5,True,furnished,Autonomous,E,1903.0,M1,,3,4+4,
ML-2025-01746,01/19/2025,Città Studi,2750,114,5,4,2,2,True,furnished,autonomous,B,2005.0,M2,110.0,2,3+2,"Large apartment, with elevator, near metro M2."
ML-2025-01450,2024-10-25,Lambrate,€ 750,56 sqm,3,2,1,1st,False,unfurnished,autonomous,,1948.0,M2,,2,4+4,"Two-bedroom, in historic building, near metro M2."
ML-2025-00623,25/12/2024,Tortona,2800,103,4,4,2,8,True,furnished,autonomous,D,1999.0,M2,140.0,2,4+4,
ML-2025-00931,1 November 2024,Porta Romana,2050,90,4,3,2,3,True,partly furnished,autonomous,G,1934.0,M3,240.0,3,4+4,"Apartment, in historic building, with elevator, near metro M3."
ML-2025-01110,2025-01-11,Porta Romana,3000,131,5,4,2,3,True,partly furnished,autonomous,G,1961.0,M3,150.0,1,student,"Large apartment, with elevator, near metro M3."
ML-2025-02095,2025-02-16,Isola,2600,119,5,4,2,7,True,furnished,central,E,1990.0,M5,240.0,2,3+2,"Large apartment, with elevator, near metro M5."
ML-2025-00113,2025-03-10,Corvetto,850,52,2,1,1,7th,True,partly furnished,autonomous,E,1999.0,M3,240.0,1,temporary,"One-bedroom, with elevator, near metro M3."
ML-2025-01818,2024-10-30,Affori,900,64,3,2,1,3th,True,unfurnished,autonomous,,1983.0,M3,60.0,3,4+4,"Two-bedroom, with elevator, near metro M3."
ML-2025-00107,2024-12-26,NoLo,2000,117,5,4,2,6,True,unfurnished,autonomous,F,1984.0,M1,180.0,1,temporary,"Large apartment, with elevator, near metro M1."
ML-2025-00980,2024-12-18,Sempione,1250,55,3,3,1,5,True,furnished,autonomous,,1930.0,M5,,2,4+4,"Two-bedroom, in historic building, with elevator, near metro M5."
ML-2025-02299,04/10/2024,Porta Venezia,2050,99,4,3,1,ground floor,False,unfurnished,central,G,1920.0,M1,110.0,2,4+4,"Apartment, in historic building, near metro M1."
ML-2025-00428,2024-11-07,Baggio,1300,100,4,3,2,3,True,partly furnished,autonomous,,2000.0,,230.0,2,3+2,"Apartment, with elevator."
ML-2025-01067,2025-03-06,Navigli,1300,54,2,1,1,first,False,furnished,central,G,1922.0,M2,110.0,3,3+2,"One-bedroom, in historic building, near metro M2."
ML-2025-00217,1 January 2025,Porta Garibaldi,4550,149,4,3,2,1,True,furnished,autonomous,E,1992.0,M2,50.0,3,4+4,"Large apartment, with elevator, near metro M2."
ML-2025-02128,2024-12-04,Magenta,1450,57,3,2,1,4,True,unfurnished,central,D,1984.0,M1,240.0,2,3+2,"Two-bedroom, with elevator, near metro M1."
ML-2025-01723,2024-12-13,Isola,1750,84,4,3,2,4th,True,partly furnished,heat pump,,1941.0,M5,270.0,3,4+4,"Apartment, in historic building, with elevator, near metro M5."
ML-2025-00182,2025-01-29,Porta Venezia,1250,73,3,2,2,2th,False,unfurnished,autonomous,G,1965.0,M1,180.0,3,4+4,"Two-bedroom, near metro M1."
ML-2025-02351,2025-01-29,Zone Bicocca,1500,81,4,3,1,1,True,PARTLY,central,C,2007.0,M5,100.0,2,4+4,"Apartment, with elevator, near metro M5."
ML-2025-00630,2024-11-21,Navigli,1400,55,3,2,1,8,True,furnished,autonomous,B,2006.0,M2,100.0,3,4+4,"Two-bedroom, with elevator, near metro M2."
ML-2025-01721,2025-01-04,Porta Romana,1650,71,3,2,2,5,True,furnished,heat pump,G,1948.0,M3,160.0,3,4+4,"Two-bedroom, in historic building, with elevator, near metro M3."
ML-2025-01254,2025-02-28,Porta Romana,3550,136,5,4,2,6,True,partly furnished,central,A,2023.0,M3,110.0,2,4+4,"Large apartment, recently built, with elevator, near metro M3."
ML-2025-00841,2024-12-27,Centro Storico,2200,76,3,2,2,G,False,partly furnished,auto.,,1969.0,M1,180.0,2,4+4,
ML-2025-00562,2025-02-07,Navigli,900,58,4,4,1,3,False,unfurnished,autonomous,,1938.0,M2,150.0,3,4+4,"Apartment, in historic building, near metro M2."
ML-2025-00403,2024-12-15,Città Studi,€ 950,51 sqm,2,1,1,first,False,furnished,autonomous,,1926.0,,,3,4+4,"One-bedroom, in historic building, near metro M2."
ML-2025-01567,2025-01-02,LAMBRATE,550,32,1,1,1,1st,True,unfurnished,autonomous,A1,2015.0,M2,120.0,3,4+4,"Studio, recently built, with elevator, near metro M2."
ML-2025-01277,2025-03-18,Navigli,1150,71,2,1,2,1,False,unfurnished,central,G,1965.0,M2,190.0,3,4+4,"One-bedroom, near metro M2."
ML-2025-02213,2025-01-25,Centro Storico,2450,62,3,3,2,8th,True,furnished,autonomous,C,1993.0,M3,180.0,2,3+2,"Two-bedroom, with elevator, near metro M3."
ML-2025-01626,2024-10-12,lambrate,750,46,2,1,1,4,True,furnished,autonomous,E,1998.0,M2,70.0,1,student,"One-bedroom, with elevator, near metro M2."
ML-2025-02210,2024-10-19,Corvetto,750,62,3,2,2,5,True,partly furnished,heat pump,F,1968.0,,240.0,2,4+4,"Two-bedroom, with elevator, near metro M3."
ML-2025-00188,2025-03-28,Bocconi,850,34,1,1,1,5,True,furnished,autonomous,G,1925.0,M3,210.0,2,4+4,"Studio, in historic building, with elevator, near metro M3."
ML-2025-00115,2024-12-25,Bicocca,1700,85,4,3,1,ground floor,True,furnished,autonomous,D,1998.0,M5,60.0,3,4+4,
ML-2025-00694,2025-02-15,Navigli,2350,93,5,4,2,3,True,furnished,autonomous,G,1907.0,M2,80.0,3,4+4,"Apartment, in historic building, with elevator, near metro M2."
ML-2025-00847,07/11/2024,Porta Venezia,2350,96,4,3,2,2,True,furnished,autonomous,D,1989.0,M1,120.0,1,temporary,"Apartment, with elevator, near metro M1."
ML-2025-01871,2025-03-22,Greco,1800,100,4,3,1,2,True,furnished,autonomous,E,2000.0,M1,90.0,3,4+4,"Apartment, with elevator, near metro M1."
ML-2025-01226,2025-01-28,Bicocca,1750,95,4,4,1,first,True,unfurnished,heat pump,C,2010.0,M5,120.0,1,temporary,"Apartment, with elevator, near metro M5."
ML-2025-00315,2024-11-27,quarto oggiaro,900,87,4,3,2,1,False,partly furnished,central,,1918.0,M3,320.0,3,4+4,"Apartment, in historic building, near metro M3."
ML-2025-00649,2024-12-21,Affori,1150,86,4,3,1,2th,False,furnished,AUTONOMOUS,,1933.0,M3,180.0,1,temporary,"Apartment, in historic building, near metro M3."
ML-2025-01289,26/02/2025,Centro Storico,€ 2350,84 sqm,4,3,1,2,False,furnished,autonomous,,1939.0,M3,,1,student,"Apartment, in historic building, near metro M3."
ML-2025-00068,10/28/2024,Greco,900,54,2,1,1,7,True,furnished,autonomous,C,1990.0,M1,210.0,1,student,"One-bedroom, with elevator, near metro M1."
ML-2025-01321,2025-01-05,Navigli,600,28,1,1,1,4,True,unfurnished,autonomous,G,1933.0,M2,190.0,3,4+4,"Studio, in historic building, with elevator, near metro M2."
ML-2025-01240,17/10/2024,Magenta,1950,79,3,2,1,4,True,unfurnished, autonomous,A1,2016.0,M2,80.0,3,4+4,"Two-bedroom, recently built, with elevator, near metro M2."
ML-2025-00581,2025-01-19,Città Studi,1200,61,3,2,1,first,True,unfurnished,heat pump,C,2014.0,M2,190.0,3,4+4,"Two-bedroom, recently built, with elevator, near metro M2."
ML-2025-01760,12/02/2025,Bocconi,3750,131,5,4,2,8,True,partly furnished,central,E,1998.0,,60.0,1,temporary,"Large apartment, with elevator, near metro M3."
ML-2025-00191,04/12/2024,Porta Venezia,1750,67,3,2,1,4,True,Partly furnished,central,F,1988.0,M1,50.0,1,temporary,"Two-bedroom, with elevator, near metro M1."
ML-2025-01801,2025-03-30,Lorenteggio,650,48,1,1,1,5,True,furnished,autonomous,,2000.0,,80.0,2,4+4,"Apartment, with elevator."
ML-2025-01340,30/11/2024,Centro Storico,1200,45,2,1,1,1,False,partly furnished,autonomous,F,,M1,280.0,3,4+4,"One-bedroom, in historic building, near metro M1."
ML-2025-01611,27/11/2024,Baggio,950,75,3,2,1,2,True,Furnished,autonomous,G,1948.0,,210.0,2,4+4,"Two-bedroom, in historic building, with elevator."
ML-2025-00609,29/03/2025,Città Studi,1550,67,4,3,1,4th,True,furnished,central,G,1963.0,M2,100.0,1,temporary,"Apartment, with elevator, near metro M2."
ML-2025-02473,15/10/2024,Corvetto,650,53,2,1,1,6,True,unfurnished,HP,A,2017.0,M3,160.0,1,student,"One-bedroom, recently built, with elevator, near metro M3."
ML-2025-02305,2024-11-13,Corvetto,1300,74,3,3,1,5,True,furnished,heat pump,E,1982.0,M3,200.0,3,4+4,
ML-2025-00121,2025-02-08,Greco,550,37,2,1,1,5,True,furnished,central,,1998.0,M1,70.0,3,3+2,"Studio, with elevator, near metro M1."
ML-2025-01602,2025-03-31,Porta Garibaldi,2800,107,3,2,2,1st,True,furnished,central,E,1988.0,M5,70.0,2,4+4,"Large apartment, with elevator, near metro M5."
ML-2025-01931,2025-02-25,Sempione,950,48,2,1,1,4,True,partly furnished,autonomous,F,1939.0,M5,70.0,1,temporary,"One-bedroom, in historic building, with elevator, near metro M5."
ML-2025-01993,2024-11-09,Sempione,€ 1150,52 sqm,3,2,1,4th,True,FURNISHED,centr.,F,1947.0,M5,,3,3+2,"Two-bedroom, in historic building, with elevator, near metro M5."
ML-2025-00985,2025-02-20,de angeli,1750,68,3,2,1,3,True,furnished,Heat pump,D,1994.0,M1,200.0,3,4+4,"Two-bedroom, with elevator, near metro M1."
ML-2025-02441,2024-11-13,Bocconi,1350,46,2,1,1,8th,True,furnished,autonomous,D,1998.0,M3,140.0,1,temporary,"One-bedroom, with elevator, near metro M3."
ML-2025-00450,2024-12-04,PORTA VENEZIA,2600,123,5,4,2,3th,True,unfurnished,heat pump,F,,,80.0,1,student,"Large apartment, in historic building, with elevator, near metro M1."
ML-2025-01592,2024-11-17,Lorenteggio,2450,182,6,5,2,6th,True,empty,autonomous,A,2013.0,,240.0,1,student,"Large apartment, recently built, with elevator."
ML-2025-02508,2025-02-27,Lorenteggio,800,60,3,2,1,5th,True,FURNISHED,central,G,,,250.0,3,4+4,
ML-2025-00921,2024-12-21,Quarto Oggiaro,500,52,2,1,1,3th,False,furnished,central,,1913.0,M3,300.0,3,3+2,"One-bedroom, in historic building, near metro M3."
ML-2025-01422,2024-12-17,CITTÀ STUDI,2050,100,4,3,1,3,True,furnished,autonomous,F,1989.0,M2,240.0,1,student,"Apartment, with elevator, near metro M2."
ML-2025-01481,12/03/2025,Greco,900,70,3,2,2,3,True,furnished,autonomous,F,1989.0,M1,120.0,3,3+2,"Two-bedroom, with elevator, near metro M1."
ML-2025-02244,2025-03-16,Lorenteggio,700,51,2,1,1,first,False,furnished,autonomous,F,1935.0,,180.0,3,4+4,"One-bedroom, in historic building."
ML-2025-02265,2025-03-27,Sempione,3150,140,5,4,2,3,True,unfurnished,autonomous,E,1985.0,M5,70.0,2,4+4,"Large apartment, with elevator, near metro M5."
ML-2025-01659,2024-12-16,Tortona,750,38,2,1,1,2,False,partly furnished,heat pump,G,1925.0,M2,70.0,2,4+4,"Studio, in historic building, near metro M2."
ML-2025-00365,2024-12-07,Corvetto,500,43,2,1,1,4,True,unfurnished,autonomous,G,1910.0,M3,140.0,3,4+4,"One-bedroom, in historic building, with elevator, near metro M3."
ML-2025-01430,2024-10-04,Quarto Oggiaro,500,48,3,2,1,3th,False,Furnished,autonomous,F,1939.0,M3,290.0,3,4+4,"Two-bedroom, in historic building, near metro M3."
ML-2025-00624,2025-03-17,Città Studi,1250,51,2,1,1,17,True,furnished,autonomous,E,1994.0,M2,50.0,2,3+2,"One-bedroom, with elevator, near metro M2."
ML-2025-01579,2025-01-08,Sempione,1750,76,4,3,1,2,True,furnished,central,,1977.0,M5,250.0,1,temporary,"Apartment, with elevator, near metro M5."
ML-2025-02180,2025-01-04,Città Studi,2200,128,5,4,2,2,False,unfurnished,autonomous,,1917.0,M2,290.0,2,4+4,"Large apartment, in historic building, near metro M2."
ML-2025-01414,2024-12-29,Quadrilatero,1550,44,2,1,1,1,False,partly furnished, autonomous,F,1970.0,M1,220.0,2,4+4,"One-bedroom, near metro M1."
ML-2025-02320,27/03/2025,NoLo,700,36,2,1,1,3,True,furnished,autonomous,C,1991.0,M2,120.0,2,4+4,"Studio, with elevator, near metro M2."
ML-2025-01129,21/01/2025,Tortona,950,32,1,1,1,7th,True,furnished,autonomous,A4,2019.0,M2,180.0,3,4+4,"Studio, recently built, with elevator, near metro M2."
ML-2025-01975,2025-03-15,Isola,2500,109,3,2,1,2th,True,furn.,heat pump,D,2005.0,M5,90.0,1,temporary,"Large apartment, with elevator, near metro M5."
ML-2025-02083,2024-10-28,Città Studi,1750,96,5,4,2,1st,True,partly,central,F,1980.0,M2,60.0,1,temporary,"Apartment, with elevator, near metro M2."
ML-2025-02439,14/12/2024,Bocconi,1900,81,4,3,2,3,True,unfurnished,central,F,1913.0,M3,210.0,3,3+2,"Apartment, in historic building, with elevator, near metro M3."
ML-2025-01059,12 December 2024,Città Studi,2200,107,4,3,2,2th,False,furnished,heat pump,G,1940.0,M2,,3,4+4,"Large apartment, in historic building, near metro M2."
ML-2025-02448,2024-12-23,Navigli,2000,94,4,3,2,5th,True,partly furnished,heat pump,,1975.0,M2,200.0,1,student,"Apartment, with elevator, near metro M2."
ML-2025-00739,2025-03-14,NoLo,1250,77,3,2,2,5,True,unfurnished,autonomous,,1952.0,M2,70.0,3,3+2,"Two-bedroom, with elevator, near metro M2."
ML-2025-01586,07/01/2025,Porta Romana,3150,119,4,3,2,5th,True,furnished,autonomous,F,1979.0,M3,70.0,2,4+4,"Large apartment, with elevator, near metro M3."
ML-2025-02191,2024-12-30,Navigli,1600,69,3,2,1,2,False,furnished,autonomous,,1972.0,M2,270.0,3,4+4,
ML-2025-00369,2025-01-31,Navigli,1550,59,3,2,1,5,True,partly furnished,central,C,2009.0,M2,160.0,2,3+2,"Two-bedroom, with elevator, near metro M2."
ML-2025-02100,29/01/2025,Tortona,1600,74,3,2,1,5,True,furnished,central,E,1905.0,M2,150.0,1,temporary,
ML-2025-01035,2024-11-29,Porta Venezia,€ 1600,73 sqm,3,2,2,3,False,partly furnished,autonomous,,1904.0,M1,,1,temporary,
ML-2025-02374,2024-12-18,NoLo,1000,51,1,1,1,3th,False,furnished,central,F,1935.0,,140.0,1,student,"Apartment, in historic building, near metro M2."
ML-2025-02438,2025-02-15,Porta Garibaldi,2400,97,3,2,2,2,True,unfurnished,heat pump,A1,2016.0,M5,120.0,2,4+4,"Two-bedroom, recently built, with elevator, near metro M5."
ML-2025-00014,15/10/2024,Navigli,1400,57,2,2,1,1,False,furnished,central,F,1975.0,M2,200.0,3,4+4,
ML-2025-02027,16/03/2025,De Angeli,2400,143,5,4,2,3,False,unfurnished,autonomous ,E,1977.0,M1,280.0,1,student,"Large apartment, near metro M1."
ML-2025-00216,17/03/2025,Navigli,1450,71,4,4,1,1st,False,furnished,autonomous,G,1928.0,,260.0,2,3+2,"Apartment, in historic building, near metro M2."
ML-2025-02144,2024-11-17,Isola,1900,73,2,2,1,7th,True,furnished,central,B,2018.0,M5,130.0,1,student,"One-bedroom, recently built, with elevator, near metro M5."
ML-2025-00929,2024-12-12,Bicocca,1200,70,4,3,2,0,True,furnished,central,E,1981.0,M5,190.0,3,3+2,"Apartment, with elevator, near metro M5."
ML-2025-01977,2024-11-26,Navigli,1800,57,2,1,1,7,True,furnished,autonomous,A,2013.0,M2,240.0,1,student,
ML-2025-02160,2024-10-20,De Angeli,1500,63,4,3,1,3,True,unfurn.,central,A,2005.0,M1,160.0,1,temporary,"Apartment, with elevator, near metro M1."
ML-2025-00041,24/02/2025,Porta Romana,1200,48,1,1,1,4,True,furnished,central,G,1947.0,M3,240.0,3,4+4,"Apartment, in historic building, with elevator, near metro M3."
ML-2025-00318,2024-12-03,Magenta,1600,80,5,4,2,3th,False,partly furnished,autonomous,G,1945.0,M2,150.0,3,4+4,"Apartment, in historic building, near metro M2."
ML-2025-01670,04/03/2025,Greco,650,51,2,1,1,6th,True,unfurnished,autonomous,C,2014.0,M1,80.0,1,temporary,"One-bedroom, recently built, with elevator, near metro M1."
ML-2025-01973,2025-03-18,isola,1900,68,3,2,1,3,True,furnished,central,A2,2015.0,M5,120.0,2,3+2,"Two-bedroom, recently built, with elevator, near metro M5."
ML-2025-01353,05/10/2024,NoLo,1000,57,2,1,1,2,False,unfurnished,autonomous,F,1978.0,M2,100.0,3,3+2,"One-bedroom, near metro M2."
ML-2025-00490,11/12/2024,Zone Baggio,500,47,3,2,1,2th,True,partly furnished,central,G,1957.0,,270.0,3,4+4,"Two-bedroom, with elevator."
ML-2025-00129,2024-12-02,Centro Storico,2000,75,3,2,2,3th,False,unfurnished,autonomous,,1935.0,M1,100.0,2,3+2,"Two-bedroom, in historic building, near metro M1."
ML-2025-01072,16 December 2024,Navigli,750,45,2,1,1,1,False,unfurnished,autonomous,F,1928.0,M2,180.0,3,4+4,"One-bedroom, in historic building, near metro M2."
ML-2025-01440,11/10/2024,Lambrate,1650,83,5,4,2,5,True,furnished,autonomous,C,2012.0,M2,50.0,3,4+4,"Apartment, recently built, with elevator, near metro M2."
ML-2025-02304,26/02/2025,Isola,1550,81,3,2,2,7,True,partly furnished,autonomous,F,1982.0,M5,220.0,3,4+4,"Two-bedroom, with elevator, near metro M5."
ML-2025-01467,2025-03-03,Lorenteggio,750,79,4,3,1,2,False,unfurnished,autonomous,G,,,140.0,2,4+4,"Apartment, in historic building."
ML-2025-01051,2025-02-25,Quarto Oggiaro,350,39,2,1,1,3,False,Partly furnished, autonomous,F,1970.0,M3,250.0,1,temporary,"Studio, near metro M3."
ML-2025-01990,2024-12-19,DE ANGELI,850,47,3,3,1,5,True,partly furnished,autonomous,,,M1,170.0,3,4+4,"Two-bedroom, in historic building, with elevator, near metro M1."
ML-2025-00366,18/10/2024,Tortona,1300,57,3,2,1,2th,True,furnished,autonomous,G,1963.0,M2,70.0,1,temporary,"Two-bedroom, with elevator, near metro M2."
ML-2025-01831,16/02/2025,Lorenteggio,1050,73,3,2,2,7th,True,partly furnished,autonomous,F,1983.0,,230.0,3,4+4,"Two-bedroom, with elevator."
ML-2025-01285,2024-10-07,Porta Garibaldi,2150,79,4,3,2,0,True,unfurnished,autonomous ,A3,2021.0,M2,190.0,2,4+4,"Apartment, recently built, with elevator, near metro M2."
ML-2025-00543,04/01/2025,Navigli,750,43,2,1,1,1,False,unfurnished,autonomous,,1963.0,M2,320.0,1,temporary,"One-bedroom, near metro M2."
ML-2025-00340,18/02/2025,Porta Venezia,900,44,1,1,1,2,False,unfurnished,autonomous,,1947.0,M1,240.0,2,4+4,"Apartment, in historic building, near metro M1."
ML-2025-01410,2025-02-11,Quarto Oggiaro,450,41,1,1,1,3,True,unfurnished,heat pump,E,1931.0,M3,120.0,1,temporary,"Apartment, in historic building, with elevator, near metro M3."
ML-2025-00390,15/03/2025,Greco,1100,85,4,3,1,ground,False,unfurnished,autonomous,G,1947.0,M1,200.0,1,temporary,"Apartment, in historic building, near metro M1."
ML-2025-02165,04/11/2024,Città Studi,750,46,2,2,1,5,True,unfurnished,autonomous,F,1929.0,M2,310.0,2,4+4,"One-bedroom, in historic building, with elevator, near metro M2."
ML-2025-02443,03/08/2025,Zone Affori,900,63,3,2,1,3,True,unfurnished,autonomous,B,2007.0,M3,150.0,2,3+2,"Two-bedroom, with elevator, near metro M3."
ML-2025-00964,2025-03-04,Tortona,1250,73,3,2,2,2th,False,unfurnished,autonomous,,1975.0,M2,90.0,2,4+4,"Two-bedroom, near metro M2."
ML-2025-00103,04/12/2024,Isola,1850,74,3,3,2,2th,True,furnished,autonomous,G,1924.0,,230.0,1,temporary,"Two-bedroom, in historic building, with elevator, near metro M5."
ML-2025-01395,2025-01-19,Porta Garibaldi,1850,68,3,2,1,7th,True,unfurnished,central,C,2007.0,M2,60.0,3,3+2,"Two-bedroom, with elevator, near metro M2."
ML-2025-02117,2025-01-16,NoLo,1000,57,4,3,1,1,False,furnished,central,G,1917.0,M1,80.0,2,4+4,"Apartment, in historic building, near metro M1."
ML-2025-02283,2024-11-19,Città Studi,1550,67,2,1,2,3,False,FURNISHED,heat pump,E,1900.0,M2,320.0,3,4+4,"One-bedroom, in historic building, near metro M2."
ML-2025-02353,10/13/2024,Sempione,900,56,3,2,1,3,True,unfurnished,autonomous,G,1949.0,M5,100.0,1,temporary,"Two-bedroom, in historic building, with elevator, near metro M5."
ML-2025-00441,2024-12-04,Porta Venezia,1400,53,2,1,1,4,True,furnished,autonomous,,1961.0,M1,320.0,3,4+4,"One-bedroom, with elevator, near metro M1."
ML-2025-01448,2024-12-29,Quarto Oggiaro,€ 1600,151 sqm,6,5,2,6,True,furnished,central,D,1998.0,M3,,3,3+2,"Large apartment, with elevator, near metro M3."
ML-2025-00627,2025-03-24,Città Studi,1200,48,3,2,1,3th,True,furnished,central,A3,2015.0,M2,130.0,2,4+4,"Two-bedroom, recently built, with elevator, near metro M2."
ML-2025-00746,2025-03-08,Baggio,850,67,3,3,2,2th,False,unfurnished,heat pump,E,1928.0,,190.0,2,4+4,"Two-bedroom, in historic building."
ML-2025-01131,2024-10-28,De Angeli,1200,64,3,2,2,first,False,UNFURNISHED,autonomous,F,1948.0,M1,290.0,3,3+2,"Two-bedroom, in historic building, near metro M1."
ML-2025-00589,2025-03-24,Porta Romana,800,35,3,2,1,1,False,furnished,autonomous,,1950.0,M3,80.0,2,4+4,"Studio, near metro M3."
ML-2025-00877,10/21/2024,De Angeli,3700,161,4,3,2,2,True,FURNISHED,autonomous,C,2007.0,M1,150.0,1,student,
ML-2025-00198,10/03/2025,Baggio,950,83,4,3,2,4,True,partly furnished,CENTR.,G,,,150.0,3,4+4,
ML-2025-00462,2025-03-06,Bicocca,1150,65,3,2,2,6,True,furnished,autonomous,D,1993.0,M5,130.0,2,3+2,"Two-bedroom, with elevator, near metro M5."
ML-2025-01407,2025-01-14,Quarto Oggiaro,700,78,3,2,2,7,True,unfurnished,autonomous,C,1998.0,M3,210.0,3,4+4,"Two-bedroom, with elevator, near metro M3."
ML-2025-01692,2024-11-04,Città Studi,950,47,1,1,1,4th,True,furnished,heat pump,G,1953.0,M2,250.0,2,4+4,"Apartment, with elevator, near metro M2."
ML-2025-02296,2024-12-18,Centro Storico,3400,117,5,4,2,3th,False,partly,central,,1905.0,M1,200.0,2,4+4,"Large apartment, in historic building, near metro M1."
ML-2025-01406,2024-11-25,Città Studi,1400,71,2,1,2,1,True,unfurnished,autonomous,B,2006.0,M2,70.0,3,4+4,"One-bedroom, with elevator, near metro M2."
ML-2025-00345,2025-03-31,NoLo,1550,85,5,4,1,7th,True,partly furnished,heat pump,A,2011.0,M2,240.0,1,temporary,"Apartment, recently built, with elevator, near metro M2."
ML-2025-01128,2025-03-18,NoLo,1000,70,2,2,1,first,False,UNFURNISHED,heat pump,F,1907.0,M2,170.0,1,temporary,"One-bedroom, in historic building, near metro M2."
ML-2025-01937,2025-01-08,Isola,€ 1600,79 sqm,3,2,1,4,True,furn.,autonomous,G,1946.0,M5,,1,student,"Two-bedroom, in historic building, with elevator, near metro M5."
ML-2025-01006,2024-10-21,bicocca,900,53,2,1,1,3,True,unfurnished,Central,A1,2019.0,M5,50.0,3,4+4,"One-bedroom, recently built, with elevator, near metro M5."
ML-2025-01952,2024-11-13,Navigli,1150,47,2,1,1,2,True,unfurnished,auto.,,1992.0,M2,240.0,2,4+4,"One-bedroom, with elevator, near metro M2."
ML-2025-01317,03/27/2025,Bocconi,2050,68,3,2,1,5,True,PARTLY,autonomous,B,2023.0,M3,70.0,3,4+4,"Two-bedroom, recently built, with elevator, near metro M3."
ML-2025-01767,09/10/2024,De Angeli,850,41,1,1,1,4,True,partly furnished,autonomous,C,2001.0,M1,170.0,2,4+4,"Apartment, with elevator, near metro M1."
ML-2025-00017,2025-03-28,Isola,1100,48,2,1,1,3th,True,unfurnished,autonomous,,2002.0,M5,140.0,1,temporary,"One-bedroom, with elevator, near metro M5."
ML-2025-01391,2024-12-23,Navigli,1900,79,3,2,1,2,False,furnished,central,F,1942.0,M2,180.0,3,4+4,"Two-bedroom, in historic building, near metro M2."
ML-2025-00497,26 November 2024,Sempione,1900,81,4,3,2,3,False,Furnished,centr.,,,M1,90.0,2,4+4,"Apartment, in historic building, near metro M1."
ML-2025-01424,2024-11-23,Zone Porta Romana,1400,53,2,1,1,3,False,furnished,autonomous,F,1957.0,M3,80.0,3,4+4,"One-bedroom, near metro M3."
ML-2025-00640,2024-10-24,Tortona,1750,85,4,3,1,0,False,partly furnished,central,F,1971.0,M2,170.0,2,4+4,"Apartment, near metro M2."
ML-2025-02223,17/01/2025,Porta Venezia,1550,55,2,1,1,1,False,furnished,autonomous,,1961.0,M1,70.0,3,4+4,
ML-2025-00648,2024-10-17,Lambrate,1850,111,6,5,2,2th,True,furnished,autonomous,G,1955.0,M2,180.0,3,4+4,"Large apartment, with elevator, near metro M2."
ML-2025-00483,2024-12-16,NoLo,900,54,2,1,1,2,False,furnished,central,G,1944.0,M1,,2,4+4,"One-bedroom, in historic building, near metro M1."
ML-2025-00233,2025-02-04,Sempione,1600,71,3,2,1,1,False,furnished,central,G,1924.0,,210.0,2,4+4,"Two-bedroom, in historic building, near metro M5."
ML-2025-00864,2024-11-29,NoLo,2100,131,5,4,2,0,True,empty,AUTONOMOUS,B,2012.0,M2,70.0,3,4+4,"Large apartment, recently built, with elevator, near metro M2."
ML-2025-01357,03/29/2025,Baggio,1600,104,5,4,2,7th,True,furnished,heat pump,D,1986.0,,220.0,2,4+4,"Large apartment, with elevator."
ML-2025-01906,2025-03-08,Navigli,2700,129,5,4,2,3,True,unfurnished,autonomous,F,1972.0,M2,200.0,3,3+2,"Large apartment, with elevator, near metro M2."
ML-2025-01741,02/01/2025,Greco,650,46,2,1,1,3th,True,furnished,central,F,1979.0,M1,270.0,1,student,"One-bedroom, with elevator, near metro M1."
ML-2025-02499,11/04/2024,Lorenteggio,1500,107,4,3,2,2,False,FURNISHED,autonomous,G,1954.0,,220.0,2,3+2,Large apartment.
ML-2025-01348,2024-11-04,Tortona,1750,66,3,2,1,8,True,furnished,autonomous,C,1993.0,M2,130.0,3,4+4,"Two-bedroom, with elevator, near metro M2."
ML-2025-02072,11/27/2024,Città Studi,450,21,1,1,1,2,True,UNFURNISHED,central,D,1992.0,M2,120.0,1,temporary,"Studio, with elevator, near metro M2."
ML-2025-02450,2025-01-12,Porta Garibaldi,1700,65,3,2,2,4,True,unfurnished,central,E,,M2,270.0,2,4+4,"Two-bedroom, in historic building, with elevator, near metro M2."
ML-2025-02252,2025-03-23,Corvetto,350,31,1,1,1,1,False,unfurnished,central,G,1915.0,M3,90.0,2,4+4,"Studio, in historic building, near metro M3."
ML-2025-02006,05/02/2025,Affori,350,31,1,1,1,3,False,furnished,central,F,1914.0,M3,100.0,3,3+2,"Studio, in historic building, near metro M3."
ML-2025-02134,2025-01-10,Bocconi,1050,44,2,1,1,5,True,partly furnished,central,,,M3,200.0,2,4+4,"One-bedroom, in historic building, with elevator, near metro M3."
ML-2025-02195,2025-02-22,Porta Venezia,2050,82,4,4,1,8,True,partly furnished,autonomous,C,2005.0,M1,150.0,2,3+2,"Apartment, with elevator, near metro M1."
ML-2025-01874,2025-03-11,Quarto Oggiaro,€ 600,56,3,2,1,G,False,unfurnished,centr.,,1931.0,M3,,3,3+2,"Two-bedroom, in historic building, near metro M3."
ML-2025-00116,2024-12-06,Quarto Oggiaro,1000,107,4,3,1,4,True,unfurnished,autonomous,G,,M3,250.0,1,temporary,"Large apartment, in historic building, with elevator, near metro M3."
ML-2025-00643,2025-03-15,Navigli,1100,51,2,1,1,ground floor,False,unfurnished,Autonomous,F,1935.0,M2,230.0,2,4+4,"One-bedroom, in historic building, near metro M2."
ML-2025-00619,2025-03-06,Greco,1350,77,3,2,1,3,True,furnished,autonomous,C,1996.0,M1,110.0,2,3+2,"Two-bedroom, with elevator, near metro M1."
ML-2025-02172,2024-12-18,Porta Venezia,2600,110,6,6,2,2th,True,unfurnished,autonomous,F,1986.0,M1,100.0,1,student,"Large apartment, with elevator, near metro M1."
ML-2025-00515,2025-02-05,brera,1800,60,3,2,1,G,False,Unfurnished,central,,1953.0,,180.0,2,3+2,
ML-2025-01374,04/10/2024,Città Studi,700,38,3,2,1,1,False,unfurnished,central,F,1971.0,M2,200.0,3,3+2,"Studio, near metro M2."
ML-2025-01194,2024-10-05,Bicocca,500,34,1,1,1,3,False,furnished,autonomous,F,1977.0,M5,130.0,1,temporary,"Studio, near metro M5."
ML-2025-00784,2024-12-25,Porta Garibaldi,1500,59,3,2,1,6,True,furnished,autonomous,D,2011.0,M2,230.0,1,student,"Two-bedroom, recently built, with elevator, near metro M2."
ML-2025-00314,26/11/2024,Lorenteggio,500,43,2,1,1,ground floor,False,furnished,central,,1943.0,,120.0,2,4+4,"One-bedroom, in historic building."
ML-2025-02184,21/01/2025,Isola,350,23,1,1,1,ground,False,unfurnished,autonomous,G,1956.0,,150.0,1,temporary,"Studio, near metro M5."
ML-2025-00896,2024-11-22,Navigli,1350,60,4,3,1,4th,True,furnished,autonomous,G,1918.0,,300.0,3,4+4,"Apartment, in historic building, with elevator, near metro M2."
ML-2025-01271,14/11/2024,Lambrate,600,43,2,1,1,4,True,partly furnished,central,F,1983.0,M2,80.0,2,4+4,"One-bedroom, with elevator, near metro M2."
ML-2025-00141,13/12/2024,Lorenteggio,800,47,2,1,1,8,True,furnished,autonomous,C,2010.0,,110.0,2,4+4,
ML-2025-02234,29/01/2025,Quarto Oggiaro,550,54,2,1,1,2,False,unfurnished,heat pump,D,1972.0,M3,70.0,3,4+4,"One-bedroom, near metro M3."
ML-2025-01578,09/12/2024,Bicocca,1200,62,3,2,2,8th,True,partly furnished,central,,2001.0,M5,110.0,1,temporary,"Two-bedroom, with elevator, near metro M5."
ML-2025-01384,2024-10-27,Navigli,3100,127,4,4,2,1,False,furnished,Autonomous,,1914.0,M2,190.0,3,3+2,"Large apartment, in historic building, near metro M2."
ML-2025-02086,2024-12-09,Città Studi,4250,205,4,3,2,3th,False,furnished,autonomous,G,1941.0,M2,120.0,3,4+4,"Large apartment, in historic building, near metro M2."
ML-2025-01053,2024-12-28,Corvetto,650,52,2,2,1,4,True,furnished,central,G,1929.0,M3,170.0,2,4+4,"One-bedroom, in historic building, with elevator, near metro M3."
ML-2025-00597,2024-11-20,Lambrate,1000,76,4,3,1,2,False,unfurnished,autonomous,G,1935.0,M2,140.0,1,temporary,"Apartment, in historic building, near metro M2."
ML-2025-01181,11/06/2024,Zone Lorenteggio,900,64,3,2,1,GF,False,furnished,central,G,1941.0,,250.0,3,3+2,"Two-bedroom, in historic building."
ML-2025-00415,2025-03-26,Bicocca,1000,57,3,2,1,8,True,unfurn.,central,A1,2019.0,M5,240.0,2,3+2,
ML-2025-02416,2025-03-14,Lorenteggio,1850,150,5,4,2,5,True,partly furnished,central,G,1901.0,,100.0,2,3+2,"Large apartment, in historic building, with elevator."
ML-2025-01791,2024-11-22,Porta Romana,2650,110,4,4,2,1,True,partly furnished,central,B,2010.0,M3,150.0,3,3+2,"Large apartment, with elevator, near metro M3."
ML-2025-00565,03/02/2025,Porta Garibaldi,€ 1900,78 sqm,3,3,2,G,True,partly furnished,Central,E,1980.0,M2,,2,4+4,"Two-bedroom, with elevator, near metro M2."
ML-2025-00445,2024-10-26,Greco,450,39,1,1,1,2th,True,unfurnished,auto.,,1989.0,,190.0,3,3+2,
ML-2025-01891,2025-02-24,Porta Venezia,3450,111,6,6,2,5th,True,partly furnished,central,A,2015.0,M1,200.0,2,4+4,"Large apartment, recently built, with elevator, near metro M1."
ML-2025-02065,04/11/2024,Brera,1550,48,1,1,1,2,False,furnished,central,G,1900.0,M3,190.0,1,temporary,"Apartment, in historic building, near metro M3."
ML-2025-01292,01/12/2024,Porta Romana,1900,101,4,3,1,5,True,unfurnished,central,F,1947.0,M3,290.0,2,4+4,"Large apartment, in historic building, with elevator, near metro M3."
ML-2025-00888,2024-10-18,Navigli,1100,53,2,1,1,1,False,unfurnished,central,G,,M2,250.0,2,4+4,"One-bedroom, in historic building, near metro M2."
ML-2025-00477,02/18/2025,Porta Venezia,1350,55,2,1,1,2,True,unfurnished,autonomous,A1,2020.0,M1,230.0,3,3+2,"One-bedroom, recently built, with elevator, near metro M1."
ML-2025-02113,17/01/2025,MAGENTA,1200,55,3,2,1,4th,True,partly furnished,autonomous,F,1952.0,M1,320.0,2,3+2,"Two-bedroom, with elevator, near metro M1."
ML-2025-02190,2024-10-16,Lambrate,1800,104,3,2,2,3,False,furnished,central,G,1935.0,M2,320.0,2,4+4,"Large apartment, in historic building, near metro M2."
ML-2025-01176,24/12/2024,Bocconi,1200,44,2,1,1,3,False,partly furnished,AUTONOMOUS,E,1978.0,M3,,3,4+4,
ML-2025-01016,2025-02-19,Corvetto,550,47,2,1,1,2,True,partly furnished,central,D,1983.0,M3,80.0,1,temporary,"One-bedroom, with elevator, near metro M3."
ML-2025-02401,02/02/2025,Porta Garibaldi,1800,74,4,3,1,3,True,partly furnished,autonomous,D,2013.0,M2,210.0,1,temporary,"Apartment, recently built, with elevator, near metro M2."
ML-2025-00674,25/01/2025,Bocconi,2500,102,4,3,2,8,True,Unfurnished,central,,1994.0,,170.0,3,4+4,"Large apartment, with elevator, near metro M3."
ML-2025-01382,2025-02-17,Tortona,1950,109,4,3,2,5,True,unfurnished,autonomous,G,1924.0,M2,100.0,2,4+4,"Large apartment, in historic building, with elevator, near metro M2."
ML-2025-01739,05/02/2025,Tortona,2650,102,3,2,1,2th,True,furnished,central,C,1991.0,M2,120.0,3,4+4,"Large apartment, with elevator, near metro M2."
ML-2025-01296,2025-03-08,Navigli,800,50,3,2,1,1,False,unfurnished,autonomous,G,,M2,80.0,3,3+2,"Two-bedroom, in historic building, near metro M2."
ML-2025-01272,2025-01-20,Quarto Oggiaro,1450,143,5,4,2,3,True,unfurnished,Autonomous,,,M3,300.0,2,4+4,"Large apartment, in historic building, with elevator, near metro M3."
ML-2025-02137,2025-02-23,Porta Venezia,1450,63,3,2,1,3,True,furnished,central,G,1928.0,M1,90.0,1,student,"Two-bedroom, in historic building, with elevator, near metro M1."
ML-2025-01441,31/03/2025,Lorenteggio,850,72,3,2,2,2th,True,unfurnished,autonomous,,1910.0,,230.0,2,3+2,"Two-bedroom, in historic building, with elevator."
ML-2025-00941,2024-10-30,ISOLA,1250,53,3,2,1,4,True,partly furnished,central,D,1982.0,M5,120.0,2,4+4,"Two-bedroom, with elevator, near metro M5."
ML-2025-00389,2024-11-03,Affori,1300,101,4,4,1,G,True,partly furnished,autonomous,C,1994.0,M3,120.0,3,4+4,"Large apartment, with elevator, near metro M3."
ML-2025-00827,04/12/2024,Porta Garibaldi,1800,55,3,2,1,3,True,furnished,centr.,C,2002.0,M5,120.0,3,4+4,"Two-bedroom, with elevator, near metro M5."
ML-2025-02057,2024-10-16,Città Studi,1250,54,1,1,1,4th,True,furnished,autonomous,,1992.0,M2,120.0,1,student,"Apartment, with elevator, near metro M2."
ML-2025-01039,16/12/2024,Quadrilatero,1250,31,1,1,1,4,True,furn.,central,G,1939.0,M1,170.0,3,4+4,"Studio, in historic building, with elevator, near metro M1."
ML-2025-02300,2024-10-10,Porta Garibaldi,1250,59,4,3,1,1,False,Unfurnished,central,G,1955.0,M2,130.0,3,4+4,
ML-2025-01022,2024-12-14,isola,2050,74,3,2,2,5,True,furnished,autonomous,,1994.0,M5,190.0,2,4+4,"Two-bedroom, with elevator, near metro M5."
ML-2025-01530,2024-11-27,Bocconi,1350,61,3,2,2,2,False,unfurnished,autonomous,,1944.0,,80.0,3,3+2,"Two-bedroom, in historic building, near metro M3."
ML-2025-01459,2025-02-09,Navigli,1100,52,1,1,1,3,True,partly furnished,heat pump,G,1936.0,M2,120.0,2,4+4,"Apartment, in historic building, with elevator, near metro M2."
ML-2025-00272,2025-02-24,Greco,1350,95,5,4,2,3th,True,furnished,autonomous,F,1989.0,M1,170.0,1,student,"Apartment, with elevator, near metro M1."
ML-2025-01963,18/03/2025,Quarto Oggiaro,650,60,3,2,1,4,True,furnished,autonomous,,1976.0,M3,170.0,1,student,"Two-bedroom, with elevator, near metro M3."
ML-2025-01781,2024-10-05,Brera,2300,75,2,1,2,5,True,partly furn.,Autonomous,F,1956.0,M2,100.0,1,temporary,
ML-2025-00983,2025-01-25,Porta Venezia,1400,75,3,3,2,1,False,unfurnished,autonomous,G,,M1,290.0,1,student,"Two-bedroom, in historic building, near metro M1."
ML-2025-00507,01/25/2025,Corvetto,1350,87,4,4,1,4th,True,partly furnished,heat pump,C,2004.0,M3,230.0,3,3+2,"Apartment, with elevator, near metro M3."
ML-2025-00700,03/17/2025,Città Studi,1150,46,2,2,1,2,True,furnished,heat pump,E,1988.0,M2,240.0,1,temporary,"One-bedroom, with elevator, near metro M2."
ML-2025-00588,2024-12-21,Porta Romana,3250,153,6,5,2,7,True,unfurnished,autonomous,F,1987.0,M3,110.0,3,4+4,
ML-2025-00767,2025-01-31,Affori,600,49,2,1,1,5,True,partly furnished,heat pump,D,1990.0,M3,170.0,2,4+4,"One-bedroom, with elevator, near metro M3."
ML-2025-00313,2025-01-28,Centro Storico,1150,43,2,2,1,3th,False,FURNISHED,autonomous,F,1909.0,M3,310.0,3,4+4,"One-bedroom, in historic building, near metro M3."
ML-2025-00680,31/01/2025,Quarto Oggiaro,800,61,4,3,1,6,True,furn.,autonomous,,2003.0,M3,170.0,3,4+4,"Apartment, with elevator, near metro M3."
ML-2025-02174,09/01/2025,Quarto Oggiaro,600,57,4,3,1,2th,False,partly furnished,centr.,,,M3,320.0,3,3+2,"Apartment, in historic building, near metro M3."
ML-2025-01335,2025-03-03,Lorenteggio,1250,130,4,3,2,1,False,unfurnished,central,G,1962.0,,140.0,3,4+4,Large apartment.
ML-2025-01577,2024-11-14,Centro Storico,1500,65,3,2,1,3th,False,unfurnished, autonomous,,1903.0,M1,140.0,2,4+4,"Two-bedroom, in historic building, near metro M1."
ML-2025-01719,02/11/2024,Lorenteggio,550,42,3,2,1,3,True,FURNISHED,autonomous,G,1950.0,,150.0,1,student,"Two-bedroom, with elevator."
ML-2025-00560,2025-02-18,Bicocca,3000,220,5,4,2,4th,True,unfurnished,autonomous,F,1986.0,M5,130.0,2,4+4,"Large apartment, with elevator, near metro M5."
ML-2025-00860,2024-12-09,Quadrilatero,3350,93,4,3,1,5,True,partly furnished,autonomous,G,1907.0,M1,270.0,3,3+2,"Apartment, in historic building, with elevator, near metro M1."
ML-2025-00338,14/02/2025,Lambrate,550,36,2,1,1,3th,False,furnished,central,G,1939.0,M2,90.0,3,4+4,"Studio, in historic building, near metro M2."
ML-2025-01629,2024-11-06,Porta Venezia,2850,102,5,4,1,G,True,partly furnished,centr.,,1996.0,M1,70.0,3,4+4,"Large apartment, with elevator, near metro M1."
ML-2025-00930,10/14/2024,Navigli,550,28,1,1,1,4,True,unfurnished,central,,1978.0,M2,90.0,3,4+4,"Studio, with elevator, near metro M2."
ML-2025-00006,2025-02-02,Porta Romana,1250,62,2,1,1,8,True,unfurnished,central,C,2008.0,M3,80.0,3,4+4,"One-bedroom, with elevator, near metro M3."
ML-2025-02237,2024-11-02,Baggio,200,20,1,1,1,4,True,furn.,autonomous,G,1932.0,,140.0,1,temporary,"Studio, in historic building, with elevator."
ML-2025-00371,2024-11-26,Porta Venezia,750,36,2,1,1,2th,False,furnished,autonomous ,,1938.0,M1,90.0,2,4+4,"Studio, in historic building, near metro M1."
ML-2025-01532,2024-11-04,Sempione,1050,53,2,1,1,3th,False,unfurnished,heat pump,F,,M1,90.0,3,4+4,"One-bedroom, in historic building, near metro M1."
ML-2025-01640,24/03/2025,Corvetto,800,50,2,1,1,7,True,furn.,heat pump,A3,2018.0,M3,140.0,3,4+4,"One-bedroom, recently built, with elevator, near metro M3."
ML-2025-00491,2024-12-21,Città Studi,1450,64,2,1,1,6,True,furnished,autonomous,,1988.0,M2,240.0,2,3+2,
ML-2025-02435,2025-03-08,Lorenteggio,650,46,3,2,1,3th,False,furnished,heat pump,G,,,100.0,3,4+4,"Two-bedroom, in historic building."
ML-2025-02044,14 March 2025,Porta Romana,2150,84,5,4,2,6,True,unfurnished,central,D,2000.0,M3,50.0,2,4+4,"Apartment, with elevator, near metro M3."
ML-2025-01343,2025-03-04,Quarto Oggiaro,1050,103,4,3,2,0,True,unfurnished,heat pump,B,2011.0,,220.0,2,4+4,"Large apartment, recently built, with elevator, near metro M3."
ML-2025-00754,15/11/2024,Porta Garibaldi,700,28,1,1,1,7th,True,partly furnished,heat pump,C,2014.0,M5,110.0,3,3+2,"Studio, recently built, with elevator, near metro M5."
ML-2025-01219,21/12/2024,Bicocca,1800,98,5,4,1,3,True,unfurnished,central,A2,2018.0,M5,110.0,3,4+4,"Apartment, recently built, with elevator, near metro M5."
ML-2025-01738,23/10/2024,Navigli,1450,61,3,2,2,1st,False,furnished,autonomous,,1927.0,M2,140.0,1,temporary,"Two-bedroom, in historic building, near metro M2."
ML-2025-02325,2025-02-23,Greco,1050,55,3,3,1,2th,True,furnished,autonomous ,A2,2020.0,M1,120.0,3,4+4,"Two-bedroom, recently built, with elevator, near metro M1."
ML-2025-00816,2024-12-26,Città Studi,1200,60,3,2,2,3th,False,furnished,central,G,,M2,70.0,1,temporary,"Two-bedroom, in historic building, near metro M2."
ML-2025-00633,31/12/2024,Città Studi,1800,93,4,3,1,5,True,furnished,autonomous,F,,M2,170.0,3,4+4,"Apartment, in historic building, with elevator, near metro M2."
ML-2025-01443,2025-03-05,Lambrate,1000,79,2,1,1,1,False,unfurnished,central,,1943.0,M2,310.0,3,4+4,
ML-2025-00647,2025-03-21,Sempione,1700,95,4,4,2,first,False,unfurnished,autonomous,G,1968.0,M5,80.0,1,temporary,"Apartment, near metro M5."
ML-2025-02449,21 January 2025,Zone Quadrilatero,1650,51,3,2,1,3th,False,unfurnished,Heat pump,G,1964.0,M1,320.0,3,4+4,"Two-bedroom, near metro M1."
ML-2025-01161,2024-12-10,Greco,1150,81,5,4,1,1,True,furnished,AUTONOMOUS,C,2010.0,M1,180.0,1,student,"Apartment, with elevator, near metro M1."
ML-2025-00510,18/02/2025,De Angeli,€ 2800,171 sqm,5,4,2,4th,True,unfurnished,autonomous,F,1938.0,M1,,3,4+4,"Large apartment, in historic building, with elevator, near metro M1."
ML-2025-01235,2025-01-24,Bicocca,1550,88,4,3,4,ground,True,partly furnished,central,D,1997.0,M5,70.0,1,student,"Apartment, with elevator, near metro M5."
ML-2025-00757,2024-10-16,Bicocca,1000,52,2,1,1,3th,True,furnished,central,E,1983.0,M5,240.0,2,4+4,
ML-2025-01713,29/01/2025,Affori,1050,64,2,1,2,5,True,furnished,autonomous,C,2011.0,M3,190.0,2,4+4,
ML-2025-01415,29/10/2024,Bocconi,€ 1550,59 sqm,2,1,1,6th,True,partly furnished,heat pump,,1990.0,M3,,3,4+4,"One-bedroom, with elevator, near metro M3."
ML-2025-01854,22/01/2025,Quarto Oggiaro,350,32,2,1,1,ground,True,unfurnished,central,C,1992.0,,140.0,2,4+4,"Studio, with elevator, near metro M3."
ML-2025-00210,01/14/2025,Magenta,1700,64,3,2,2,ground,False,furnished,autonomous,G,1926.0,M2,300.0,3,4+4,"Two-bedroom, in historic building, near metro M2."
ML-2025-01551,2025-02-05,Corvetto,1800,132,4,3,2,8,True,furnished,autonomous,D,1996.0,M3,130.0,2,4+4,"Large apartment, with elevator, near metro M3."
ML-2025-01172,2024-10-29,Lorenteggio,1450,121,6,5,2,2th,False,partly furnished,centr.,G,1958.0,,150.0,2,3+2,
ML-2025-01284,2025-03-31,Centro Storico,€ 2550,90 sqm,5,4,1,4th,True,unfurnished,central,F,1938.0,M3,,3,3+2,"Apartment, in historic building, with elevator, near metro M3."
ML-2025-01204,27/12/2024,Porta Garibaldi,750,33,1,1,1,3,True,unfurnished,Central,C,2010.0,M2,230.0,1,temporary,"Studio, with elevator, near metro M2."
ML-2025-02278,2024-10-25,Città Studi,1200,64,3,2,1,3,False,partly furnished,HP,,1969.0,M2,280.0,1,student,"Two-bedroom, near metro M2."
ML-2025-02397,23/10/2024,Porta Romana,2100,84,3,3,1,7th,True,Unfurnished,autonomous,A3,2022.0,M3,130.0,1,student,"Two-bedroom, recently built, with elevator, near metro M3."
ML-2025-00817,22 March 2025,Zone Sempione,1300,65,2,1,1,2th,False,furnished,autonomous ,G,1949.0,M5,100.0,1,temporary,"One-bedroom, in historic building, near metro M5."
ML-2025-00922,2024-10-26,Città Studi,1450,80,5,4,2,2,False,furnished,central,,1944.0,M2,190.0,3,3+2,"Apartment, in historic building, near metro M2."
ML-2025-00938,2024-11-20,Corvetto,900,74,3,2,1,2th,True,unfurnished,central,D,1995.0,M3,200.0,2,3+2,"Two-bedroom, with elevator, near metro M3."
ML-2025-00486,2024-12-16,Baggio,850,60,3,2,2,5,True,unfurnished, autonomous,A2,2019.0,,190.0,3,4+4,
ML-2025-02068,2025-03-04,Navigli,1800,91,3,2,2,3,False,unfurnished,autonomous,,1934.0,M2,260.0,2,4+4,"Two-bedroom, in historic building, near metro M2."
ML-2025-01933,19/12/2024,Bocconi,1550,56,3,3,1,3,False,furnished,central,F,1943.0,M3,160.0,2,4+4,"Two-bedroom, in historic building, near metro M3."
ML-2025-01917,2024-10-06,Baggio,450,36,2,1,1,7,True,furnished,autonomous,D,2013.0,,170.0,2,3+2,"Studio, recently built, with elevator."
ML-2025-01827,2025-01-27,Brera,2300,71,3,2,1,4th,True,furnished,auto.,F,1911.0,M3,320.0,3,4+4,"Two-bedroom, in historic building, with elevator, near metro M3."
ML-2025-00189,07/11/2024,Bocconi,€ 1400,62 sqm,3,2,1,4,True,partly furnished,central,G,1915.0,M3,,2,4+4,"Two-bedroom, in historic building, with elevator, near metro M3."
ML-2025-02378,2024-12-16,Affori,600,58,3,2,1,1,False,unfurnished,autonomous,G,1927.0,M3,320.0,2,4+4,"Two-bedroom, in historic building, near metro M3."
ML-2025-02282,2025-01-29,Porta Garibaldi,2400,88,5,4,1,8,True,unfurnished,central,A,2015.0,M5,190.0,3,4+4,"Apartment, recently built, with elevator, near metro M5."
ML-2025-02403,2025-03-27,NoLo,700,52,1,1,1,first,False,unfurnished,central,G,,M2,100.0,1,temporary,"Apartment, in historic building, near metro M2."
ML-2025-01938,11/22/2024,Greco,1000,77,3,2,2,7,True,partly furnished,central,B,2006.0,M1,150.0,2,4+4,"Two-bedroom, with elevator, near metro M1."
ML-2025-00051,01/01/2025,Lorenteggio,650,49,2,1,1,first,False,partly furnished,central,,1913.0,,260.0,2,3+2,"One-bedroom, in historic building."
ML-2025-01749,2025-03-05,Affori,450,37,2,1,1,5,True,furnished,autonomous,G,1911.0,M3,120.0,2,3+2,"Studio, in historic building, with elevator, near metro M3."
ML-2025-00475,2025-01-17,Bocconi,1600,63,3,2,1,7,True,furnished,autonomous,,1980.0,M3,200.0,1,temporary,"Two-bedroom, with elevator, near metro M3."
ML-2025-02189,11/15/2024,Affori,800,65,3,2,2,3,False,partly furnished,autonomous,F,1930.0,M3,220.0,3,4+4,"Two-bedroom, in historic building, near metro M3."
ML-2025-01541,2024-10-22,Lambrate,1100,67,2,1,1,5th,True,partly furnished,autonomous,B,2023.0,M2,100.0,1,temporary,"One-bedroom, recently built, with elevator, near metro M2."
ML-2025-01352,26/01/2025,Sempione,1050,44,3,2,1,1,False,furnished,central,F,1967.0,M1,190.0,3,4+4,"Two-bedroom, near metro M1."
ML-2025-01839,2024-12-20,Corvetto,500,38,2,1,1,ground,False,unfurnished,heat pump,F,,M3,210.0,3,3+2,"Studio, in historic building, near metro M3."
ML-2025-01555,10/06/2024,Navigli,1250,48,1,1,1,2th,True,Unfurnished,Heat pump,A4,2023.0,M2,200.0,3,4+4,"Apartment, recently built, with elevator, near metro M2."
ML-2025-00172,18/03/2025,Centro Storico,3350,84,4,3,2,3,True,furnished,autonomous,B,2020.0,M1,250.0,2,3+2,"Apartment, recently built, with elevator, near metro M1."
ML-2025-00423,01/16/2025,Porta Venezia,2050,67,3,3,2,7,True,furnished,central,B,2021.0,M1,,2,4+4,"Two-bedroom, recently built, with elevator, near metro M1."
ML-2025-02103,2025-01-09,Porta Romana,850,44,2,1,1,4,True,unfurnished,CENTR.,G,1967.0,M3,150.0,3,4+4,"One-bedroom, with elevator, near metro M3."
ML-2025-01090,2025-03-13,Navigli,1450,50,2,1,1,3,True,furnished,autonomous,,1991.0,M2,220.0,3,4+4,"One-bedroom, with elevator, near metro M2."
ML-2025-01673,20/10/2024,Quarto Oggiaro,700,78,3,2,1,4th,True,Partly furnished,autonomous,F,1973.0,M3,260.0,1,student,"Two-bedroom, with elevator, near metro M3."
ML-2025-00811,2024-11-17,Lorenteggio,800,62,3,3,2,3th,True,unfurnished,HP,E,2000.0,,200.0,3,4+4,"Two-bedroom, with elevator."
ML-2025-01558,22/10/2024,NoLo,600,27,1,1,1,0,True,furnished,heat pump,F,1988.0,M2,60.0,3,3+2,"Studio, with elevator, near metro M2."
ML-2025-02019,2025-02-20,Centro Storico,2850,115,4,3,2,first,False,partly,autonomous,G,1967.0,M1,210.0,1,temporary,"Large apartment, near metro M1."
ML-2025-00495,2024-10-31,Città Studi,1300,52,2,1,1,4,True,furnished,autonomous,E,1964.0,M2,240.0,3,4+4,"One-bedroom, with elevator, near metro M2."
ML-2025-00220,2024-11-06,Quarto Oggiaro,650,57,3,2,1,2,False,furnished,central,G,1951.0,M3,80.0,2,4+4,"Two-bedroom, near metro M3."
ML-2025-01987,3 February 2025,De Angeli,1450,59,4,3,1,0,True,furnished,autonomous,B,2022.0,M1,50.0,1,student,"Apartment, recently built, with elevator, near metro M1."
ML-2025-01705,2024-11-26,NoLo,2100,89,4,3,2,4,True,furnished,autonomous,D,1970.0,M1,300.0,3,3+2,"Apartment, with elevator, near metro M1."
ML-2025-00479,18 March 2025,Lorenteggio,1600,134,5,4,2,3th,False,partly furnished,autonomous,F,,,,3,4+4,"Large apartment, in historic building."
ML-2025-01512,2025-02-06,De Angeli,900,43,3,2,1,8,True,partly furnished,AUTONOMOUS,,1984.0,,150.0,3,3+2,"Two-bedroom, with elevator, near metro M1."
ML-2025-02035,20/12/2024,Sempione,700,29,1,1,1,1,True,partly furnished,central,,1998.0,M1,190.0,1,temporary,"Studio, with elevator, near metro M1."
ML-2025-00836,2024-10-06,NoLo,750,32,1,1,1,3th,True,partly,central,A,2011.0,M1,50.0,1,temporary,"Studio, recently built, with elevator, near metro M1."
ML-2025-01378,2024-11-11,Città Studi,2500,136,6,6,2,2th,False,furnished,autonomous,G,1917.0,M2,140.0,1,temporary,"Large apartment, in historic building, near metro M2."
ML-2025-01454,2024-11-27,Sempione,1450,62,4,3,2,first,True,partly furnished, autonomous,D,2010.0,M5,140.0,3,4+4,"Apartment, with elevator, near metro M5."
ML-2025-01707,2025-03-10,Bicocca,1550,63,2,1,1,8th,True,furnished,heat pump,A2,2019.0,M5,110.0,2,3+2,"One-bedroom, recently built, with elevator, near metro M5."
ML-2025-02470,2024-12-21,Bocconi,750,27,1,1,1,8,True,furnished,central,A,2018.0,M3,210.0,3,4+4,"Studio, recently built, with elevator, near metro M3."
ML-2025-00604,10/22/2024,Porta Venezia,1500,56,2,1,1,1,False,furnished,Heat pump,F,1950.0,M1,70.0,1,student,
ML-2025-01716,10 March 2025,Lorenteggio,950,62,2,1,2,8th,True,furnished, autonomous,D,2011.0,,140.0,2,4+4,
ML-2025-01501,2024-11-11,Città Studi,1550,70,4,3,2,ground floor,True,furnished,central,,1982.0,M2,80.0,3,4+4,"Apartment, with elevator, near metro M2."
ML-2025-00094,12/11/2024,Bocconi,€ 1300,48 sqm,1,1,1,7th,True,unfurnished,autonomous,A3,2019.0,M3,,3,4+4,"Apartment, recently built, with elevator, near metro M3."
ML-2025-01381,2024-10-21,Magenta,1050,44,1,1,1,3th,False,furnished,autonomous,,1958.0,M1,300.0,2,3+2,"Apartment, near metro M1."
ML-2025-00317,2024-12-30,NoLo,1850,87,4,4,1,4,True,partly furnished,autonomous,A3,2016.0,M2,180.0,3,4+4,"Apartment, recently built, with elevator, near metro M2."
ML-2025-00232,12/12/2024,Città Studi,700,38,2,1,1,1st,False,unfurnished,autonomous,,1942.0,M2,290.0,3,4+4,
ML-2025-01076,08/10/2024,NoLo,1200,71,3,3,2,1,False,partly,central,E,1916.0,M2,110.0,2,3+2,"Two-bedroom, in historic building, near metro M2."
ML-2025-02384,2025-02-02,NoLo,1250,67,3,2,1,first,False,partly furnished,heat pump,F,1935.0,M1,310.0,3,4+4,"Two-bedroom, in historic building, near metro M1."
ML-2025-02356,2025-01-05,Porta Romana,2300,104,3,2,2,1,False,furnished,autonomous,F,1962.0,M3,320.0,3,4+4,"Large apartment, near metro M3."
ML-2025-00459,11/02/2024,Brera,3150,101,4,3,2,2,True,partly furnished,autonomous,,1946.0,M3,210.0,3,4+4,"Large apartment, in historic building, with elevator, near metro M3."
ML-2025-00256,26/10/2024,Bocconi,2000,64,3,2,1,5th,True,furnished,autonomous,C,2008.0,M3,220.0,2,4+4,
ML-2025-01872,18/10/2024,Navigli,850,37,2,1,1,5,True,unfurn.,autonomous,B,2005.0,M2,140.0,2,3+2,"Studio, with elevator, near metro M2."
ML-2025-00440,11/01/2025,Porta Venezia,1700,71,4,3,2,2th,True,Furnished,autonomous,,1990.0,,130.0,2,4+4,"Apartment, with elevator, near metro M1."
ML-2025-01089,14/10/2024,Lorenteggio,700,38,3,2,1,1,True,furnished,autonomous,A2,2022.0,,90.0,1,student,"Studio, recently built, with elevator."
ML-2025-00638,2025-03-04,NAVIGLI,1050,54,2,1,1,6,True,partly furnished,autonomous,F,1983.0,M2,50.0,1,temporary,"One-bedroom, with elevator, near metro M2."
ML-2025-01409,14/10/2024,Sempione,1300,64,2,1,1,3,True,unfurnished,central,,1978.0,M1,220.0,2,4+4,"One-bedroom, with elevator, near metro M1."
ML-2025-02040,2025-01-25,Navigli,1500,65,3,2,1,7th,True,furnished,central,F,1984.0,M2,70.0,3,3+2,"Two-bedroom, with elevator, near metro M2."
ML-2025-02147,2025-01-28,Città Studi,1150,61,3,2,2,2,True,unfurnished,autonomous,D,1993.0,M2,230.0,2,3+2,"Two-bedroom, with elevator, near metro M2."
ML-2025-01055,09/02/2025,Lorenteggio,550,36,1,1,1,4th,True,furnished,central,B,2005.0,,140.0,3,4+4,"Studio, with elevator."
ML-2025-02071,20/02/2025,Affori,600,42,3,2,1,4th,True,partly furnished,central,F,1921.0,M3,230.0,2,4+4,"Two-bedroom, in historic building, with elevator, near metro M3."
ML-2025-01681,2025-02-17,Porta Garibaldi,1450,44,3,2,1,first,True,furnished,heat pump,D,2010.0,M2,80.0,3,4+4,"Two-bedroom, with elevator, near metro M2."
ML-2025-00990,12/05/2024,Greco,1400,91,4,4,1,GF,True,partly furnished,central,A,2006.0,M1,120.0,2,4+4,"Apartment, with elevator, near metro M1."
ML-2025-01776,2024-10-26,Isola,1150,62,2,2,1,G,True,Unfurnished,autonomous,F,1981.0,,130.0,1,temporary,"One-bedroom, with elevator, near metro M5."
ML-2025-01324,15/02/2025,Navigli,2350,121,4,3,2,1st,False,partly furnished,central,E,1928.0,M2,150.0,3,3+2,"Large apartment, in historic building, near metro M2."
ML-2025-01833,29/12/2024,Sempione,1150,66,4,3,2,5,True,partly furnished,heat pump,,,M1,220.0,1,temporary,
ML-2025-02156,2025-03-22,Navigli,800,31,1,1,1,8,True,furnished,auto.,B,2017.0,M2,100.0,2,4+4,"Studio, recently built, with elevator, near metro M2."
ML-2025-00227,2024-12-05,Lorenteggio,800,56,2,1,1,4th,True,partly furnished,autonomous,E,1988.0,,90.0,2,4+4,"One-bedroom, with elevator."
ML-2025-01299,11/01/2025,Bicocca,950,60,3,2,1,8th,True,unfurnished,autonomous,B,2013.0,,60.0,2,3+2,"Two-bedroom, recently built, with elevator, near metro M5."
ML-2025-01557,03/12/2024,Sempione,2350,111,6,5,2,2th,False,furnished,autonomous,,1963.0,M5,130.0,3,4+4,"Large apartment, near metro M5."
ML-2025-00858,2025-03-16,Città Studi,600,30,2,1,1,5,True,furnished,central,E,1960.0,M2,140.0,1,student,"Studio, with elevator, near metro M2."
ML-2025-00618,2025-01-04,Isola,2450,134,5,4,2,2,True,partly furnished,autonomous,,1903.0,M5,,1,temporary,"Large apartment, in historic building, with elevator, near metro M5."
ML-2025-01637,17/02/2025,NoLo,1300,76,2,1,2,3th,False,furnished,centr.,,,M2,260.0,2,4+4,"One-bedroom, in historic building, near metro M2."
ML-2025-01290,2024-10-10,Porta Venezia,2100,75,2,1,2,8,True,furnished,autonomous ,F,1987.0,M1,,2,4+4,"One-bedroom, with elevator, near metro M1."
ML-2025-00768,2024-10-13,Baggio,700,54,1,1,1,4th,True,partly furnished,Central,B,2012.0,,70.0,3,4+4,"Apartment, recently built, with elevator."
ML-2025-01052,2025-01-20,Bocconi,1050,38,2,2,1,6,True,partly furnished,auto.,A2,2018.0,M3,200.0,3,4+4,"Studio, recently built, with elevator, near metro M3."
ML-2025-01946,2025-01-24,Città Studi,€ 1000,37 sqm,2,1,1,3th,True,furnished,central,,1996.0,M2,,1,student,"Studio, with elevator, near metro M2."
ML-2025-00289,2024-11-30,Isola,1250,63,3,2,2,8,True,unfurnished,autonomous,C,2011.0,M5,130.0,3,4+4,"Two-bedroom, recently built, with elevator, near metro M5."
ML-2025-02267,2024-12-21,Sempione,1400,74,3,2,1,3th,True,partly furnished,central,,1995.0,M1,90.0,2,4+4,"Two-bedroom, with elevator, near metro M1."
ML-2025-02005,2024-11-16,Isola,1600,75,3,2,2,4,True,partly furnished,autonomous,F,,M5,110.0,2,4+4,"Two-bedroom, in historic building, with elevator, near metro M5."
ML-2025-00453,27/03/2025,NoLo,1950,100,4,3,2,first,True,furnished,Central,F,1987.0,M1,250.0,3,4+4,"Apartment, with elevator, near metro M1."
ML-2025-00540,2025-03-31,Porta Romana,2000,98,5,4,1,2th,True,unfurnished,central,,1923.0,M3,260.0,3,4+4,"Apartment, in historic building, with elevator, near metro M3."
ML-2025-00267,03/17/2025,Lambrate,650,31,1,1,1,7th,True,furnished,central,C,2000.0,M2,130.0,3,4+4,"Studio, with elevator, near metro M2."
ML-2025-00587,24/10/2024,Porta Venezia,3450,100,3,2,1,3,True,Furnished,Autonomous,A3,2015.0,M1,210.0,2,4+4,"Two-bedroom, recently built, with elevator, near metro M1."
ML-2025-01036,2025-03-07,Lambrate,550,40,2,1,1,3th,True,unfurnished,central,E,1992.0,,120.0,2,3+2,"One-bedroom, with elevator, near metro M2."
ML-2025-01387,2025-03-13,Affori,1050,87,3,2,1,1,True,partly furnished,autonomous ,D,2004.0,M3,170.0,2,4+4,"Two-bedroom, with elevator, near metro M3."
ML-2025-00096,24 October 2024,Città Studi,2000,94,4,3,1,5th,True,furnished,central,,1996.0,M2,140.0,3,4+4,"Apartment, with elevator, near metro M2."
ML-2025-00971,2025-03-22,Lambrate,750,46,2,1,1,2,False,partly furnished,autonomous,,1935.0,M2,310.0,2,4+4,"One-bedroom, in historic building, near metro M2."
ML-2025-00273,15/03/2025,Quarto Oggiaro,400,41,2,1,1,3th,False,partly furnished,central,,1925.0,M3,200.0,3,3+2,"One-bedroom, in historic building, near metro M3."
ML-2025-00337,2025-02-08,Quarto Oggiaro,750,86,4,3,2,1,False,partly furnished,central,G,1951.0,,90.0,1,student,"Apartment, near metro M3."
ML-2025-01765,2025-01-31,Porta Romana,1750,81,4,3,1,5,True,furnished,autonomous,G,1965.0,M3,160.0,3,4+4,"Apartment, with elevator, near metro M3."
ML-2025-00329,2024-11-18,NoLo,2550,133,4,3,2,2,False,furnished,autonomous,,,M2,320.0,1,temporary,"Large apartment, in historic building, near metro M2."
ML-2025-02433,2024-10-31,Lorenteggio,1600,93,5,4,1,8th,True,partly furnished,autonomous,A,2014.0,,240.0,3,3+2,
ML-2025-01562,02/12/2024,Navigli,2600,127,5,5,2,2,True,furnished,central,G,1967.0,M2,170.0,1,student,"Large apartment, with elevator, near metro M2."
ML-2025-00555,11/13/2024,Baggio,1000,69,3,2,2,7th,True,partly furnished,autonomous,B,2009.0,,,2,4+4,"Two-bedroom, with elevator."
ML-2025-00404,2025-03-05,Greco,1850,123,4,3,2,3,True,unfurnished,heat pump,D,2005.0,M1,210.0,1,temporary,"Large apartment, with elevator, near metro M1."
ML-2025-02270,2024-10-26,Città Studi,2600,114,4,3,2,4th,True,furnished,central,,1967.0,,260.0,1,student,"Large apartment, with elevator, near metro M2."
ML-2025-01134,01/12/2025,Navigli,2550,111,5,4,2,6,True,furnished,central,E,1996.0,M2,250.0,1,temporary,"Large apartment, with elevator, near metro M2."
ML-2025-01012,2024-11-21,Lorenteggio,1550,147,5,4,2,4,True,unfurnished,auto.,,1911.0,,,3,3+2,"Large apartment, in historic building, with elevator."
ML-2025-01081,2025-02-08,Affori,700,52,2,1,1,5th,True,partly furnished,central,A2,2022.0,M3,,2,4+4,"One-bedroom, recently built, with elevator, near metro M3."
ML-2025-00150,2024-11-14,Isola,950,62,4,3,2,3,False,unfurnished,Autonomous,,1935.0,M5,90.0,3,3+2,"Apartment, in historic building, near metro M5."
ML-2025-00484,11/02/2025,Bicocca,1400,74,4,3,2,1,True,unfurnished,autonomous,E,1987.0,M5,70.0,1,temporary,"Apartment, with elevator, near metro M5."
ML-2025-01103,2025-02-17,Baggio,450,36,2,1,1,4,True,furnished,autonomous,F,1977.0,,110.0,3,4+4,"Studio, with elevator."
ML-2025-01379,03/19/2025,Porta Garibaldi,1850,88,4,3,1,1,False,partly furnished,auto.,G,1947.0,M5,100.0,3,4+4,"Apartment, in historic building, near metro M5."
ML-2025-00408,27/11/2024,Centro Storico,3650,109,4,3,1,1,False,furnished,autonomous,G,1902.0,M3,130.0,1,temporary,"Large apartment, in historic building, near metro M3."
ML-2025-00891,2025-01-29,De Angeli,850,42,2,1,1,5,True,furnished,centr.,,1937.0,M1,200.0,3,4+4,"One-bedroom, in historic building, with elevator, near metro M1."
ML-2025-00360,2024-12-04,Sempione,1600,91,3,2,2,3,False,partly furnished,central,G,1926.0,M1,260.0,2,4+4,"Two-bedroom, in historic building, near metro M1."
ML-2025-00159,2025-03-19,Navigli,3950,175,5,4,2,3th,True,furn.,autonomous ,C,2007.0,M2,150.0,2,4+4,"Large apartment, with elevator, near metro M2."
ML-2025-00238,2024-12-15,Centro Storico,2500,81,4,3,1,4,True,furnished,central,,1947.0,M3,,3,4+4,"Apartment, in historic building, with elevator, near metro M3."
ML-2025-01699,2025-02-04,Lorenteggio,750,57,2,1,1,5,True,furnished,heat pump,F,1919.0,,170.0,1,temporary,"One-bedroom, in historic building, with elevator."
ML-2025-00061,2024-12-10,Tortona,1800,114,5,4,2,2,True,unfurnished,centr.,G,1966.0,,230.0,2,4+4,"Large apartment, with elevator, near metro M2."
ML-2025-01187,30/12/2024,Lambrate,900,63,3,2,1,2,True,unfurnished,central,B,2007.0,,190.0,3,4+4,"Two-bedroom, with elevator, near metro M2."
ML-2025-01846,2025-03-16,Navigli,800,30,2,1,1,6th,True,furnished,central,C,2014.0,,230.0,2,3+2,"Studio, recently built, with elevator, near metro M2."
ML-2025-01873,2024-11-03,Città Studi,950,45,2,1,1,8,True,unfurnished,heat pump,C,2009.0,M2,220.0,3,4+4,"One-bedroom, with elevator, near metro M2."
ML-2025-02329,2024-12-16,BICOCCA,1000,81,3,2,2,3th,False,unfurnished,autonomous,G,1951.0,M5,240.0,2,4+4,"Two-bedroom, near metro M5."
ML-2025-00530,1 March 2025,Quarto Oggiaro,600,50,3,2,1,8,True,unfurnished,central,A2,2015.0,M3,180.0,3,4+4,"Two-bedroom, recently built, with elevator, near metro M3."
ML-2025-00334,10/10/2024,Porta Romana,1800,82,4,3,1,7,True,unfurnished,central,A,2021.0,M3,220.0,2,4+4,"Apartment, recently built, with elevator, near metro M3."
ML-2025-00200,2025-02-21,AFFORI,700,73,3,2,1,3th,True,unfurnished,autonomous,,1933.0,M3,290.0,2,4+4,"Two-bedroom, in historic building, with elevator, near metro M3."
ML-2025-01146,28/12/2024,Baggio,1150,83,4,3,2,5th,True,partly furnished,auto.,,1994.0,,230.0,3,3+2,"Apartment, with elevator."
ML-2025-01529,20/03/2025,Greco,800,58,3,2,1,1st,True,unfurnished,autonomous,E,1987.0,M1,200.0,3,4+4,"Two-bedroom, with elevator, near metro M1."
ML-2025-01895,2024-10-19,Bocconi,950,38,2,1,1,1,True,unfurnished,central,,1986.0,M3,210.0,1,temporary,"Studio, with elevator, near metro M3."
ML-2025-00967,2024-10-11,De Angeli,2700,125,5,5,2,8th,True,partly furnished,central,D,2005.0,M1,50.0,3,4+4,"Large apartment, with elevator, near metro M1."
ML-2025-02052,22 December 2024,Città Studi,1500,72,4,3,2,4,True,unfurn.,autonomous,F,1942.0,M2,230.0,1,temporary,"Apartment, in historic building, with elevator, near metro M2."
ML-2025-00446,2025-01-10,Corvetto,1050,92,4,3,2,5,True,unfurnished,central,G,1937.0,M3,,2,4+4,"Apartment, in historic building, with elevator, near metro M3."
ML-2025-00509,2024-12-05,Corvetto,1500,102,4,3,2,5,True,furnished,autonomous,,,M3,260.0,3,3+2,
ML-2025-01008,2025-01-23,Quarto Oggiaro,750,74,3,2,1,ground floor,False,partly furnished,heat pump,G,1965.0,M3,250.0,2,4+4,"Two-bedroom, near metro M3."
ML-2025-00831,28/10/2024,Navigli,1400,56,3,2,1,5,True,furnished,autonomous,,1930.0,M2,190.0,2,3+2,"Two-bedroom, in historic building, with elevator, near metro M2."
ML-2025-01084,2025-02-03,Baggio,350,29,1,1,1,4,True,furnished,autonomous,G,1949.0,,190.0,1,student,"Studio, in historic building, with elevator."
ML-2025-01888,2025-01-13,Navigli,80,37,2,1,1,3,True,unfurnished,AUTONOMOUS,E,1964.0,M2,90.0,3,4+4,"Studio, with elevator, near metro M2."
ML-2025-00549,2024-12-27,Città Studi,1500,80,4,4,1,4th,True,partly furnished, autonomous,F,1966.0,M2,80.0,2,4+4,"Apartment, with elevator, near metro M2."
ML-2025-00125,2025-01-14,Navigli,1050,54,2,1,1,4,True,unfurnished,central,G,1957.0,M2,100.0,1,temporary,"One-bedroom, with elevator, near metro M2."
ML-2025-00870,2025-03-09,Corvetto,650,46,2,1,1,4th,True,partly furnished,autonomous,D,1994.0,M3,220.0,3,4+4,"One-bedroom, with elevator, near metro M3."
ML-2025-00801,2025-03-31,Lambrate,1550,95,4,3,2,4th,True,partly furnished,autonomous,G,1950.0,M2,200.0,2,4+4,"Apartment, with elevator, near metro M2."
ML-2025-02177,2025-01-16,Isola,2550,95,4,3,2,5,True,furnished,central,E,1918.0,M5,120.0,2,3+2,"Apartment, in historic building, with elevator, near metro M5."
ML-2025-01420,2024-12-24,Corvetto,1400,107,5,4,1,5th,True,furnished,central,F,1918.0,M3,160.0,3,4+4,"Large apartment, in historic building, with elevator, near metro M3."
ML-2025-01694,2025-01-10,Porta Romana,1550,77,4,3,2,3,True,unfurnished,central,,1900.0,M3,100.0,2,3+2,"Apartment, in historic building, with elevator, near metro M3."
ML-2025-02064,2025-02-06,Città Studi,1050,58,4,3,1,2th,True,unfurnished,autonomous,D,1986.0,M2,130.0,3,3+2,
ML-2025-01309,11/01/2025,Porta Garibaldi,1300,61,3,3,1,4,True,unfurnished,autonomous,F,,M5,300.0,1,student,"Two-bedroom, in historic building, with elevator, near metro M5."
ML-2025-02420,2024-11-23,Tortona,1750,71,3,2,1,2,True,partly furnished,central,D,2006.0,M2,80.0,2,4+4,"Two-bedroom, with elevator, near metro M2."
ML-2025-02008,2024-12-29,Affori,1600,111,4,3,2,1,False,partly furnished,autonomous,E,1970.0,M3,160.0,2,4+4,"Large apartment, near metro M3."
ML-2025-01286,2025-03-24,Città Studi,1150,49,2,2,1,ground floor,True,partly furnished,centr.,E,2001.0,M2,50.0,2,3+2,"One-bedroom, with elevator, near metro M2."
ML-2025-02232,2025-03-31,Brera,850,25,2,2,1,2,False,furnished,CENTR.,G,1969.0,M2,70.0,2,4+4,"Studio, near metro M2."
ML-2025-00347,12/02/2025,Bicocca,1400,82,3,2,1,6,True,partly furnished,central,B,2016.0,M5,100.0,3,4+4,"Two-bedroom, recently built, with elevator, near metro M5."
ML-2025-02363,6 November 2024,Isola,1000,49,2,1,1,1st,False,Furnished, autonomous,G,1962.0,M5,130.0,3,4+4,"One-bedroom, near metro M5."
ML-2025-01328,2024-10-26,Affori,900,59,3,2,1,1,True,partly furn.,heat pump,D,1993.0,M3,90.0,2,4+4,"Two-bedroom, with elevator, near metro M3."
ML-2025-02229,2025-02-07,Isola,1800,78,2,1,1,3th,True,unfurnished,autonomous,E,1999.0,M5,250.0,3,4+4,"One-bedroom, with elevator, near metro M5."
ML-2025-00230,2025-03-14,Bicocca,1400,80,3,2,1,5th,True,partly furnished,Autonomous,F,1988.0,,130.0,1,temporary,"Two-bedroom, with elevator, near metro M5."
ML-2025-02227,2024-10-06,Isola,1050,56,4,3,1,4th,True,furnished,central,,1942.0,M5,270.0,2,4+4,"Apartment, in historic building, with elevator, near metro M5."
ML-2025-02303,2025-02-15,Città Studi,1450,65,2,1,2,1,False,furnished,autonomous,D,1973.0,M2,270.0,2,4+4,"One-bedroom, near metro M2."
ML-2025-01588,04/03/2025,NoLo,1100,65,3,2,2,2th,False,unfurnished,autonomous,,1955.0,M1,80.0,3,4+4,"Two-bedroom, near metro M1."
ML-2025-00687,2024-12-29,Sempione,1450,67,2,1,1,2th,False,partly furnished,central,E,1933.0,M5,220.0,1,temporary,"One-bedroom, in historic building, near metro M5."
ML-2025-00007,2024-11-02,Quadrilatero,2000,61,3,2,2,1st,False,partly furnished,Central,G,1943.0,M1,300.0,3,4+4,"Two-bedroom, in historic building, near metro M1."
ML-2025-02056,2025-03-12,Lambrate,1400,88,3,2,2,0,False,furnished,Central,,1927.0,M2,100.0,3,3+2,"Two-bedroom, in historic building, near metro M2."
ML-2025-02007,2024-11-30,NoLo,3600,149,5,4,2,4,True,furnished,central,E,1978.0,M2,140.0,1,temporary,"Large apartment, with elevator, near metro M2."
ML-2025-01466,2024-11-13,Brera,€ 4150,116 sqm,5,4,2,4,True,furnished,auto.,D,1976.0,M3,,2,3+2,"Large apartment, with elevator, near metro M3."
ML-2025-02013,25/02/2025,Baggio,950,76,3,2,1,4,True,partly furnished,autonomous,,1973.0,,130.0,3,4+4,
ML-2025-01045,16/01/2025,Baggio,850,80,5,5,1,2th,False,empty,central,E,1943.0,,80.0,1,student,"Apartment, in historic building."
ML-2025-01040,2024-12-19,Isola,1250,47,2,1,1,3th,True,furnished,AUTONOMOUS,E,,M5,160.0,3,3+2,"One-bedroom, in historic building, with elevator, near metro M5."
ML-2025-02379,10/23/2024,NoLo,1550,97,4,3,1,2,False,furnished,Central,F,1914.0,M1,290.0,2,4+4,
ML-2025-02079,2025-02-13,Lorenteggio,1350,72,2,1,1,2,True,furnished,heat pump,A,2012.0,,60.0,2,3+2,"One-bedroom, recently built, with elevator."
ML-2025-01023,2024-10-13,Corvetto,500,34,1,1,1,2,True,unfurnished,autonomous,A4,2023.0,M3,130.0,2,4+4,"Studio, recently built, with elevator, near metro M3."
ML-2025-00037,2024-10-22,Isola,1650,62,2,1,1,1,True,furnished,central,,1999.0,M5,130.0,3,4+4,"One-bedroom, with elevator, near metro M5."
ML-2025-02132,10/07/2024,Centro Storico,1650,72,3,2,2,4,True,unfurnished,central,,,M1,280.0,3,4+4,"Two-bedroom, in historic building, with elevator, near metro M1."
ML-2025-01864,2025-02-02,Bocconi,2600,106,4,3,2,1,False,partly furnished,Autonomous,D,1975.0,M3,90.0,1,student,"Large apartment, near metro M3."
ML-2025-00727,2025-03-02,Porta Romana,2050,90,4,4,1,3,False,PARTLY,Autonomous,,1971.0,M3,150.0,1,temporary,"Apartment, near metro M3."
ML-2025-01337,2025-02-08,Navigli,€ 1050,42,2,1,1,GF,False,Furnished,autonomous,F,1972.0,M2,,3,3+2,"One-bedroom, near metro M2."
ML-2025-01735,05/12/2024,Porta Romana,1150,53,2,1,1,3,True,unfurnished,autonomous,E,,M3,120.0,3,4+4,"One-bedroom, in historic building, with elevator, near metro M3."
ML-2025-00168,2024-10-05,Magenta,2400,88,5,4,1,5th,True,partly furnished,autonomous,C,2008.0,M1,130.0,2,4+4,"Apartment, with elevator, near metro M1."
ML-2025-00820,2024-12-13,Porta Garibaldi,1300,51,1,1,1,first,True,furnished,heat pump,D,1984.0,M2,,1,temporary,"Apartment, with elevator, near metro M2."
ML-2025-00260,2024-11-12,Porta Venezia,1550,51,2,1,1,6,True,partly furnished,central,A4,2023.0,M1,100.0,3,4+4,"One-bedroom, recently built, with elevator, near metro M1."
ML-2025-00791,07/02/2025,Porta Romana,1250,55,4,4,1,5,True,FURNISHED,central,E,,M3,,1,student,"Apartment, in historic building, with elevator, near metro M3."
ML-2025-00842,11/10/2024,Lambrate,650,44,2,1,1,4th,True,unfurnished,autonomous,,2002.0,M2,,2,4+4,"One-bedroom, with elevator, near metro M2."
ML-2025-01743,2025-01-24,Affori,950,63,4,3,1,7,True,unfurnished,autonomous,E,2001.0,M3,160.0,1,temporary,
ML-2025-00861,2024-12-30,AFFORI,750,65,2,1,1,GF,False,partly furnished, autonomous,F,1942.0,M3,90.0,1,temporary,"One-bedroom, in historic building, near metro M3."
ML-2025-02002,05/11/2024,Navigli,2150,90,4,3,2,4,True,furn.,central,D,1999.0,M2,70.0,3,4+4,"Apartment, with elevator, near metro M2."
ML-2025-01174,2024-12-20,Navigli,1600,79,3,2,2,1,False,partly furnished,Central,G,1901.0,,130.0,2,3+2,"Two-bedroom, in historic building, near metro M2."
ML-2025-00132,01/22/2025,Navigli,1000,42,1,1,1,2,False,furnished,autonomous,E,1968.0,M2,200.0,2,4+4,
ML-2025-00685,2024-11-29,Corvetto,650,57,3,2,1,3,True,partly furnished,heat pump,,1910.0,M3,190.0,1,student,"Two-bedroom, in historic building, with elevator, near metro M3."
ML-2025-00050,2024-10-08,Magenta,1150,49,2,1,1,2,True,furnished,central,,,M1,270.0,2,3+2,"One-bedroom, in historic building, with elevator, near metro M1."
ML-2025-01523,2024-11-09,Porta Garibaldi,1000,44,1,1,1,2,False,unfurnished,autonomous,,1924.0,M5,180.0,3,4+4,"Apartment, in historic building, near metro M5."
ML-2025-01334,09/03/2025,Lorenteggio,450,43,1,1,1,G,False,empty,autonomous,,1969.0,,,2,4+4,Apartment.
ML-2025-01676,2024-10-05,Isola,1400,77,3,2,2,1,True,unfurnished,CENTR.,D,2001.0,M5,200.0,2,3+2,"Two-bedroom, with elevator, near metro M5."
ML-2025-01580,26/01/2025,Bocconi,2700,119,4,3,2,first,False,unfurnished,autonomous,,1979.0,M3,70.0,2,3+2,
ML-2025-00997,2024-11-20,corvetto,1550,105,4,3,1,4th,True,PARTLY,central,C,2011.0,M3,170.0,1,student,"Large apartment, recently built, with elevator, near metro M3."
ML-2025-01078,12/27/2024,Lambrate,1050,61,3,3,2,4,True,furnished,CENTR.,C,1995.0,M2,240.0,2,4+4,"Two-bedroom, with elevator, near metro M2."
ML-2025-01261,2025-01-23,Isola,€ 3100,115,5,4,2,7,True,furnished,autonomous,B,2013.0,M5,,3,4+4,"Large apartment, recently built, with elevator, near metro M5."
ML-2025-00481,31/12/2024,Bicocca,600,39,2,1,1,GF,True,empty,auto.,F,1987.0,M5,,3,3+2,
ML-2025-01708,2025-02-04,Navigli,1750,76,2,2,2,5,True,FURNISHED,autonomous,B,2014.0,M2,240.0,1,student,"One-bedroom, recently built, with elevator, near metro M2."
ML-2025-01817,3 December 2024,Isola,700,29,1,1,1,2th,True,Furnished,autonomous,,1987.0,M5,170.0,2,4+4,"Studio, with elevator, near metro M5."
ML-2025-00464,2024-11-16,Sempione,€ 1650,81,4,3,2,3th,False,furnished,central,G,1915.0,,,3,4+4,"Apartment, in historic building, near metro M1."
ML-2025-01478,12/05/2024,Affori,1100,74,3,2,1,7th,True,partly furnished,Central,E,1990.0,M3,130.0,3,3+2,"Two-bedroom, with elevator, near metro M3."
ML-2025-02371,03/04/2025,Bicocca,1800,90,4,3,2,6,True,furnished,central,C,1991.0,M5,100.0,2,4+4,"Apartment, with elevator, near metro M5."
ML-2025-00621,2024-11-16,Magenta,1700,65,3,2,1,3,False,furnished,central,G,,M2,,3,4+4,"Two-bedroom, in historic building, near metro M2."
ML-2025-00275,2025-02-27,Città Studi,1800,67,2,1,1,6th,True,furnished,central,,1997.0,M2,220.0,3,3+2,"One-bedroom, with elevator, near metro M2."
ML-2025-01947,2025-01-05,NoLo,1200,84,4,3,1,1,False,partly furnished,autonomous,,,M1,100.0,3,4+4,"Apartment, in historic building, near metro M1."
ML-2025-00899,28/12/2024,Centro Storico,1650,53,2,1,1,4,True,partly furnished,central,,1945.0,M1,210.0,2,4+4,"One-bedroom, in historic building, with elevator, near metro M1."
ML-2025-00794,2025-03-09,Sempione,950,55,3,2,1,1st,False,unfurnished,central,E,1900.0,M1,300.0,3,4+4,"Two-bedroom, in historic building, near metro M1."
ML-2025-00966,09/03/2025,Porta Garibaldi,1900,72,3,2,1,7th,True,unfurnished,central,A,2017.0,M2,250.0,2,3+2,"Two-bedroom, recently built, with elevator, near metro M2."
ML-2025-01149,2024-11-05,Quarto Oggiaro,450,41,2,2,1,7,True,furnished,autonomous,C,2013.0,M3,110.0,3,4+4,"One-bedroom, recently built, with elevator, near metro M3."
ML-2025-01037,2024-10-04,Porta Garibaldi,€ 2350,76 sqm,3,2,1,1,True,furnished,central,E,1993.0,M2,,2,4+4,"Two-bedroom, with elevator, near metro M2."
ML-2025-01057,2025-03-02,Zone Affori,750,55,3,3,1,3,True,unfurnished,autonomous,F,,M3,260.0,3,4+4,"Two-bedroom, in historic building, with elevator, near metro M3."
ML-2025-02199,2024-12-12,bocconi,1250,67,2,1,2,4th,True,unfurnished,heat pump,G,1943.0,M3,130.0,3,3+2,"One-bedroom, in historic building, with elevator, near metro M3."
ML-2025-02025,2024-11-12,NoLo,1600,83,4,3,1,2,True,furnished,central,B,2023.0,M2,230.0,3,4+4,"Apartment, recently built, with elevator, near metro M2."
ML-2025-00301,19/03/2025,Brera,3700,109,4,3,2,3,False,unfurnished,central,E,1976.0,M3,200.0,2,4+4,"Large apartment, near metro M3."
ML-2025-02028,2025-03-08,Lorenteggio,600,48,2,1,1,1st,True,partly furnished,autonomous,D,1989.0,,130.0,3,4+4,"One-bedroom, with elevator."
ML-2025-00489,10/01/2025,Corvetto,750,46,2,1,1,2,True,furnished,central,D,2010.0,M3,120.0,2,4+4,"One-bedroom, with elevator, near metro M3."
ML-2025-01115,10/03/2025,Sempione,€ 2600,90 sqm,4,3,2,5th,True,furnished,CENTR.,A1,2021.0,M1,,3,4+4,"Apartment, recently built, with elevator, near metro M1."
ML-2025-00897,07/11/2024,Isola,2350,106,4,4,2,ground,False,FURNISHED,autonomous,G,1946.0,M5,300.0,2,4+4,
ML-2025-00620,2024-12-02,De Angeli,1450,77,3,2,1,6,True,unfurnished,central,A1,2020.0,M1,60.0,2,4+4,"Two-bedroom, recently built, with elevator, near metro M1."
ML-2025-01737,2025-03-28,NoLo,€ 1350,96 sqm,3,2,2,2th,False,partly furnished,central,G,1939.0,M1,,2,3+2,"Two-bedroom, in historic building, near metro M1."
ML-2025-01360,2025-02-04,Sempione,1250,46,2,1,1,6th,True,furnished,central,D,2003.0,M1,160.0,2,4+4,"One-bedroom, with elevator, near metro M1."
ML-2025-02259,2024-10-13,Isola,500,25,2,1,1,5,True,furnished,central,F,1935.0,M5,300.0,2,3+2,"Studio, in historic building, with elevator, near metro M5."
ML-2025-02402,2025-02-07,Porta Venezia,2500,107,3,2,1,1,True,partly furnished,autonomous,D,2007.0,M1,190.0,2,3+2,"Large apartment, with elevator, near metro M1."
ML-2025-00812,17/12/2024,Quarto Oggiaro,300,35,1,1,1,3,False,unfurnished,autonomous,G,1946.0,M3,260.0,3,4+4,"Studio, in historic building, near metro M3."
ML-2025-01803,26/01/2025,Porta Garibaldi,2000,72,3,3,1,5,True,unfurnished,autonomous,A2,2023.0,M2,100.0,1,temporary,"Two-bedroom, recently built, with elevator, near metro M2."
ML-2025-01951,19/11/2024,Porta Venezia,2350,99,4,3,2,1,False,unfurnished,central,E,1932.0,M1,230.0,1,student,"Apartment, in historic building, near metro M1."
ML-2025-00413,15/02/2025,Corvetto,1600,104,3,3,2,2,False,furnished,autonomous,E,1922.0,M3,320.0,2,3+2,"Large apartment, in historic building, near metro M3."
ML-2025-01929,2025-02-28,Bicocca,1400,87,5,4,1,7,True,unfurnished,central,,1987.0,M5,90.0,3,4+4,"Apartment, with elevator, near metro M5."
ML-2025-01785,2025-01-08,Lambrate,300,27,1,1,1,1,False,unfurnished,autonomous,,,M2,260.0,1,temporary,"Studio, in historic building, near metro M2."
ML-2025-01783,2024-11-13,Città Studi,1000,44,2,1,1,4th,True,furnished,autonomous,G,1945.0,M2,310.0,1,student,
ML-2025-01717,2025-03-17,Quadrilatero,3200,107,5,4,2,first,False,partly furnished,AUTONOMOUS,G,1937.0,M1,310.0,3,4+4,"Large apartment, in historic building, near metro M1."
ML-2025-01191,2025-02-21,Quadrilatero,700,20,1,1,1,first,False,partly furnished,central,G,,M3,140.0,1,temporary,"Studio, in historic building, near metro M3."
ML-2025-00468,23 December 2024,Quarto Oggiaro,500,58,2,1,1,2,False,partly furnished,central,,1962.0,,290.0,3,3+2,"One-bedroom, near metro M3."
ML-2025-00546,2025-01-28,Porta Garibaldi,3150,109,5,4,1,2,True,furnished,autonomous,,1986.0,M5,50.0,2,4+4,"Large apartment, with elevator, near metro M5."
ML-2025-01366,2025-03-09,Porta Romana,1050,52,2,1,1,2,False,partly furnished,heat pump,G,1916.0,M3,100.0,3,4+4,"One-bedroom, in historic building, near metro M3."
ML-2025-00374,2025-02-28,Lambrate,1350,83,4,3,2,first,False,partly furnished,central,F,1968.0,M2,80.0,2,4+4,
ML-2025-01054,28/03/2025,Greco,1750,101,4,3,2,3,True,Furnished,autonomous,,1993.0,M1,170.0,2,4+4,"Large apartment, with elevator, near metro M1."
ML-2025-01850,24/11/2024,Zone Bicocca,1250,78,3,2,1,GF,True,unfurnished,autonomous,E,1986.0,M5,190.0,2,3+2,"Two-bedroom, with elevator, near metro M5."
ML-2025-02011,13 February 2025,Centro Storico,2150,76,2,1,1,1st,False,partly furnished,auto.,,1955.0,M1,100.0,1,temporary,"One-bedroom, near metro M1."
ML-2025-01914,2024-11-21,Tortona,1900,107,5,4,2,1st,False,furnished,central,G,1931.0,M2,260.0,2,4+4,
ML-2025-00351,2024-12-08,Città Studi,1800,73,4,3,1,3,True,partly furnished,autonomous,E,2003.0,M2,210.0,2,3+2,"Apartment, with elevator, near metro M2."
ML-2025-01656,11/26/2024,Corvetto,950,59,2,1,1,4,True,PARTLY,central,E,2002.0,M3,,3,4+4,"One-bedroom, with elevator, near metro M3."
ML-2025-00962,10/11/2024,Sempione,1150,64,4,3,2,3th,False,furnished,autonomous,G,1908.0,M1,160.0,1,temporary,"Apartment, in historic building, near metro M1."
ML-2025-01456,2025-02-26,Corvetto,1000,72,3,2,2,first,False,furnished,autonomous,G,1914.0,M3,,3,4+4,"Two-bedroom, in historic building, near metro M3."
ML-2025-00884,2025-02-26,Porta Venezia,1000,42,3,2,1,2th,False,partly furnished,central,,1924.0,,190.0,3,3+2,"Two-bedroom, in historic building, near metro M1."
ML-2025-01715,31/10/2024,Quadrilatero,3200,68,3,2,2,4,True,furnished,heat pump,C,2011.0,M3,190.0,2,4+4,"Two-bedroom, recently built, with elevator, near metro M3."
ML-2025-01573,2025-01-05,De Angeli,3650,154,5,4,2,6th,True,furnished,autonomous,B,2014.0,M1,140.0,2,4+4,"Large apartment, recently built, with elevator, near metro M1."
ML-2025-00082,09/03/2025,Bicocca,1100,70,2,1,1,4,True,unfurnished,autonomous,B,2012.0,M5,90.0,3,4+4,"One-bedroom, recently built, with elevator, near metro M5."
ML-2025-00755,13/12/2024,Porta Romana,1750,85,4,3,1,5,True,partly furnished,central,F,1986.0,M3,90.0,1,student,"Apartment, with elevator, near metro M3."
ML-2025-00644,2024-11-18,Porta Garibaldi,1750,61,3,2,1,7,True,partly furnished,autonomous,,1982.0,M2,,2,4+4,"Two-bedroom, with elevator, near metro M2."
ML-2025-00729,2024-11-20,Navigli,850,44,2,2,1,1st,False,partly furnished,centr.,,1942.0,M2,310.0,2,3+2,"One-bedroom, in historic building, near metro M2."
ML-2025-01777,2025-03-03,Lambrate,800,57,2,1,1,5,True,unfurnished,autonomous,C,1994.0,M2,230.0,3,4+4,"One-bedroom, with elevator, near metro M2."
ML-2025-02502,2024-10-30,Brera,2600,69,3,3,1,1st,False,partly furnished,central,E,,M2,200.0,1,temporary,"Two-bedroom, in historic building, near metro M2."
ML-2025-00556,2025-02-04,NoLo,650,27,1,1,1,ground,True,furnished,central,E,2002.0,M2,200.0,3,3+2,"Studio, with elevator, near metro M2."
ML-2025-00679,14 January 2025,Lorenteggio,1500,137,5,4,2,0,False,unfurnished,central,,1968.0,,80.0,1,temporary,Large apartment.
ML-2025-00828,03/01/2025,Porta Garibaldi,1850,71,3,2,2,ground floor,True,partly furnished,central,D,2008.0,M5,80.0,3,4+4,
ML-2025-01413,24/02/2025,Isola,750,34,2,2,1,3,False,partly furnished,central,G,1947.0,M5,190.0,2,4+4,"Studio, in historic building, near metro M5."
ML-2025-00882,2024-11-21,Lambrate,600,41,1,1,1,0,True,PARTLY,heat pump,F,1989.0,M2,100.0,1,student,"Apartment, with elevator, near metro M2."
ML-2025-01506,04/02/2025,NoLo,1650,70,3,2,2,7,True,furnished,autonomous,A1,2021.0,M1,80.0,3,4+4,"Two-bedroom, recently built, with elevator, near metro M1."
ML-2025-00923,2025-03-21,Baggio,300,22,1,1,1,4,True,partly furnished,autonomous,,1980.0,,140.0,2,4+4,"Studio, with elevator."
ML-2025-01703,2025-01-06,Isola,3100,107,3,2,2,4th,True,furn.,autonomous,A3,2015.0,M5,110.0,1,temporary,"Large apartment, recently built, with elevator, near metro M5."
ML-2025-01858,12/12/2024,Città Studi,850,41,2,1,1,2,False,furnished,autonomous,,1901.0,M2,310.0,2,3+2,"One-bedroom, in historic building, near metro M2."
ML-2025-02507,24/03/2025,Magenta,2050,79,3,2,2,4,True,partly furnished,autonomous,,1992.0,M1,100.0,1,temporary,"Two-bedroom, with elevator, near metro M1."
ML-2025-00221,2025-01-02,Bicocca,1000,62,3,2,2,2,True,unfurnished,central,C,1996.0,M5,130.0,3,3+2,"Two-bedroom, with elevator, near metro M5."
ML-2025-01675,2024-11-05,Affori,950,58,4,3,1,2,True,furnished,autonomous,C,2006.0,M3,130.0,3,4+4,"Apartment, with elevator, near metro M3."
ML-2025-00834,22 October 2024,Magenta,1150,47,2,1,1,3,True,furnished,autonomous,G,1945.0,M1,70.0,2,4+4,"One-bedroom, in historic building, with elevator, near metro M1."
ML-2025-01135,2025-02-22,Lambrate,1850,101,4,3,2,5th,True,furnished,autonomous,,,M2,140.0,1,temporary,"Large apartment, in historic building, with elevator, near metro M2."
ML-2025-00398,4 January 2025,NoLo,1650,78,3,2,2,4,True,unfurn.,autonomous,A,2019.0,M1,110.0,3,4+4,"Two-bedroom, recently built, with elevator, near metro M1."
ML-2025-01047,2024-11-17,Navigli,2400,102,4,3,2,4,True,partly furnished,autonomous,,1994.0,M2,60.0,1,temporary,"Large apartment, with elevator, near metro M2."
ML-2025-00378,2024-10-10,Centro Storico,10484,51,2,1,1,first,False,furnished,autonomous,G,1908.0,M1,80.0,2,3+2,"Prestigious penthouse with panoramic view, luxury finishes."
ML-2025-02465,2025-03-11,Bicocca,1450,76,4,3,1,4th,True,unfurnished,heat pump,D,1987.0,M5,150.0,2,3+2,"Apartment, with elevator, near metro M5."
ML-2025-02207,2024-11-06,Isola,2200,98,3,2,1,3th,False,furnished,central,F,1907.0,M5,70.0,3,4+4,"Two-bedroom, in historic building, near metro M5."
ML-2025-01182,06/02/2025,Porta Garibaldi,1300,52,1,1,1,4,True,furnished,autonomous,G,1969.0,M5,120.0,3,4+4,"Apartment, with elevator, near metro M5."
ML-2025-01590,2025-03-01,De Angeli,850,35,2,1,1,2th,False,furn.,central,F,1903.0,M1,70.0,1,student,"Studio, in historic building, near metro M1."
ML-2025-01683,2024-11-02,BICOCCA,850,48,2,2,1,2,True,unfurnished,autonomous,C,2009.0,M5,120.0,2,4+4,"One-bedroom, with elevator, near metro M5."
ML-2025-02487,2024-12-15,Città Studi,1500,80,5,4,2,4th,True,furnished,central,,1945.0,M2,250.0,3,3+2,"Apartment, in historic building, with elevator, near metro M2."
ML-2025-00321,26/11/2024,Bocconi,2850,107,3,2,1,2,True,furnished,autonomous,D,1997.0,M3,50.0,1,temporary,"Large apartment, with elevator, near metro M3."
ML-2025-00595,2024-11-16,Baggio,300,23,1,1,1,2,True,Furnished,heat pump,D,1996.0,,210.0,2,4+4,"Studio, with elevator."
ML-2025-02480,2025-03-17,Affori,1000,72,3,2,1,3,True,furnished,autonomous,G,1957.0,M3,120.0,2,3+2,"Two-bedroom, with elevator, near metro M3."
ML-2025-01924,2024-10-17,Porta Garibaldi,1950,82,5,4,1,5th,True,furnished,autonomous,F,1984.0,M2,210.0,2,4+4,"Apartment, with elevator, near metro M2."
ML-2025-00813,26/02/2025,Porta Romana,1350,54,2,2,1,1,False,furnished,central,,1922.0,M3,290.0,2,4+4,"One-bedroom, in historic building, near metro M3."
ML-2025-00187,2024-11-30,greco,1050,63,3,2,1,8,True,furnished,autonomous,B,2018.0,M1,130.0,2,4+4,
ML-2025-02407,2025-03-18,Tortona,1000,50,2,2,1,1,False,partly furnished,central,G,,,250.0,2,4+4,
ML-2025-00541,28/11/2024,Corvetto,700,58,3,2,1,1,False,partly furnished,autonomous,F,1929.0,,320.0,2,3+2,"Two-bedroom, in historic building, near metro M3."
ML-2025-01519,2025-01-22,Navigli,1250,59,3,2,1,2,False,unfurnished,autonomous,G,1956.0,M2,130.0,2,4+4,"Two-bedroom, near metro M2."
ML-2025-02133,14 October 2024,Bocconi,2850,109,4,3,2,8,True,furnished,autonomous,C,2007.0,M3,160.0,2,4+4,"Large apartment, with elevator, near metro M3."
ML-2025-01515,2024-12-12,Navigli,2100,98,4,3,1,2th,False,FURNISHED,CENTR.,,1945.0,M2,90.0,3,4+4,"Apartment, in historic building, near metro M2."
ML-2025-00364,2025-02-26,Bocconi,2100,87,3,2,1,4th,True,unfurnished,central,,1983.0,M3,60.0,2,4+4,"Two-bedroom, with elevator, near metro M3."
ML-2025-00529,08/12/2024,Brera,2050,66,2,1,2,5,True,unfurnished,central,,1901.0,M3,110.0,1,temporary,"One-bedroom, in historic building, with elevator, near metro M3."
ML-2025-02481,2024-12-17,Isola,€ 2000,83 sqm,3,2,1,5th,True,furnished,central,G,1953.0,M5,,3,3+2,"Two-bedroom, with elevator, near metro M5."
ML-2025-01457,2025-03-28,Lambrate,600,39,3,2,1,1st,False,unfurnished,Heat pump,G,1909.0,M2,100.0,2,3+2,"Studio, in historic building, near metro M2."
ML-2025-00448,2024-11-22,Affori,450,42,2,1,1,3th,False,unfurnished,autonomous,G,1944.0,,130.0,1,temporary,"One-bedroom, in historic building, near metro M3."
ML-2025-00480,2024-12-22,Bocconi,3050,115,5,4,2,6,True,furnished,heat pump,E,1992.0,M3,190.0,1,temporary,"Large apartment, with elevator, near metro M3."
ML-2025-01593,2025-01-19,Porta Romana,950,31,1,1,1,7,True,furnished,heat pump,,1998.0,M3,220.0,1,temporary,"Studio, with elevator, near metro M3."
ML-2025-01297,11/11/2024,Magenta,2250,107,5,5,1,1,False,partly furnished,central,D,1978.0,M1,140.0,3,4+4,"Large apartment, near metro M1."
ML-2025-00854,2024-12-27,Baggio,1250,92,5,5,1,4th,True,partly,central,D,1982.0,,210.0,3,3+2,"Apartment, with elevator."
ML-2025-01899,01/13/2025,Porta Garibaldi,1700,55,3,2,1,8,True,furnished,autonomous,E,1998.0,M2,210.0,1,student,"Two-bedroom, with elevator, near metro M2."
ML-2025-00715,21/11/2024,Porta Garibaldi,2250,76,3,2,2,2,True,furnished,central,,1993.0,M2,140.0,1,student,"Two-bedroom, with elevator, near metro M2."
ML-2025-02023,01/09/2025,Corvetto,1000,73,2,1,2,2th,False,furnished,autonomous,G,1916.0,M3,120.0,2,4+4,
ML-2025-00167,2025-03-29,Porta Garibaldi,2200,88,3,2,1,2,False,unfurnished,autonomous,,,M2,280.0,3,4+4,"Two-bedroom, in historic building, near metro M2."
ML-2025-00102,2025-01-15,Bicocca,1350,63,4,3,2,2th,True,furnished,autonomous,D,2003.0,M5,100.0,2,4+4,"Apartment, with elevator, near metro M5."
ML-2025-02510,2024-12-28,porta garibaldi,892,36,3,2,1,4th,True,unfurnished,autonomous,F,1982.0,M5,180.0,2,4+4,"Studio, with elevator, near metro M5."
ML-2025-02274,2024-11-23,Bicocca,650,41,2,1,1,ground,True,partly furnished,autonomous,,1981.0,M5,240.0,3,4+4,
ML-2025-00099,13/02/2025,Centro Storico,2450,93,5,4,1,3,False,unfurnished,autonomous,G,1950.0,M3,190.0,2,4+4,"Apartment, near metro M3."
ML-2025-02135,02/03/2025,de angeli,1650,84,4,3,2,3,True,furnished,autonomous,G,1933.0,M1,210.0,2,4+4,"Apartment, in historic building, with elevator, near metro M1."
ML-2025-00557,25/03/2025,Porta Romana,1400,60,3,2,1,1,True,unfurnished,central,B,2008.0,M3,150.0,2,3+2,
ML-2025-00927,10/01/2025,Isola,1800,57,4,3,1,2th,True,FURNISHED,central,A3,2019.0,M5,90.0,2,3+2,"Apartment, recently built, with elevator, near metro M5."
ML-2025-01915,23 March 2025,NoLo,2050,97,4,3,1,7th,True,FURNISHED,heat pump,E,2003.0,M2,170.0,3,3+2,
ML-2025-01140,2024-11-26,Sempione,1700,93,4,3,1,1,False,unfurnished,central,E,1976.0,M5,230.0,3,4+4,"Apartment, near metro M5."
ML-2025-02381,2024-11-25,Greco,2350,145,4,3,2,1,True,furnished,autonomous,,1986.0,M1,150.0,2,4+4,"Large apartment, with elevator, near metro M1."
ML-2025-01002,2025-01-16,Bocconi,1200,43,2,1,1,5,True,furnished,autonomous,F,1982.0,M3,230.0,1,temporary,"One-bedroom, with elevator, near metro M3."
ML-2025-01087,2024-10-23,Sempione,1350,79,3,2,2,5,True,unfurnished,autonomous,G,1956.0,M5,260.0,1,student,"Two-bedroom, with elevator, near metro M5."
ML-2025-01212,2024-12-19,NoLo,1950,90,4,3,2,4,True,furnished,autonomous,,1948.0,M2,170.0,1,student,"Apartment, in historic building, with elevator, near metro M2."
ML-2025-00550,26/10/2024,Affori,1200,83,4,3,2,3,True,unfurnished,autonomous,E,1973.0,M3,250.0,1,temporary,"Apartment, with elevator, near metro M3."
ML-2025-02258,2024-10-21,NoLo,750,32,1,1,1,6,True,FURNISHED,heat pump,A,2015.0,M2,140.0,1,temporary,"Studio, recently built, with elevator, near metro M2."
ML-2025-01520,2024-11-02,Corvetto,300,23,1,1,1,5,True,unfurnished,heat pump,A1,2017.0,M3,150.0,2,4+4,"Studio, recently built, with elevator, near metro M3."
ML-2025-00807,2025-03-17,Corvetto,850,54,2,1,1,ground floor,True,FURNISHED,central,F,1982.0,M3,70.0,1,student,"One-bedroom, with elevator, near metro M3."
ML-2025-01934,10/12/2024,Sempione,2200,99,4,3,1,3th,True,furnished,centr.,,1967.0,M1,260.0,2,4+4,"Apartment, with elevator, near metro M1."
ML-2025-00907,2025-03-13,Greco,1300,82,4,3,2,1st,True,furnished,heat pump,C,1994.0,M1,130.0,2,3+2,"Apartment, with elevator, near metro M1."
ML-2025-01538,2024-12-25,Lambrate,€ 1000,57 sqm,2,1,1,4th,True,partly furnished,centr.,C,2003.0,M2,,2,4+4,
ML-2025-01462,2025-03-24,Bicocca,1600,78,4,3,2,0,True,furnished,autonomous,A1,2018.0,M5,180.0,2,4+4,"Apartment, recently built, with elevator, near metro M5."
ML-2025-00704,2025-03-07,Porta Romana,850,38,2,1,1,2,True,furnished,autonomous,C,2003.0,M3,130.0,2,4+4,"Studio, with elevator, near metro M3."
ML-2025-02004,19/01/2025,Navigli,1550,77,2,1,1,5th,True,partly furnished,central,G,1924.0,M2,260.0,3,4+4,"One-bedroom, in historic building, with elevator, near metro M2."
ML-2025-01398,2024-10-06,Navigli,900,45,1,1,1,4th,True,furnished,central,G,,M2,120.0,3,4+4,"Apartment, in historic building, with elevator, near metro M2."
ML-2025-02247,2025-03-04,Quadrilatero,2000,47,2,1,1,1st,True,PARTLY,central,E,1995.0,M1,180.0,1,student,"One-bedroom, with elevator, near metro M1."
ML-2025-02116,2024-12-06,Porta Romana,650,29,1,1,1,3th,False,furnished,autonomous,,1935.0,M3,140.0,3,4+4,"Studio, in historic building, near metro M3."
ML-2025-00049,27/01/2025,Bocconi,800,35,2,2,1,5,True,PARTLY,central,,1931.0,M3,200.0,1,temporary,"Studio, in historic building, with elevator, near metro M3."
ML-2025-01117,2024-12-31,Porta Venezia,1600,73,3,2,2,2th,True,furnished,central,,1934.0,M1,180.0,1,student,"Two-bedroom, in historic building, with elevator, near metro M1."
ML-2025-02050,2024-11-09,Porta Venezia,800,38,2,1,1,3th,True,unfurnished,autonomous,G,1968.0,M1,100.0,3,4+4,"Studio, with elevator, near metro M1."
ML-2025-01665,2024-12-24,Lorenteggio,750,47,1,1,1,3th,True,unfurnished,heat pump,A,2020.0,,50.0,2,4+4,"Apartment, recently built, with elevator."
ML-2025-01046,3 March 2025,Bicocca,650,35,2,1,1,3,True,furn.,central,F,1980.0,M5,160.0,2,4+4,"Studio, with elevator, near metro M5."
ML-2025-00124,2024-10-30,Porta Venezia,950,40,2,1,1,2,True,furnished,central,C,1993.0,M1,220.0,3,3+2,"One-bedroom, with elevator, near metro M1."
ML-2025-02464,2025-02-23,Sempione,900,42,2,2,1,G,True,partly furnished,central,E,2003.0,M5,180.0,3,4+4,"One-bedroom, with elevator, near metro M5."
ML-2025-01203,02/03/2025,Centro Storico,1150,42,1,1,1,2,True,unfurnished,central,,1966.0,M1,230.0,1,student,"Apartment, with elevator, near metro M1."
ML-2025-02041,2024-12-29,Quarto Oggiaro,700,67,3,2,2,1st,False,furnished, autonomous,,1957.0,M3,210.0,3,4+4,"Two-bedroom, near metro M3."
ML-2025-02257,30/03/2025,Città Studi,€ 1400,75 sqm,2,1,2,ground floor,False,furnished,central,G,1927.0,M2,,2,4+4,"One-bedroom, in historic building, near metro M2."
ML-2025-02125,2024-10-25,Lorenteggio,1100,94,3,2,2,3th,True,partly furnished,heat pump,G,1925.0,,110.0,2,3+2,"Two-bedroom, in historic building, with elevator."
ML-2025-01923,31/10/2024,Bicocca,1050,64,3,3,1,1st,True,partly furnished,autonomous,B,2018.0,M5,150.0,3,3+2,"Two-bedroom, recently built, with elevator, near metro M5."
ML-2025-01477,2024-12-19,Greco,650,39,1,1,1,2,True,furn.,Autonomous,A,2021.0,M1,200.0,1,temporary,"Studio, recently built, with elevator, near metro M1."
ML-2025-00438,12/12/2024,Greco,1050,68,3,2,2,2,True,furnished,autonomous,D,2006.0,M1,110.0,2,4+4,"Two-bedroom, with elevator, near metro M1."
ML-2025-00653,15/12/2024,Sempione,1500,84,3,3,2,2,False,unfurnished,autonomous,G,1959.0,M1,70.0,3,4+4,"Two-bedroom, near metro M1."
ML-2025-01986,20/03/2025,Porta Venezia,2200,79,2,1,2,4th,True,furnished,autonomous,E,1995.0,M1,,3,4+4,"One-bedroom, with elevator, near metro M1."
ML-2025-02091,2024-12-06,Affori,€ 1000,80 sqm,3,2,1,5th,True,partly furnished,heat pump,B,2012.0,M3,,2,3+2,
ML-2025-02342,31 December 2024,Porta Venezia,2750,88,5,4,1,4,True,furnished,central,A,2023.0,M1,110.0,1,temporary,"Apartment, recently built, with elevator, near metro M1."
ML-2025-02245,2025-02-09,Quarto Oggiaro,800,81,4,3,2,ground floor,True,partly furnished,central,F,1984.0,M3,150.0,2,4+4,
ML-2025-01988,2025-01-05,Città Studi,850,39,2,1,1,6th,True,unfurnished,autonomous,D,2000.0,M2,80.0,2,4+4,"Studio, with elevator, near metro M2."
ML-2025-02082,2025-02-12,Quadrilatero,3200,75,3,2,1,4,True,furnished,heat pump,G,1955.0,,270.0,2,3+2,"Two-bedroom, with elevator, near metro M1."
ML-2025-00148,2025-03-08,Città Studi,1350,84,4,3,2,5,True,unfurnished,autonomous,G,1930.0,M2,260.0,2,4+4,"Apartment, in historic building, with elevator, near metro M2."
ML-2025-00890,16/03/2025,Navigli,2300,93,4,3,2,2th,False,furnished,central,G,1959.0,M2,230.0,2,3+2,"Apartment, near metro M2."
ML-2025-02298,2025-03-25,Brera,1450,46,1,1,1,3th,False,furnished,central,G,1921.0,M2,130.0,2,4+4,"Apartment, in historic building, near metro M2."
ML-2025-02235,2024-12-23,Lambrate,1450,103,4,3,1,4,True,unfurnished,central,D,2013.0,M2,180.0,2,4+4,"Large apartment, recently built, with elevator, near metro M2."
ML-2025-00175,2024-11-27,Bicocca,1000,69,3,2,2,5,True,unfurnished,autonomous,,1982.0,M5,130.0,3,3+2,"Two-bedroom, with elevator, near metro M5."
ML-2025-01074,05/11/2024,Centro Storico,2050,79,3,3,1,3,True,partly furnished,Autonomous,F,1988.0,M1,70.0,1,temporary,
ML-2025-00059,2024-11-11,Brera,2750,68,2,1,2,ground floor,False,Furnished,heat pump,D,1979.0,M2,70.0,2,4+4,"One-bedroom, near metro M2."
ML-2025-01444,2025-03-07,NoLo,400,24,1,1,1,2,True,Furnished,autonomous,F,1949.0,M1,140.0,3,4+4,"Studio, in historic building, with elevator, near metro M1."
ML-2025-02206,14/11/2024,Corvetto,750,60,3,2,1,ground floor,False,furnished,autonomous,,1952.0,M3,90.0,3,3+2,"Two-bedroom, near metro M3."
ML-2025-02209,2024-10-14,Isola,700,35,2,1,1,1st,True,partly furnished,autonomous,,1985.0,M5,170.0,2,4+4,
ML-2025-01660,2024-11-12,NoLo,1350,76,4,3,1,4th,True,furnished,autonomous,E,2001.0,M1,80.0,1,temporary,"Apartment, with elevator, near metro M1."
ML-2025-00688,2024-10-18,Isola,1650,95,4,3,2,1,False,partly furnished,Autonomous,G,1952.0,M5,240.0,3,4+4,"Apartment, near metro M5."
ML-2025-01958,02/04/2025,NoLo,1200,65,3,2,2,2,False,partly furnished,autonomous,F,1972.0,M2,230.0,2,4+4,"Two-bedroom, near metro M2."
ML-2025-00902,2024-12-16,Centro Storico,2650,87,3,2,2,3th,True,furnished,central,F,1955.0,M3,220.0,3,4+4,"Two-bedroom, with elevator, near metro M3."
ML-2025-00953,24/03/2025,Magenta,2300,87,5,4,1,3,False,furnished,central,,1943.0,M2,270.0,2,4+4,"Apartment, in historic building, near metro M2."
ML-2025-01698,27 December 2024,Porta Romana,3750,161,6,5,2,5,True,unfurnished,central,F,1978.0,M3,290.0,1,temporary,"Large apartment, with elevator, near metro M3."
ML-2025-00760,2025-01-29,Affori,700,54,2,1,1,7th,True,unfurnished,central,D,2001.0,M3,120.0,3,3+2,"One-bedroom, with elevator, near metro M3."
ML-2025-01301,22/02/2025,Centro Storico,1150,46,1,1,1,3,False,partly furnished,HP,,1979.0,M1,300.0,3,3+2,"Apartment, near metro M1."
ML-2025-00418,2024-10-13,Porta Garibaldi,1850,74,3,2,2,2,True,partly,AUTONOMOUS,,2003.0,M5,80.0,1,temporary,"Two-bedroom, with elevator, near metro M5."
ML-2025-00608,2025-03-08,Tortona,1300,60,3,2,2,3th,True,partly furnished,autonomous,E,1984.0,M2,220.0,1,temporary,"Two-bedroom, with elevator, near metro M2."
ML-2025-01856,2025-03-26,Navigli,€ 1350,63 sqm,3,2,1,G,False,partly furnished,autonomous,,1928.0,M2,,1,student,"Two-bedroom, in historic building, near metro M2."
ML-2025-00218,09/10/2024,De Angeli,1200,66,3,2,1,1,False,unfurnished, autonomous,G,1926.0,M1,300.0,3,4+4,"Two-bedroom, in historic building, near metro M1."
ML-2025-01619,2024-11-29,Bocconi,4150,156,5,4,2,1st,False,furnished,autonomous,,,M3,260.0,3,4+4,"Large apartment, in historic building, near metro M3."
ML-2025-00944,2025-01-28,Quarto Oggiaro,1050,90,4,3,1,2,True,partly furnished,autonomous,E,1982.0,M3,50.0,3,4+4,"Apartment, with elevator, near metro M3."
ML-2025-01989,14/03/2025,NoLo,1350,81,4,3,1,5th,True,furnished,autonomous,G,1921.0,M1,220.0,3,4+4,"Apartment, in historic building, with elevator, near metro M1."
ML-2025-00977,2025-02-02,Sempione,750,34,1,1,1,1,False,furnished,autonomous,F,1927.0,M5,150.0,2,3+2,"Studio, in historic building, near metro M5."
ML-2025-00730,01/13/2025,Magenta,1150,60,4,3,1,4,True,unfurnished,central,,1973.0,M1,110.0,2,3+2,"Apartment, with elevator, near metro M1."
ML-2025-00330,2024-12-17,Navigli,2400,98,4,3,1,3,True,furnished,central,G,1917.0,M2,220.0,2,4+4,"Apartment, in historic building, with elevator, near metro M2."
ML-2025-01811,2024-12-24,Lambrate,650,48,2,1,1,2,False,partly furnished,Autonomous,G,1936.0,M2,100.0,3,4+4,"One-bedroom, in historic building, near metro M2."
ML-2025-01750,2025-03-19,Porta Romana,850,39,2,1,1,1,False,furnished,central,G,1965.0,M3,260.0,2,4+4,"Studio, near metro M3."
ML-2025-01647,2024-10-27,porta romana,800,38,1,1,1,5,True,partly furnished,autonomous,D,2014.0,M3,110.0,2,3+2,
ML-2025-02204,2024-11-03,Brera,2650,91,5,4,1,2th,True,partly furnished,heat pump,F,1928.0,M3,90.0,1,student,"Apartment, in historic building, with elevator, near metro M3."
ML-2025-01935,2025-02-11,Lambrate,2050,116,6,5,2,4,True,furnished,autonomous,D,1995.0,M2,60.0,2,4+4,"Large apartment, with elevator, near metro M2."
ML-2025-00580,2024-12-17,Navigli,750,40,1,1,1,2,True,unfurnished,central,C,2010.0,M2,230.0,1,temporary,"Apartment, with elevator, near metro M2."
ML-2025-00752,2025-02-20,Corvetto,450,38,2,1,1,3th,True,unfurnished,central,,,M3,110.0,3,4+4,
ML-2025-01038,16/12/2024,De Angeli,1250,62,3,2,1,3,False,partly furnished,central,F,1921.0,M1,190.0,3,4+4,"Two-bedroom, in historic building, near metro M1."
ML-2025-00726,2025-01-28,Quarto Oggiaro,350,36,2,2,1,1,False,furnished,heat pump,,1968.0,M3,130.0,3,4+4,
ML-2025-01439,2025-01-14,Navigli,2000,81,4,3,1,7th,True,partly furnished,autonomous,A,2015.0,M2,100.0,2,3+2,"Apartment, recently built, with elevator, near metro M2."
ML-2025-00492,05/02/2025,Bicocca,950,50,2,1,1,8,True,FURNISHED,autonomous,A,2005.0,M5,100.0,2,3+2,"One-bedroom, with elevator, near metro M5."
ML-2025-00732,20 January 2025,Greco,1050,63,3,3,1,6,True,furnished, autonomous,A3,2021.0,M1,100.0,3,4+4,"Two-bedroom, recently built, with elevator, near metro M1."
ML-2025-01024,21 March 2025,Lorenteggio,450,45,2,1,1,1,False,partly furnished,autonomous,G,1937.0,,90.0,3,4+4,"One-bedroom, in historic building."
ML-2025-01239,21/11/2024,Lorenteggio,1050,71,3,2,2,4th,True,unfurnished,autonomous,C,2009.0,,120.0,1,student,
ML-2025-01879,2025-01-09,Isola,€ 1250,52 sqm,1,1,1,5,True,furnished,central,A1,2023.0,M5,,1,student,"Apartment, recently built, with elevator, near metro M5."
ML-2025-00143,17/02/2025,Città Studi,950,41,3,3,1,0,True,partly furnished,auto.,C,2007.0,M2,170.0,2,4+4,"Two-bedroom, with elevator, near metro M2."
ML-2025-00341,2025-01-14,Città Studi,1250,57,4,3,1,5th,True,partly furnished,autonomous,,1915.0,M2,270.0,2,4+4,"Apartment, in historic building, with elevator, near metro M2."
ML-2025-00174,2024-12-19,Navigli,1250,53,3,2,1,0,False,furnished,autonomous,G,1935.0,M2,,1,student,"Two-bedroom, in historic building, near metro M2."
ML-2025-00612,2025-02-09,Greco,800,65,3,2,2,5,True,partly furnished,autonomous,F,1986.0,M1,,2,4+4,"Two-bedroom, with elevator, near metro M1."
ML-2025-01125,29/11/2024,Bicocca,€ 1050,65 sqm,4,3,2,7th,True,partly furnished,central,,1985.0,M5,,1,temporary,"Apartment, with elevator, near metro M5."
ML-2025-00405,26/11/2024,Porta Garibaldi,1200,53,1,1,1,3,False,partly furnished,autonomous,G,1934.0,M5,70.0,2,4+4,"Apartment, in historic building, near metro M5."
ML-2025-01446,01/29/2025,Magenta,1450,70,2,1,2,1,False,partly furnished,autonomous,G,1966.0,M1,230.0,1,temporary,"One-bedroom, near metro M1."
ML-2025-00416,2024-10-20,NoLo,600,39,2,1,1,2,False,UNFURNISHED,central,,1939.0,M2,200.0,2,4+4,"Studio, in historic building, near metro M2."
ML-2025-01627,18/12/2024,Navigli,2700,109,4,3,2,5,True,furnished,autonomous,,,M2,160.0,1,student,"Large apartment, in historic building, with elevator, near metro M2."
ML-2025-00002,2025-01-05,Corvetto,1200,86,5,4,2,1,False,furnished,heat pump,E,1979.0,M3,100.0,3,4+4,"Apartment, near metro M3."
ML-2025-00598,2025-02-28,Magenta,1900,96,4,3,2,2th,False,unfurnished,heat pump,,,M1,180.0,1,student,
ML-2025-01068,18/11/2024,Porta Venezia,1750,67,2,1,1,3,True,unfurnished,autonomous,D,2013.0,M1,110.0,2,4+4,"One-bedroom, recently built, with elevator, near metro M1."
ML-2025-01092,2025-03-06,Bicocca,700,48,2,1,1,first,False,partly furnished,central,,1931.0,M5,120.0,3,4+4,
ML-2025-00246,16/11/2024,Corvetto,900,76,4,3,2,8,True,unfurnished,autonomous,B,2009.0,M3,200.0,2,4+4,"Apartment, with elevator, near metro M3."
ML-2025-02271,25 November 2024,Porta Venezia,1050,52,2,1,1,2,True,unfurnished,central,,,M1,250.0,1,temporary,"One-bedroom, in historic building, with elevator, near metro M1."
ML-2025-01691,24/03/2025,Magenta,2050,79,3,2,2,4,True,partly furnished,autonomous,,1992.0,M1,100.0,1,temporary,
ML-2025-00815,2024-10-13,Quarto Oggiaro,550,60,3,3,2,4,True,furnished,autonomous,G,1916.0,M3,250.0,3,4+4,"Two-bedroom, in historic building, with elevator, near metro M3."
ML-2025-01234,4 February 2025,Centro Storico,1200,31,1,1,1,4,True,furnished,autonomous,C,2009.0,M3,130.0,1,temporary,"Studio, with elevator, near metro M3."
ML-2025-02426,2024-12-07,Baggio,450,37,1,1,1,1st,True,partly furnished,autonomous,A1,2018.0,,140.0,3,4+4,"Studio, recently built, with elevator."
ML-2025-02215,04/12/2024,De Angeli,1850,66,3,2,1,7,True,furnished,central,D,2005.0,M1,80.0,3,4+4,"Two-bedroom, with elevator, near metro M1."
ML-2025-00750,03/08/2025,Bicocca,1950,123,5,4,2,3th,False,unfurnished,central,G,1937.0,M5,230.0,2,3+2,"Large apartment, in historic building, near metro M5."
ML-2025-01729,27/01/2025,Greco,1150,82,4,3,1,3,True,partly furnished,central,,1986.0,M1,170.0,3,3+2,"Apartment, with elevator, near metro M1."
ML-2025-02366,2024-10-05,Brera,3300,95,4,3,2,4,True,furnished,central,,,M2,180.0,3,4+4,"Apartment, in historic building, with elevator, near metro M2."
ML-2025-01554,16 December 2024,Baggio,1200,80,4,3,2,6th,True,furnished,autonomous,A1,2018.0,,110.0,3,4+4,"Apartment, recently built, with elevator."
ML-2025-02451,2025-03-09,Isola,1100,43,2,1,1,5th,True,furnished,central,A2,2022.0,M5,200.0,3,4+4,"One-bedroom, recently built, with elevator, near metro M5."
ML-2025-02186,2025-03-27,Corvetto,750,64,3,2,1,0,True,unfurnished,auto.,B,2015.0,M3,200.0,3,4+4,"Two-bedroom, recently built, with elevator, near metro M3."
ML-2025-01497,02/02/2025,Bicocca,1150,67,3,3,2,2,True,furnished,central,F,1966.0,M5,280.0,3,4+4,"Two-bedroom, with elevator, near metro M5."
ML-2025-01930,2024-10-10,Quadrilatero,3300,84,4,3,2,3,True,furn., autonomous,E,1998.0,M1,80.0,3,4+4,"Apartment, with elevator, near metro M1."
ML-2025-02106,2024-12-10,Isola,1550,75,2,1,1,3th,True,empty,heatpump,E,1980.0,M5,200.0,3,4+4,"One-bedroom, with elevator, near metro M5."
ML-2025-00149,11/03/2025,Brera,1650,53,2,1,1,1,False,furnished,central,G,1932.0,M2,140.0,2,3+2,
ML-2025-01979,26/11/2024,Quarto Oggiaro,1000,77,3,2,1,2th,True,furnished,central,D,1976.0,M3,310.0,2,4+4,"Two-bedroom, with elevator, near metro M3."
ML-2025-01712,03/24/2025,Quadrilatero,3400,92,4,3,2,3th,False,furnished,autonomous,F,1935.0,M1,290.0,1,temporary,"Apartment, in historic building, near metro M1."
ML-2025-00335,01/04/2025,Brera,3150,78,3,3,1,1,False,furnished,autonomous,,1973.0,M2,90.0,3,4+4,"Two-bedroom, near metro M2."
ML-2025-00044,2024-12-01,Corvetto,€ 900,72 sqm,3,2,2,3,False,furnished,CENTR.,G,1966.0,M3,,2,4+4,"Two-bedroom, near metro M3."
ML-2025-01399,28/11/2024,Zone Bicocca,850,42,2,1,1,8,True,partly furnished,autonomous,E,1995.0,M5,170.0,3,4+4,"One-bedroom, with elevator, near metro M5."
ML-2025-02146,2025-01-05,Greco,1900,114,5,4,2,4,True,partly furnished,autonomous,B,2012.0,M1,70.0,1,student,
ML-2025-02108,23/01/2025,Baggio,1150,101,4,3,2,4th,True,unfurnished,heat pump,,1917.0,,190.0,3,3+2,"Large apartment, in historic building, with elevator."
ML-2025-02015,2024-10-04,Bocconi,1700,81,4,3,1,1,False,furnished,autonomous,,,M3,150.0,3,4+4,"Apartment, in historic building, near metro M3."
ML-2025-02482,2024-12-11,Baggio,1300,87,4,3,1,1,True,furnished,central,E,2003.0,,130.0,1,student,"Apartment, with elevator."
ML-2025-02153,2025-02-21,Lambrate,1900,127,6,5,2,2th,False,partly furnished,autonomous,D,1977.0,M2,130.0,2,4+4,"Large apartment, near metro M2."
ML-2025-00429,2024-10-19,Porta Garibaldi,800,31,1,1,1,5,True,partly furnished,autonomous,G,1917.0,M2,130.0,1,student,"Studio, in historic building, with elevator, near metro M2."
ML-2025-00342,2024-12-24,Città Studi,1500,73,4,3,2,3,True,partly,central,,1952.0,M2,250.0,3,3+2,"Apartment, with elevator, near metro M2."
ML-2025-00228,2025-01-24,Tortona,2100,84,4,3,1,6,True,furnished,Autonomous,,1997.0,M2,130.0,1,student,"Apartment, with elevator, near metro M2."
ML-2025-02200,11/08/2024,Tortona,1500,80,4,4,1,2th,True,partly furnished,autonomous,,1994.0,M2,130.0,3,4+4,"Apartment, with elevator, near metro M2."
ML-2025-01736,2024-11-03,Baggio,1000,76,3,2,2,5,True,FURNISHED,autonomous,,1974.0,,270.0,3,3+2,"Two-bedroom, with elevator."
ML-2025-02462,2025-02-11,Baggio,950,97,3,2,1,2th,True,unfurnished,central,F,,,220.0,1,temporary,"Two-bedroom, in historic building, with elevator."
ML-2025-00226,09/01/2025,Navigli,1350,59,3,2,1,3,True,unfurnished,central,D,1980.0,M2,110.0,2,4+4,"Two-bedroom, with elevator, near metro M2."
ML-2025-00992,16/01/2025,Lambrate,1900,122,5,4,2,5,True,furnished,autonomous,,,M2,120.0,1,temporary,"Large apartment, in historic building, with elevator, near metro M2."
ML-2025-01449,2025-03-02,Corvetto,750,50,2,1,1,5,True,FURNISHED,heat pump,D,2006.0,M3,230.0,1,student,"One-bedroom, with elevator, near metro M3."
ML-2025-00808,2024-10-25,Corvetto,€ 750,61,3,2,2,4,True,partly furnished,autonomous,G,1937.0,M3,,1,student,"Two-bedroom, in historic building, with elevator, near metro M3."
ML-2025-01733,2025-02-16,BOCCONI,2250,94,4,3,2,3,False,unfurnished,autonomous,D,1975.0,M3,280.0,2,4+4,
ML-2025-01215,31/01/2025,Lambrate,700,37,2,1,1,6th,True,partly furnished,central,,1981.0,M2,120.0,2,3+2,
ML-2025-01830,2024-10-11,Isola,1400,56,2,1,1,4,True,furnished,central,E,1979.0,M5,230.0,3,3+2,"One-bedroom, with elevator, near metro M5."
ML-2025-01860,2024-12-13,De Angeli,1500,74,3,2,1,8,True,unfurnished,autonomous,A2,2019.0,M1,60.0,3,4+4,"Two-bedroom, recently built, with elevator, near metro M1."
ML-2025-00117,03/03/2025,Greco,950,63,4,3,1,7th,True,unfurnished,autonomous,C,2008.0,M1,90.0,2,3+2,"Apartment, with elevator, near metro M1."
ML-2025-00517,12/01/2025,Tortona,700,39,2,1,1,8th,True,unfurnished,autonomous,,1991.0,M2,210.0,1,temporary,"Studio, with elevator, near metro M2."
ML-2025-01094,2024-12-24,Città Studi,1100,47,2,1,1,7,True,furnished,central,D,2002.0,M2,110.0,3,3+2,"One-bedroom, with elevator, near metro M2."
ML-2025-00913,27/11/2024,Bicocca,1150,65,4,3,2,1,True,Unfurnished,central,A,2021.0,M5,190.0,3,4+4,"Apartment, recently built, with elevator, near metro M5."
ML-2025-02362,2024-12-02,NoLo,650,43,2,1,1,2th,False,furnished,central,G,1944.0,M2,300.0,1,temporary,"One-bedroom, in historic building, near metro M2."
ML-2025-01460,10/02/2025,Bicocca,1100,64,2,1,2,2,False,furnished,autonomous,,1930.0,M5,100.0,2,4+4,"One-bedroom, in historic building, near metro M5."
ML-2025-01049,2024-10-24,Quarto Oggiaro,750,64,4,4,1,2,True,partly furnished,autonomous,E,1996.0,M3,240.0,2,4+4,"Apartment, with elevator, near metro M3."
ML-2025-00030,2024-12-24,Brera,3050,90,5,4,1,3,False,partly furnished,autonomous,F,,M2,120.0,2,3+2,"Apartment, in historic building, near metro M2."
ML-2025-00911,2025-03-08,Sempione,550,28,1,1,1,2,True,unfurnished,autonomous,G,1920.0,M1,70.0,2,4+4,"Studio, in historic building, with elevator, near metro M1."
ML-2025-01323,08/03/2025,Quarto Oggiaro,300,35,2,1,1,2,False,unfurnished,autonomous,,1949.0,M3,250.0,3,3+2,"Studio, in historic building, near metro M3."
ML-2025-01011,29/10/2024,NAVIGLI,750,38,2,1,1,4,True,unfurnished,autonomous,,1917.0,M2,190.0,3,4+4,"Studio, in historic building, with elevator, near metro M2."
ML-2025-01083,2024-10-08,NoLo,2000,88,5,4,1,4th,True,furnished,central,D,1994.0,M1,90.0,2,4+4,
ML-2025-00192,15/02/2025,Baggio,900,73,2,1,2,4th,True,furnished,central,G,1928.0,,240.0,3,4+4,"One-bedroom, in historic building, with elevator."
ML-2025-00605,2025-03-10,Porta Romana,1000,44,2,1,1,ground floor,False,partly furnished,autonomous,,1933.0,M3,320.0,3,3+2,"One-bedroom, in historic building, near metro M3."
ML-2025-00177,03/25/2025,Lambrate,600,40,2,1,1,G,True,partly furnished,autonomous,C,2006.0,M2,220.0,1,temporary,
ML-2025-02485,15/10/2024,Città Studi,1000,46,2,1,1,GF,False,furnished,Autonomous,,1968.0,M2,180.0,3,4+4,"One-bedroom, near metro M2."
ML-2025-01248,05/12/2024,Centro Storico,2250,79,2,1,2,5,True,partly furnished,central,F,1973.0,M1,70.0,2,4+4,"One-bedroom, with elevator, near metro M1."
ML-2025-01710,29/11/2024,Bicocca,1800,94,3,2,1,7th,True,partly furnished,heat pump,D,1998.0,M5,110.0,1,student,"Two-bedroom, with elevator, near metro M5."
ML-2025-00793,2025-02-19,Città Studi,1400,64,3,2,1,2,True,PARTLY,central,E,1970.0,M2,200.0,1,temporary,"Two-bedroom, with elevator, near metro M2."
ML-2025-01031,2025-01-15,brera,2150,68,3,2,2,5,True,partly furnished,autonomous,F,,M2,320.0,1,temporary,"Two-bedroom, in historic building, with elevator, near metro M2."
ML-2025-01013,02/03/2025,Corvetto,1250,96,3,2,2,4,True,furnished,heat pump,G,1963.0,M3,260.0,3,3+2,"Two-bedroom, with elevator, near metro M3."
ML-2025-01524,2025-03-30,Porta Venezia,1450,54,2,1,1,2,False,furnished,autonomous,F,1924.0,M1,190.0,3,4+4,"One-bedroom, in historic building, near metro M1."
ML-2025-02090,2024-11-17,Tortona,1500,71,4,3,2,5,True,partly furnished,heat pump,,1967.0,M2,220.0,2,4+4,"Apartment, with elevator, near metro M2."
ML-2025-01390,2024-10-04,NoLo,1150,58,2,1,1,3,True,furnished,autonomous,F,1977.0,M1,310.0,1,student,"One-bedroom, with elevator, near metro M1."
ML-2025-02149,12/29/2024,Città Studi,2000,105,5,4,1,7th,True,partly furnished,autonomous,C,2000.0,M2,130.0,3,3+2,"Large apartment, with elevator, near metro M2."
ML-2025-01932,2025-03-02,Bocconi,650,31,1,1,1,8th,True,unfurnished,autonomous,E,1988.0,M3,250.0,3,4+4,
ML-2025-00840,2024-12-01,Bicocca,4350,195,6,5,2,6,True,furnished,central,E,2001.0,M5,,2,4+4,"Large apartment, with elevator, near metro M5."
ML-2025-01380,2025-01-06,Sempione,950,60,3,2,2,2th,False,unfurnished,auto.,G,1926.0,M5,150.0,2,4+4,"Two-bedroom, in historic building, near metro M5."
ML-2025-02088,31/10/2024,Bicocca,1750,78,3,2,1,7th,True,furnished,autonomous,,1984.0,M5,70.0,3,3+2,"Two-bedroom, with elevator, near metro M5."
ML-2025-01985,2024-11-11,Porta Romana,1400,82,4,3,2,3th,False,partly furnished,autonomous,G,1953.0,M3,140.0,1,temporary,"Apartment, near metro M3."
ML-2025-00779,2025-01-28,De Angeli,190,78,3,2,2,3,True,furnished,central,G,1956.0,M1,110.0,2,4+4,"Two-bedroom, with elevator, near metro M1."
ML-2025-00005,2025-01-20,Porta Romana,1350,61,3,3,2,2,True,partly furnished,autonomous,E,1913.0,M3,190.0,3,4+4,"Two-bedroom, in historic building, with elevator, near metro M3."
ML-2025-02211,09/12/2024,Zone Affori,700,54,1,1,1,3,True,UNFURNISHED,autonomous,B,2013.0,M3,140.0,3,3+2,"Apartment, recently built, with elevator, near metro M3."
ML-2025-01668,01/22/2025,Corvetto,600,51,2,1,1,1,False,partly furnished,autonomous,F,1978.0,M3,220.0,2,4+4,"One-bedroom, near metro M3."
ML-2025-00100,01/03/2025,Porta Venezia,1700,63,3,2,1,4,True,furnished,autonomous,E,1983.0,M1,240.0,2,4+4,
ML-2025-01147,8 March 2025,Greco,1300,79,2,1,2,4,True,partly furnished,AUTONOMOUS,C,2002.0,,80.0,1,temporary,"One-bedroom, with elevator, near metro M1."
ML-2025-01641,10/12/2024,Bocconi,3900,151,5,4,2,7,True,furnished,central,,1994.0,M3,140.0,1,student,"Large apartment, with elevator, near metro M3."
ML-2025-01504,14/10/2024,Porta Garibaldi,950,39,3,2,1,2,False,partly furnished,central,E,1976.0,M2,120.0,1,temporary,"Studio, near metro M2."
ML-2025-01574,2024-12-23,Quarto Oggiaro,1900,126,6,5,2,GF,True,Furnished,HP,A,2015.0,,170.0,1,temporary,"Large apartment, recently built, with elevator, near metro M3."
ML-2025-02306,2024-10-22,Tortona,550,30,1,1,1,2,False,partly furnished,autonomous,F,1974.0,M2,230.0,2,3+2,"Studio, near metro M2."
ML-2025-00151,14/02/2025,Baggio,1100,67,2,1,2,4th,True,furnished,autonomous,A,2018.0,,220.0,3,4+4,"One-bedroom, recently built, with elevator."
ML-2025-01686,21/03/2025,Quarto Oggiaro,750,72,3,2,2,6th,True,furnished,autonomous ,C,2005.0,M3,180.0,1,temporary,"Two-bedroom, with elevator, near metro M3."
ML-2025-00392,2025-03-10,NoLo,700,38,1,1,1,ground floor,True,unfurnished,autonomous,C,2011.0,M2,210.0,2,4+4,
ML-2025-01984,2025-03-20,Città Studi,2400,96,4,3,1,4th,True,furnished,centr.,D,1986.0,M2,60.0,3,4+4,"Apartment, with elevator, near metro M2."
ML-2025-00294,12/13/2024,Porta Garibaldi,2300,77,3,2,2,3,True,partly furnished,autonomous,E,1999.0,M2,190.0,3,4+4,"Two-bedroom, with elevator, near metro M2."
ML-2025-01972,2025-01-10,Quarto Oggiaro,1000,90,4,3,1,3,False,furnished,heat pump,G,1959.0,M3,290.0,1,temporary,"Apartment, near metro M3."
ML-2025-00219,2024-11-17,Bicocca,€ 1050,61 sqm,3,2,1,8,True,furnished,autonomous,F,1980.0,M5,,1,student,"Two-bedroom, with elevator, near metro M5."
ML-2025-01663,28 December 2024,Corvetto,2000,142,5,4,2,5,True,partly furnished,central,D,1993.0,M3,80.0,3,3+2,"Large apartment, with elevator, near metro M3."
ML-2025-00942,26/03/2025,Bocconi,2200,76,3,2,2,3,True,furnished,heat pump,A1,2021.0,M3,80.0,3,3+2,"Two-bedroom, recently built, with elevator, near metro M3."
ML-2025-00195,2024-11-12,Porta Garibaldi,€ 1550,57 sqm,3,2,1,3th,False,partly furnished,auto.,E,1943.0,M5,,1,temporary,"Two-bedroom, in historic building, near metro M5."
ML-2025-00659,12/16/2024,Bicocca,2100,88,5,4,1,8,True,furnished,autonomous,A1,2021.0,M5,160.0,3,4+4,"Apartment, recently built, with elevator, near metro M5."
ML-2025-00322,2025-03-06,Lambrate,700,45,1,1,1,7th,True,unfurnished,autonomous,D,2006.0,M2,60.0,1,student,"Apartment, with elevator, near metro M2."
ML-2025-00947,2025-02-08,Porta Romana,1000,55,2,1,1,5,True,unfurnished,autonomous,G,1918.0,M3,170.0,2,4+4,"One-bedroom, in historic building, with elevator, near metro M3."
ML-2025-01896,2025-03-10,De Angeli,1350,84,3,2,2,2,False,unfurnished,autonomous,G,1921.0,M1,270.0,3,4+4,"Two-bedroom, in historic building, near metro M1."
ML-2025-01510,10/05/2024,Affori,900,64,3,2,1,0,False,furnished,autonomous,G,1925.0,M3,290.0,2,3+2,"Two-bedroom, in historic building, near metro M3."
ML-2025-00262,13/10/2024,Lorenteggio,1100,62,3,2,1,4,True,furnished,autonomous,,1992.0,,200.0,3,3+2,"Two-bedroom, with elevator."
ML-2025-01847,2025-03-25,Porta Romana,1950,86,4,3,2,3th,False,furnished,central,G,1956.0,M3,250.0,1,temporary,"Apartment, near metro M3."
ML-2025-00769,02/13/2025,Porta Garibaldi,2300,109,4,3,2,3th,True,UNFURNISHED,autonomous,D,1997.0,M5,240.0,1,temporary,"Large apartment, with elevator, near metro M5."
ML-2025-02251,2024-10-30,Porta Venezia,2400,91,3,3,2,3th,True,furnished,centr.,F,1981.0,M1,240.0,1,temporary,"Two-bedroom, with elevator, near metro M1."
ML-2025-00478,2025-02-20,Zone Bocconi,850,35,1,1,1,3,False,partly furnished,autonomous,F,1970.0,M3,220.0,2,3+2,"Studio, near metro M3."
ML-2025-01250,24 January 2025,Bicocca,850,41,1,1,1,8th,True,partly furnished,autonomous,C,2005.0,M5,160.0,2,4+4,"Apartment, with elevator, near metro M5."
ML-2025-01143,2024-11-17,Lambrate,1000,49,2,1,1,3th,True,furnished,AUTONOMOUS,D,2008.0,M2,220.0,3,4+4,"One-bedroom, with elevator, near metro M2."
ML-2025-01113,11/02/2025,Navigli,950,49,1,1,1,2,True,partly furnished,heat pump,,,M2,220.0,2,4+4,"Apartment, in historic building, with elevator, near metro M2."
ML-2025-02313,2024-11-29,Città Studi,700,29,1,1,1,7th,True,furnished,heat pump,C,2009.0,M2,150.0,2,3+2,"Studio, with elevator, near metro M2."
ML-2025-01152,03/30/2025,Quarto Oggiaro,400,41,3,2,1,3th,False,unfurnished,CENTR.,G,,M3,120.0,2,4+4,"Two-bedroom, in historic building, near metro M3."
ML-2025-02018,11/15/2024,Baggio,550,43,2,1,1,2,False,furnished,heat pump,,1933.0,,210.0,1,student,"One-bedroom, in historic building."
ML-2025-01651,2024-11-29,Brera,2050,62,2,1,1,4,True,unfurnished,central,F,1969.0,M3,300.0,2,4+4,"One-bedroom, with elevator, near metro M3."
ML-2025-01121,18/10/2024,Baggio,350,30,1,1,1,4,True,unfurnished,central,D,1998.0,,190.0,3,3+2,"Studio, with elevator."
ML-2025-01273,2025-01-26,Affori,700,39,2,1,1,6th,True,furnished, autonomous,A1,2017.0,M3,140.0,3,4+4,"Studio, recently built, with elevator, near metro M3."
ML-2025-01797,2025-02-06,De Angeli,1700,74,3,2,2,G,True,furnished,autonomous,A2,2020.0,M1,150.0,2,3+2,"Two-bedroom, recently built, with elevator, near metro M1."
ML-2025-00773,11/03/2024,Porta Romana,€ 3100,147 sqm,5,4,2,3th,True,unfurn.,Central,,,M3,,1,student,"Large apartment, in historic building, with elevator, near metro M3."
ML-2025-00251,23/10/2024,Isola,170,94,4,3,1,4,True,unfurnished,central,G,,M5,160.0,2,4+4,"Apartment, in historic building, with elevator, near metro M5."
ML-2025-01258,2024-10-17,Città Studi,1400,88,5,4,2,1,False,partly furnished,autonomous ,G,1966.0,M2,120.0,2,3+2,"Apartment, near metro M2."
ML-2025-02309,18/12/2024,PORTA ROMANA,1350,63,2,1,2,4,True,unfurnished,AUTONOMOUS,E,1914.0,M3,250.0,3,3+2,"One-bedroom, in historic building, with elevator, near metro M3."
ML-2025-01392,04/11/2024,Porta Venezia,1850,68,4,3,2,first,False,furnished,autonomous,E,1971.0,M1,200.0,1,temporary,"Apartment, near metro M1."
ML-2025-02037,2025-03-24,Porta Romana,2850,128,4,3,2,3,True,empty,central,G,1914.0,M3,90.0,3,4+4,"Large apartment, in historic building, with elevator, near metro M3."
ML-2025-01447,2024-11-06,Lambrate,950,61,3,2,2,4,True,partly furnished,heat pump,E,1998.0,M2,160.0,3,4+4,"Two-bedroom, with elevator, near metro M2."
ML-2025-00775,18/01/2025,Greco,800,58,3,2,1,1,False,furnished,heat pump,,1950.0,M1,230.0,1,temporary,"Two-bedroom, near metro M1."
ML-2025-00292,2024-12-20,Brera,2000,66,2,2,1,2,False,unfurnished,autonomous,F,1922.0,M2,220.0,1,temporary,"One-bedroom, in historic building, near metro M2."
ML-2025-01320,2025-01-05,Quadrilatero,2250,67,3,3,2,4,True,unfurnished,centr.,G,1925.0,M1,310.0,1,temporary,"Two-bedroom, in historic building, with elevator, near metro M1."
ML-2025-02323,23 March 2025,Sempione,950,48,3,2,1,4,True,furnished,autonomous,G,1966.0,M5,290.0,2,3+2,"Two-bedroom, with elevator, near metro M5."
ML-2025-00592,2025-01-11,bicocca,1300,77,3,2,2,1,True,furnished,autonomous,D,1991.0,M5,60.0,1,temporary,"Two-bedroom, with elevator, near metro M5."
ML-2025-02446,2024-10-15,Isola,1150,57,3,2,1,0,False,furnished,heat pump,F,1946.0,M5,210.0,3,4+4,"Two-bedroom, in historic building, near metro M5."
ML-2025-00158,30/10/2024,Affori,800,61,4,3,1,5,True,partly furnished,heat pump,D,1991.0,M3,220.0,2,4+4,"Apartment, with elevator, near metro M3."
ML-2025-02338,2024-12-25,Tortona,950,48,2,1,1,4th,True,partly furnished,heat pump,D,1997.0,M2,90.0,2,4+4,"One-bedroom, with elevator, near metro M2."
ML-2025-01508,2024-10-11,Bocconi,1650,61,3,2,2,first,False,furnished,central,G,1908.0,M3,250.0,2,4+4,
ML-2025-01101,06/11/2024,Quadrilatero,1850,64,2,1,2,5,True,unfurnished,Autonomous,G,1964.0,M1,90.0,1,student,"One-bedroom, with elevator, near metro M1."
ML-2025-01217,23/11/2024,Porta Venezia,2150,98,4,3,1,3th,False,furnished,auto.,,1928.0,M1,110.0,2,4+4,"Apartment, in historic building, near metro M1."
ML-2025-01509,2024-10-08,Sempione,1300,64,3,2,1,1,False,furnished,central,G,,M1,70.0,1,temporary,"Two-bedroom, in historic building, near metro M1."
ML-2025-00379,2025-01-28,Greco,1250,88,5,4,1,ground floor,False,furnished, autonomous,,1908.0,M1,220.0,2,4+4,"Apartment, in historic building, near metro M1."
ML-2025-00133,2024-12-13,Porta Romana,2700,101,4,3,2,GF,True,furnished,autonomous,,1983.0,M3,220.0,2,3+2,
ML-2025-02029,2024-11-07,Navigli,850,33,1,1,1,2,True,FURNISHED,central,D,1979.0,M2,300.0,1,temporary,"Studio, with elevator, near metro M2."
ML-2025-00508,2024-12-30,Greco,850,61,3,2,1,5,True,furnished,autonomous,G,1928.0,M1,,3,3+2,"Two-bedroom, in historic building, with elevator, near metro M1."
ML-2025-01238,2025-03-01,Città Studi,1550,79,3,2,2,2,True,partly furnished,autonomous,F,1981.0,M2,230.0,2,4+4,"Two-bedroom, with elevator, near metro M2."
ML-2025-00505,2024-11-01,Lambrate,950,49,2,1,1,4,True,furnished,central,A3,2015.0,M2,210.0,3,4+4,"One-bedroom, recently built, with elevator, near metro M2."
ML-2025-00571,2025-03-26,Città Studi,1950,83,4,3,1,2th,False,furnished,autonomous,F,1937.0,M2,150.0,3,3+2,"Apartment, in historic building, near metro M2."
ML-2025-00240,07/10/2024,Magenta,1200,61,3,2,2,1,False,partly furnished,Autonomous,,1947.0,M2,130.0,3,4+4,
ML-2025-01812,2025-01-15,Affori,550,49,1,1,1,2,False,partly furn.,central,F,1944.0,M3,320.0,1,temporary,"Apartment, in historic building, near metro M3."
ML-2025-00951,2024-11-16,Sempione,1350,49,2,1,1,GF,True,furnished,Autonomous,A,2022.0,M1,160.0,2,3+2,"One-bedroom, recently built, with elevator, near metro M1."
ML-2025-00780,9 January 2025,Bicocca,1300,80,4,3,1,2,True,partly furnished,autonomous,F,1982.0,M5,80.0,2,4+4,"Apartment, with elevator, near metro M5."
ML-2025-02012,2024-12-14,Quadrilatero,€ 2400,69 sqm,3,2,2,2th,True,partly furnished,autonomous,,1929.0,M1,,1,temporary,"Two-bedroom, in historic building, with elevator, near metro M1."
ML-2025-01709,01/05/2025,Bicocca,2200,100,4,3,1,ground,True,furnished,autonomous,D,1991.0,M5,150.0,2,3+2,"Apartment, with elevator, near metro M5."
ML-2025-01153,19/12/2024,Lambrate,1450,77,2,1,2,2th,True,FURNISHED,autonomous,A2,2021.0,M2,240.0,3,3+2,"One-bedroom, recently built, with elevator, near metro M2."
ML-2025-01539,07/02/2025,Magenta,2300,106,4,3,2,2,True,furnished,central,G,1954.0,M2,170.0,1,student,"Large apartment, with elevator, near metro M2."
ML-2025-01179,03/30/2025,Affori,1000,93,4,4,2,2th,False,unfurnished,central,G,1921.0,M3,150.0,1,temporary,"Apartment, in historic building, near metro M3."
ML-2025-01347,2025-03-28,Porta Garibaldi,4400,134,5,4,2,2th,True,furnished,heat pump,,1995.0,M5,230.0,2,4+4,"Large apartment, with elevator, near metro M5."
ML-2025-01281,2024-11-04,Bicocca,700,34,1,1,1,6,True,furnished,autonomous,D,1991.0,M5,90.0,2,4+4,"Studio, with elevator, near metro M5."
ML-2025-00846,11/18/2024,nolo,950,47,1,1,1,4th,True,furn.,auto.,E,1997.0,M2,200.0,2,4+4,"Apartment, with elevator, near metro M2."
ML-2025-00901,23/01/2025,Navigli,1000,42,2,1,1,1,False,furnished,autonomous,G,1963.0,M2,240.0,2,4+4,"One-bedroom, near metro M2."
ML-2025-01316,2025-01-12,Bicocca,1050,70,3,2,2,5,True,unfurnished,central,F,1902.0,M5,300.0,3,3+2,"Two-bedroom, in historic building, with elevator, near metro M5."
ML-2025-02368,2025-03-04,Bocconi,1400,56,4,3,1,1,False,unfurnished,Central,E,1972.0,,270.0,2,4+4,"Apartment, near metro M3."
ML-2025-00031,03/11/2024,Sempione,2050,107,4,3,1,4,True,unfurnished,autonomous,,1978.0,,200.0,1,student,"Large apartment, with elevator, near metro M5."
ML-2025-00138,2024-10-18,Lambrate,1750,92,4,3,1,8th,True,PARTLY,autonomous,C,2013.0,M2,170.0,3,3+2,"Apartment, recently built, with elevator, near metro M2."
ML-2025-02101,2024-12-11,Corvetto,600,45,2,2,1,4,True,unfurnished,Autonomous,D,2000.0,M3,90.0,1,temporary,
ML-2025-01283,2025-02-26,Bocconi,1300,62,3,2,1,3th,False,furnished,autonomous,,1959.0,M3,290.0,2,4+4,"Two-bedroom, near metro M3."
ML-2025-00391,2024-10-29,Lorenteggio,1200,87,4,4,2,2,False,furnished,central,F,,,270.0,3,4+4,"Apartment, in historic building."
ML-2025-00910,2024-12-31,Tortona,2000,80,3,2,2,2,False,furnished,central,E,1976.0,M2,220.0,2,4+4,"Two-bedroom, near metro M2."
ML-2025-00691,01/27/2025,Porta Garibaldi,2250,81,4,3,2,5th,True,furnished,autonomous,,1984.0,M2,150.0,2,4+4,"Apartment, with elevator, near metro M2."
ML-2025-02409,2025-01-12,Lorenteggio,350,33,1,1,1,2th,False,unfurnished,autonomous,F,,,140.0,3,4+4,"Studio, in historic building."
ML-2025-00637,01/15/2025,Bocconi,3050,107,4,3,2,7,True,furnished,central,A,2020.0,M3,200.0,3,4+4,"Large apartment, recently built, with elevator, near metro M3."
ML-2025-02069,27/01/2025,Magenta,2050,94,3,2,1,3th,True,partly furnished,CENTR.,,1973.0,M2,250.0,1,temporary,"Two-bedroom, with elevator, near metro M2."
ML-2025-02024,02/23/2025,Brera,900,28,1,1,1,3,False,unfurnished,autonomous,F,1960.0,M2,140.0,2,4+4,"Studio, near metro M2."
ML-2025-00723,2025-03-07,Quadrilatero,2350,76,3,2,2,3th,False,unfurn.,autonomous,F,1955.0,M3,210.0,3,4+4,"Two-bedroom, near metro M3."
ML-2025-01020,2024-12-13,Centro Storico,3450,110,4,3,2,3th,True,furnished,autonomous,G,1926.0,M3,160.0,3,4+4,"Large apartment, in historic building, with elevator, near metro M3."
ML-2025-01546,2024-10-15,Città Studi,1650,65,3,2,1,8,True,furnished,central,A2,2019.0,,200.0,3,4+4,"Two-bedroom, recently built, with elevator, near metro M2."
ML-2025-00859,21/12/2024,Bocconi,1600,59,3,2,1,1st,True,partly furnished,centr.,C,2006.0,M3,100.0,2,3+2,"Two-bedroom, with elevator, near metro M3."
ML-2025-01469,2024-11-11,Quarto Oggiaro,800,80,3,2,2,2th,True,unfurnished,autonomous,E,1977.0,M3,270.0,1,temporary,"Two-bedroom, with elevator, near metro M3."
ML-2025-02187,2025-03-04,quarto oggiaro,550,54,2,1,1,ground floor,True,furnished,central,F,1987.0,M3,220.0,1,temporary,"One-bedroom, with elevator, near metro M3."
ML-2025-00866,2025-03-07,Bocconi,1550,65,3,2,1,6,True,unfurnished,autonomous,F,1980.0,M3,110.0,1,student,
ML-2025-01201,15/02/2025,Affori,650,55,2,1,1,4th,True,partly furnished,autonomous,E,2004.0,M3,180.0,1,temporary,"One-bedroom, with elevator, near metro M3."
ML-2025-01939,10/18/2024,Città Studi,1050,53,3,2,1,1,False,unfurnished,autonomous,F,1938.0,M2,120.0,3,4+4,"Two-bedroom, in historic building, near metro M2."
ML-2025-01569,2025-02-07,Bicocca,2050,121,5,4,2,4,True,partly furnished,autonomous,D,1998.0,M5,160.0,1,student,"Large apartment, with elevator, near metro M5."
ML-2025-01876,2024-12-09,Bocconi,1600,77,3,2,2,1,False,unfurnished,AUTONOMOUS,F,1943.0,M3,290.0,1,student,
ML-2025-00721,10/09/2024,Corvetto,850,58,3,2,1,2th,False,Furnished,autonomous,,1972.0,M3,230.0,3,4+4,"Two-bedroom, near metro M3."
ML-2025-02150,2024-11-14,Greco,750,48,1,1,1,2,True,partly furnished,central,E,1990.0,M1,,3,4+4,"Apartment, with elevator, near metro M1."
ML-2025-01304,01/14/2025,Bocconi,3400,144,5,4,2,2th,False,unfurnished,autonomous,,1936.0,M3,280.0,2,4+4,
ML-2025-00933,12/17/2024,Lorenteggio,€ 1200,81 sqm,5,4,2,G,True,unfurnished,central,E,1993.0,,,1,student,"Apartment, with elevator."
ML-2025-02181,2025-01-21,Isola,1350,77,3,2,1,2,True,unfurnished,Autonomous,G,1962.0,M5,210.0,2,4+4,"Two-bedroom, with elevator, near metro M5."
ML-2025-00765,2024-11-26,Centro Storico,3250,99,4,3,2,3th,True,furnished,autonomous,,1957.0,M1,,1,temporary,"Apartment, with elevator, near metro M1."
ML-2025-00130,25/11/2024,Città Studi,1600,75,3,3,2,5,True,partly furnished,central,G,1939.0,M2,160.0,2,4+4,"Two-bedroom, in historic building, with elevator, near metro M2."
ML-2025-00502,2025-03-15,Bocconi,700,40,2,1,1,3,False,unfurnished,autonomous,G,,M3,320.0,2,4+4,"One-bedroom, in historic building, near metro M3."
ML-2025-00552,30 December 2024,Quarto Oggiaro,700,60,3,2,2,2,True,furnished,autonomous,,1987.0,M3,180.0,3,4+4,"Two-bedroom, with elevator, near metro M3."
ML-2025-02142,22/12/2024,Bocconi,2600,95,4,3,2,3th,True,furnished,heat pump,D,2010.0,,120.0,2,4+4,"Apartment, with elevator, near metro M3."
ML-2025-01192,16/11/2024,Sempione,950,57,3,2,1,4th,True,unfurnished,autonomous,F,,M5,150.0,2,4+4,"Two-bedroom, in historic building, with elevator, near metro M5."
ML-2025-02427,03/18/2025,Porta Romana,1600,70,2,1,1,1st,True,unfurnished,heat pump,A3,2017.0,M3,200.0,3,4+4,"One-bedroom, recently built, with elevator, near metro M3."
ML-2025-00467,2025-03-02,Isola,2700,104,3,2,1,5th,True,furnished,heat pump,F,1937.0,M5,70.0,1,student,"Large apartment, in historic building, with elevator, near metro M5."
ML-2025-01533,2024-10-04,De Angeli,1650,81,5,4,2,3th,True,partly furnished,heat pump,E,2000.0,M1,110.0,3,4+4,"Apartment, with elevator, near metro M1."
ML-2025-02369,2024-12-15,porta garibaldi,2400,87,4,3,2,8,True,furnished,central,,2003.0,,100.0,2,4+4,"Apartment, with elevator, near metro M5."
ML-2025-01411,2024-12-12,Navigli,2650,119,5,4,2,2,True,unfurnished,autonomous,F,1970.0,M2,160.0,3,4+4,"Large apartment, with elevator, near metro M2."
ML-2025-02051,2025-02-15,Città Studi,850,44,1,1,1,first,False,unfurnished,heat pump,F,1966.0,M2,170.0,2,4+4,"Apartment, near metro M2."
ML-2025-01349,14/10/2024,Lorenteggio,500,41,2,1,1,4,True,furnished,central,F,1960.0,,200.0,1,student,"One-bedroom, with elevator."
ML-2025-01769,10 January 2025,Tortona,1750,93,3,2,1,2,True,partly furnished,autonomous,,1915.0,M2,220.0,2,4+4,"Two-bedroom, in historic building, with elevator, near metro M2."
ML-2025-00047,2025-02-05,Isola,1650,86,5,4,1,first,True,partly furnished,centr.,F,1982.0,,200.0,1,temporary,"Apartment, with elevator, near metro M5."
ML-2025-02434,2025-03-13,Isola,950,38,1,1,1,8,True,furnished,autonomous,A,2016.0,M5,60.0,3,4+4,"Studio, recently built, with elevator, near metro M5."
ML-2025-02066,2024-11-15,Affori,750,60,2,1,1,5,True,unfurnished,autonomous,C,2007.0,M3,130.0,3,4+4,"One-bedroom, with elevator, near metro M3."
ML-2025-02436,06/03/2025,Tortona,950,45,2,1,1,3th,True,unfurnished,central,E,1998.0,M2,140.0,3,4+4,"One-bedroom, with elevator, near metro M2."
ML-2025-02228,2025-03-05,Sempione,1250,65,3,2,1,2,False,furnished,autonomous,G,,M5,310.0,2,4+4,"Two-bedroom, in historic building, near metro M5."
ML-2025-02343,2025-03-28,Porta Venezia,800,39,2,1,1,G,False,unfurnished,central,E,1946.0,M1,130.0,3,4+4,"Studio, in historic building, near metro M1."
ML-2025-00713,2024-12-05,Città Studi,1250,44,2,1,1,5th,True,furnished,autonomous,A1,2019.0,M2,210.0,2,4+4,"One-bedroom, recently built, with elevator, near metro M2."
ML-2025-00296,02/21/2025,Città Studi,950,56,3,2,1,2,False,unfurnished,CENTR.,G,1943.0,M2,220.0,1,student,"Two-bedroom, in historic building, near metro M2."
ML-2025-01956,2024-12-29,Zone Corvetto,1300,83,3,2,1,2,True,partly furnished,heat pump,,2002.0,M3,170.0,1,temporary,"Two-bedroom, with elevator, near metro M3."
ML-2025-00436,2024-12-28,Lambrate,750,44,2,1,1,5,True,unfurnished,central,C,2009.0,M2,120.0,2,4+4,"One-bedroom, with elevator, near metro M2."
ML-2025-00851,02/08/2025,Quadrilatero,5800,133,5,4,2,5,True,furnished,central,G,1930.0,M3,230.0,3,3+2,"Large apartment, in historic building, with elevator, near metro M3."
ML-2025-02459,2025-01-23,Città Studi,2550,115,5,4,2,1,False,partly furnished, autonomous,E,1979.0,M2,100.0,3,4+4,"Large apartment, near metro M2."
ML-2025-00093,2025-03-26,Affori,500,38,2,2,1,G,True,partly,autonomous,,1997.0,M3,130.0,1,student,"Studio, with elevator, near metro M3."
ML-2025-00112,2024-11-03,Magenta,€ 1400,72,3,2,2,7,True,unfurnished,central,F,1988.0,M2,,2,3+2,"Two-bedroom, with elevator, near metro M2."
ML-2025-00599,07/02/2025,Magenta,1150,44,1,1,1,2,False,furnished,autonomous,,1968.0,M2,70.0,1,temporary,"Apartment, near metro M2."
ML-2025-00695,2024-11-08,Porta Romana,900,43,2,1,1,2th,False,furnished,heat pump,F,1918.0,M3,290.0,3,4+4,"One-bedroom, in historic building, near metro M3."
ML-2025-01405,2024-12-21,Lambrate,900,54,2,1,1,4,True,furnished,CENTR.,F,1980.0,M2,230.0,2,4+4,"One-bedroom, with elevator, near metro M2."
ML-2025-00629,24/11/2024,Brera,4050,109,5,4,2,3th,True,furnished,central,G,,M2,200.0,1,temporary,"Large apartment, in historic building, with elevator, near metro M2."
ML-2025-01358,2024-10-22,NoLo,3050,168,6,5,2,2th,False,partly furnished,central,G,1941.0,M1,,1,temporary,"Large apartment, in historic building, near metro M1."
ML-2025-01279,2024-10-25,Porta Romana,1700,67,2,1,1,4,True,furnished,heat pump,,1944.0,M3,70.0,3,3+2,"One-bedroom, in historic building, with elevator, near metro M3."
ML-2025-02049,09/11/2024,Bocconi,1700,67,3,3,2,8,True,Unfurnished,autonomous ,A4,2019.0,M3,150.0,3,4+4,"Two-bedroom, recently built, with elevator, near metro M3."
ML-2025-00577,2025-02-25,Porta Romana,1000,40,2,1,1,8th,True,unfurnished,centr.,,2000.0,M3,180.0,3,4+4,"One-bedroom, with elevator, near metro M3."
ML-2025-01568,2024-10-20,Porta Venezia,1000,43,2,1,1,4th,True,unfurnished,autonomous,,1937.0,M1,260.0,3,4+4,"One-bedroom, in historic building, with elevator, near metro M1."
ML-2025-00009,2024-10-11,Sempione,2000,84,4,3,2,1,True,furnished,heat pump,D,1997.0,M5,60.0,3,4+4,"Apartment, with elevator, near metro M5."
ML-2025-00742,13/01/2025,Isola,2350,100,4,3,2,5th,True,furnished,autonomous,B,2010.0,M5,250.0,2,3+2,"Apartment, with elevator, near metro M5."
ML-2025-01786,27 October 2024,Baggio,1050,71,2,2,2,8,True,furnished,autonomous,,1984.0,,160.0,1,student,"One-bedroom, with elevator."
ML-2025-00972,05/03/2025,Corvetto,1200,97,4,3,1,7,True,unfurnished,central,B,2005.0,M3,250.0,2,4+4,"Apartment, with elevator, near metro M3."
ML-2025-01014,18/10/2024,Brera,2200,69,2,1,1,ground floor,False,furnished,Central,F,1933.0,M2,280.0,1,temporary,"One-bedroom, in historic building, near metro M2."
ML-2025-00425,2025-03-10,Quadrilatero,2050,60,3,2,2,1,False,furnished,autonomous,F,1968.0,M3,70.0,3,3+2,
ML-2025-00650,21 October 2024,Città Studi,800,42,2,1,1,4,True,partly furnished,central,,1955.0,M2,150.0,1,temporary,
ML-2025-01853,2025-02-12,Quarto Oggiaro,450,40,2,1,1,7,True,partly furnished,autonomous,D,2006.0,M3,70.0,2,4+4,"One-bedroom, with elevator, near metro M3."
ML-2025-00545,12/04/2024,Bicocca,€ 3700,216,4,3,2,1,True,furnished,central,,1987.0,M5,,1,temporary,"Large apartment, with elevator, near metro M5."
ML-2025-02166,2024-10-04,Lorenteggio,€ 1450,136,5,4,2,2,True,unfurnished,autonomous,G,1965.0,,,1,student,"Large apartment, with elevator."
ML-2025-01843,2024-10-15,NoLo,750,46,1,1,1,5th,True,unfurnished,autonomous,,1994.0,M1,130.0,2,3+2,"Apartment, with elevator, near metro M1."
ML-2025-00998,2025-02-07,Porta Romana,1050,42,2,1,1,1,False,furnished,heat pump,,,M3,320.0,2,4+4,"One-bedroom, in historic building, near metro M3."
ML-2025-01484,2024-12-27,Centro Storico,950,42,2,1,1,3,False,partly furnished,central,G,1934.0,M3,290.0,3,3+2,"One-bedroom, in historic building, near metro M3."
ML-2025-01584,2024-11-22,Città Studi,€ 1700,75 sqm,3,2,1,4,True,furnished,autonomous,D,2005.0,M2,,2,4+4,"Two-bedroom, with elevator, near metro M2."
ML-2025-00880,2024-12-24,Navigli,650,36,3,2,1,3th,False,unfurnished,central,G,1920.0,M2,170.0,1,temporary,"Studio, in historic building, near metro M2."
ML-2025-00412,2024-12-05,Corvetto,850,81,3,2,1,1,False,unfurnished,autonomous,F,1950.0,M3,200.0,1,student,"Two-bedroom, near metro M3."
ML-2025-00494,2025-03-25,Magenta,2600,120,5,4,2,first,False,partly furnished,autonomous,F,1978.0,M1,270.0,-1,4+4,"Large apartment, near metro M1."
ML-2025-02431,2025-03-11,Sempione,1650,75,3,3,2,1,False,partly furnished,central,,1973.0,M5,290.0,2,4+4,"Two-bedroom, near metro M5."
ML-2025-02326,01/07/2025,Lorenteggio,750,71,3,2,2,3,False,partly furnished,central,G,1915.0,,210.0,1,temporary,"Two-bedroom, in historic building."
ML-2025-02047,29/12/2024,Quadrilatero,2450,54,2,1,1,4,True,furnished,central,F,1911.0,M1,220.0,3,3+2,"One-bedroom, in historic building, with elevator, near metro M1."
ML-2025-01552,2024-12-15,Sempione,650,33,1,1,1,2th,True,unfurnished,auto.,G,,M1,280.0,1,temporary,"Studio, in historic building, with elevator, near metro M1."
ML-2025-01745,2025-01-08,NoLo,1100,54,2,1,1,6th,True,furnished,central,E,1994.0,M1,120.0,1,student,"One-bedroom, with elevator, near metro M1."
ML-2025-01490,02/23/2025,NoLo,650,40,2,1,1,3,False,furnished,Autonomous,G,1947.0,M2,140.0,1,temporary,"One-bedroom, in historic building, near metro M2."
ML-2025-01948,2025-03-14,Porta Romana,1050,49,1,1,1,5,True,unfurnished,autonomous,,1982.0,M3,130.0,3,3+2,"Apartment, with elevator, near metro M3."
ML-2025-01953,2025-02-02,Sempione,€ 900,36 sqm,2,1,1,5,True,furn.,autonomous,F,1961.0,M5,,2,3+2,"Studio, with elevator, near metro M5."
ML-2025-01482,2024-12-26,Porta Romana,2450,125,6,5,2,5,True,unfurnished,autonomous,F,1985.0,M3,220.0,3,4+4,"Large apartment, with elevator, near metro M3."
ML-2025-01671,2025-03-15,Tortona,1050,60,3,2,2,2,False,unfurnished,autonomous,,1946.0,M2,120.0,3,4+4,"Two-bedroom, in historic building, near metro M2."
ML-2025-01949,2024-12-13,Porta Garibaldi,950,37,1,1,1,6,True,partly furnished,autonomous,C,2012.0,M5,120.0,3,3+2,
ML-2025-00043,1 November 2024,Brera,850,31,1,1,1,3,False,partly furnished,central,G,,M3,290.0,1,temporary,"Studio, in historic building, near metro M3."
ML-2025-00040,07/11/2024,NoLo,1250,62,4,3,2,4,True,partly furnished,central,C,1994.0,M2,180.0,1,temporary,
ML-2025-00889,20/03/2025,Porta Venezia,1500,53,2,1,1,1st,True,furnished,central,D,2005.0,M1,210.0,1,student,"One-bedroom, with elevator, near metro M1."
ML-2025-01205,2024-11-08,Città Studi,1050,57,3,2,1,4,True,unfurnished,central,F,1969.0,M2,130.0,2,3+2,"Two-bedroom, with elevator, near metro M2."
ML-2025-01287,2025-03-10,Porta Venezia,1850,73,3,2,1,4,True,furnished,heat pump,E,1986.0,M1,210.0,1,temporary,"Two-bedroom, with elevator, near metro M1."
ML-2025-01560,03/02/2025,Baggio,200,24,1,1,1,2,False,unfurnished,central,,,,160.0,1,temporary,"Studio, in historic building."
ML-2025-01696,01/26/2025,Quadrilatero,1250,28,2,1,1,3,False,Furnished,CENTR.,,1937.0,M3,280.0,2,4+4,"Studio, in historic building, near metro M3."
ML-2025-00466,18/03/2025,Tortona,1300,65,3,2,2,2th,True,unfurnished,central,,1937.0,M2,150.0,3,4+4,"Two-bedroom, in historic building, with elevator, near metro M2."
ML-2025-00753,2025-01-20,Bicocca,1150,77,4,4,1,5,True,partly furnished,central,F,1987.0,M5,120.0,2,4+4,"Apartment, with elevator, near metro M5."
ML-2025-01639,11/22/2024,Lorenteggio,650,47,3,2,1,5th,True,furnished,autonomous,G,1939.0,,170.0,2,4+4,"Two-bedroom, in historic building, with elevator."
ML-2025-00766,2024-11-07,Sempione,2100,114,5,5,2,1,False,partly furnished,central,,,M1,250.0,3,4+4,"Large apartment, in historic building, near metro M1."
ML-2025-01706,2025-01-10,Porta Venezia,2100,84,4,3,1,6th,True,partly furnished,central,C,2011.0,M1,240.0,3,4+4,
ML-2025-01044,10/03/2025,Bicocca,650,39,2,1,1,6,True,unfurnished,central,F,1988.0,M5,150.0,1,student,"Studio, with elevator, near metro M5."
ML-2025-00286,2024-12-31,Brera,10073,39,2,1,1,1,False,partly furn.,CENTR.,D,1974.0,M2,260.0,3,3+2,"Prestigious penthouse with panoramic view, luxury finishes."
ML-2025-02375,2024-10-06,Lambrate,600,34,1,1,1,2th,True,furnished,central,G,,M2,260.0,1,temporary,
ML-2025-00974,2025-01-06,Navigli,3500,120,5,4,2,3,True,furnished,autonomous,A2,2020.0,M2,220.0,3,4+4,"Large apartment, recently built, with elevator, near metro M2."
ML-2025-00153,16 February 2025,Porta Romana,2200,89,4,3,2,3,True,furnished,AUTONOMOUS,C,2011.0,M3,210.0,2,3+2,"Apartment, recently built, with elevator, near metro M3."
ML-2025-00585,2025-03-01,Bicocca,650,38,2,1,1,ground floor,True,partly furnished,central,E,2003.0,,70.0,3,3+2,"Studio, with elevator, near metro M5."
ML-2025-02447,10/01/2025,Navigli,1850,82,4,3,2,3,False,partly furnished,central,E,1905.0,M2,220.0,3,3+2,"Apartment, in historic building, near metro M2."
ML-2025-01120,2025-03-26,Porta Romana,2100,70,3,2,2,7th,True,furnished,autonomous,C,1994.0,M3,120.0,3,3+2,"Two-bedroom, with elevator, near metro M3."
ML-2025-01294,2025-01-07,Lambrate,€ 1100,70 sqm,3,2,1,8,True,partly furn.,autonomous,D,1995.0,M2,,2,4+4,"Two-bedroom, with elevator, near metro M2."
ML-2025-00385,2025-02-24,De Angeli,950,55,3,2,1,3,False,partly furnished,central,,1965.0,M1,220.0,3,4+4,
ML-2025-00518,24/10/2024,Greco,1450,87,4,3,2,8th,True,furnished,autonomous,D,1994.0,M1,150.0,2,3+2,"Apartment, with elevator, near metro M1."
ML-2025-00503,2024-10-19,Isola,2400,94,3,2,2,4,True,furn.,AUTONOMOUS,D,1993.0,M5,90.0,2,3+2,"Two-bedroom, with elevator, near metro M5."
ML-2025-00837,2025-03-27,Corvetto,750,57,3,2,1,3th,True,unfurnished,central,D,1996.0,M3,160.0,3,4+4,"Two-bedroom, with elevator, near metro M3."
ML-2025-01810,2025-01-24,Porta Venezia,1150,54,1,1,1,5,True,unfurnished,central,,1933.0,M1,110.0,3,4+4,"Apartment, in historic building, with elevator, near metro M1."
ML-2025-00196,2024-11-07,Porta Garibaldi,1250,58,2,1,1,5th,True,partly furnished,central,F,1986.0,M2,120.0,2,4+4,
ML-2025-01799,07/10/2024,Porta Venezia,1950,75,3,2,1,3th,False,furnished,central,E,1974.0,M1,260.0,1,temporary,"Two-bedroom, near metro M1."
ML-2025-01107,10 November 2024,Tortona,1950,72,4,3,1,ground,True,furnished,autonomous,B,2017.0,M2,80.0,2,4+4,"Apartment, recently built, with elevator, near metro M2."
ML-2025-00173,02/01/2025,Città Studi,1350,57,4,3,1,4,True,furnished,autonomous,F,1925.0,M2,130.0,2,4+4,
ML-2025-00553,2025-01-06,Bocconi,1800,63,3,2,2,8,True,partly furnished,autonomous,D,1981.0,M3,120.0,3,4+4,"Two-bedroom, with elevator, near metro M3."
ML-2025-01213,2024-10-28,Magenta,1200,44,2,1,1,8,True,partly furnished,autonomous,C,1997.0,M1,60.0,1,student,"One-bedroom, with elevator, near metro M1."
ML-2025-01368,2024-11-18,Baggio,1400,93,4,3,2,2,True,furnished,central,B,2019.0,,130.0,3,4+4,"Apartment, recently built, with elevator."
ML-2025-00022,2025-01-19,Porta Romana,2450,94,4,3,2,first,False,partly furnished,autonomous,E,1904.0,M3,240.0,3,4+4,"Apartment, in historic building, near metro M3."
ML-2025-00388,28/02/2025,Magenta,1800,57,4,3,1,7th,True,furnished,autonomous ,E,2003.0,M2,170.0,3,4+4,"Apartment, with elevator, near metro M2."
ML-2025-01500,04/11/2024,Quarto Oggiaro,1100,142,4,3,2,4,True,unfurnished,autonomous,G,1911.0,M3,210.0,2,3+2,"Large apartment, in historic building, with elevator, near metro M3."
ML-2025-00736,2025-02-26,Baggio,550,39,1,1,1,4,True,furnished,autonomous,,1944.0,,290.0,1,temporary,"Studio, in historic building, with elevator."
ML-2025-00185,2024-12-09,Navigli,900,35,2,1,1,3,False,furnished,autonomous,,1924.0,M2,140.0,2,4+4,
ML-2025-01088,2024-11-20,Magenta,2350,107,5,4,2,3,False,furnished,central,F,1902.0,M2,300.0,3,4+4,
ML-2025-00032,02/11/2024,Magenta,2550,88,4,3,2,7th,True,furnished,autonomous,C,2012.0,M2,130.0,1,temporary,"Apartment, recently built, with elevator, near metro M2."
ML-2025-01017,2025-03-28,Magenta,2050,82,4,3,1,6,True,unfurnished,heat pump,,1998.0,M2,190.0,2,4+4,"Apartment, with elevator, near metro M2."
ML-2025-01714,2025-01-13,Città Studi,1500,68,4,3,2,1,True,partly furnished,central,C,2010.0,M2,230.0,2,4+4,"Apartment, with elevator, near metro M2."
ML-2025-00878,2024-10-21,Bicocca,1100,62,3,2,1,6th,True,partly furnished,central,F,1980.0,M5,70.0,2,4+4,"Two-bedroom, with elevator, near metro M5."
ML-2025-01837,2025-01-21,Porta Romana,1000,44,2,1,1,4,True,unfurnished,autonomous,F,1916.0,M3,90.0,3,4+4,"One-bedroom, in historic building, with elevator, near metro M3."
ML-2025-00482,13/11/2024,Lambrate,1450,87,5,4,2,3,True,partly furnished,autonomous,C,2010.0,,220.0,3,4+4,"Apartment, with elevator, near metro M2."
ML-2025-00960,2025-01-04,De Angeli,1750,89,4,3,2,3th,False,furnished,central,,1962.0,M1,130.0,3,4+4,"Apartment, near metro M1."
ML-2025-02414,03/31/2025,Centro Storico,2700,86,4,3,1,3,True,partly furnished,autonomous,G,1955.0,M3,240.0,2,4+4,"Apartment, with elevator, near metro M3."
ML-2025-01122,29 November 2024,Lorenteggio,450,42,1,1,1,2,False,unfurnished,autonomous,F,1916.0,,220.0,3,3+2,"Apartment, in historic building."
ML-2025-01517,2024-12-22,Zone Bicocca,2200,105,4,3,1,7,True,furnished,centr.,A1,2021.0,M5,60.0,3,4+4,"Large apartment, recently built, with elevator, near metro M5."
ML-2025-00781,03/02/2025,Lambrate,1000,67,3,2,1,2,False,unfurnished,central,F,,M2,210.0,2,4+4,"Two-bedroom, in historic building, near metro M2."
ML-2025-00054,28/03/2025,Baggio,850,61,2,1,1,2th,True,furnished,autonomous,C,2010.0,,60.0,2,4+4,"One-bedroom, with elevator."
ML-2025-01642,2025-02-27,Zone Quarto Oggiaro,600,66,4,3,2,1,True,unfurnished,CENTR.,F,1985.0,M3,100.0,1,student,"Apartment, with elevator, near metro M3."
ML-2025-01361,2025-01-30,Corvetto,500,35,3,2,1,2,False,partly furnished,autonomous,F,,M3,280.0,2,4+4,
ML-2025-00684,02/19/2025,Lambrate,900,48,1,1,1,7th,True,partly furn.,AUTONOMOUS,B,2005.0,M2,240.0,3,4+4,"Apartment, with elevator, near metro M2."
ML-2025-01193,2024-12-16,Porta Garibaldi,950,44,1,1,1,5th,True,unfurnished,central,D,1984.0,M5,220.0,3,4+4,"Apartment, with elevator, near metro M5."
ML-2025-00212,11/20/2024,Lambrate,1250,70,4,3,1,3th,True,furnished,autonomous,G,1910.0,M2,,2,4+4,"Apartment, in historic building, with elevator, near metro M2."
ML-2025-00763,29/12/2024,Navigli,3450,146,6,5,2,7th,True,unfurnished,central,,1988.0,M2,160.0,2,4+4,"Large apartment, with elevator, near metro M2."
ML-2025-01495,2 January 2025,Sempione,1850,103,4,3,1,5th,True,unfurnished,AUTONOMOUS,C,1992.0,M5,,3,4+4,
ML-2025-02408,26/12/2024,Navigli,1750,72,3,3,2,1,False,furnished,heat pump,,1964.0,M2,240.0,2,3+2,"Two-bedroom, near metro M2."
ML-2025-00548,15 October 2024,Lambrate,650,39,2,2,1,1st,False,furnished,autonomous,F,1915.0,M2,130.0,1,temporary,"Studio, in historic building, near metro M2."
ML-2025-01875,11/28/2024,De Angeli,€ 2650,109 sqm,4,3,2,8,True,furnished,autonomous,E,1988.0,M1,,2,4+4,"Large apartment, with elevator, near metro M1."
ML-2025-02437,2024-10-30,Tortona,€ 2400,102 sqm,4,3,2,7,True,furnished,central,F,1983.0,M2,,3,3+2,"Large apartment, with elevator, near metro M2."
ML-2025-01227,23/12/2024,Tortona,2400,95,4,4,2,5,True,furnished,central,E,1989.0,,210.0,3,3+2,"Apartment, with elevator, near metro M2."
ML-2025-01829,2025-02-24,Greco,1250,84,3,2,1,3,True,PARTLY,centr.,D,1985.0,M1,220.0,2,4+4,"Two-bedroom, with elevator, near metro M1."
ML-2025-01144,18/03/2025,Bocconi,1800,77,3,2,2,6,True,partly furnished,autonomous ,F,1981.0,M3,180.0,2,4+4,"Two-bedroom, with elevator, near metro M3."
ML-2025-02339,2024-10-31,Porta Romana,1600,56,4,3,1,4,True,furnished,autonomous,,2004.0,M3,50.0,3,4+4,
ML-2025-01109,2025-02-03,Lambrate,650,40,1,1,1,ground floor,True,furnished,autonomous,F,1981.0,M2,160.0,1,temporary,"Apartment, with elevator, near metro M2."
ML-2025-01025,2025-03-21,corvetto,700,63,3,2,2,4th,True,partly furnished,central,F,,M3,220.0,2,4+4,"Two-bedroom, in historic building, with elevator, near metro M3."
ML-2025-02127,02/03/2025,Bicocca,1700,105,5,4,1,4,True,partly furnished,autonomous,F,1931.0,M5,300.0,3,4+4,
ML-2025-01614,2024-12-24,Porta Garibaldi,2250,74,3,3,1,6,True,furnished,heat pump,C,2014.0,M2,60.0,2,3+2,"Two-bedroom, recently built, with elevator, near metro M2."
ML-2025-02164,31/12/2024,Quarto Oggiaro,550,43,1,1,1,first,True,furnished,central,C,2010.0,M3,190.0,2,4+4,"Apartment, with elevator, near metro M3."
ML-2025-01073,2024-12-19,Brera,1900,68,2,1,2,5,True,unfurnished,centr.,F,1975.0,M2,170.0,2,4+4,"One-bedroom, with elevator, near metro M2."
ML-2025-01300,31 January 2025,Lambrate,900,67,2,1,1,1st,False,partly furnished,autonomous,F,1961.0,M2,260.0,3,3+2,"One-bedroom, near metro M2."
ML-2025-00205,2024-12-04,Sempione,850,48,3,2,1,4th,True,unfurnished,autonomous,F,1936.0,M1,160.0,1,student,"Two-bedroom, in historic building, with elevator, near metro M1."
ML-2025-00231,2024-12-31,Affori,2400,149,5,5,2,4,True,furnished,autonomous,D,2002.0,M3,60.0,2,4+4,"Large apartment, with elevator, near metro M3."
ML-2025-02491,2025-02-18,Isola,2800,105,3,2,1,1,True,furnished,autonomous,A,2022.0,,160.0,2,4+4,"Large apartment, recently built, with elevator, near metro M5."
ML-2025-01649,10/10/2024,Affori,750,67,4,3,1,5,True,unfurnished,autonomous,D,1991.0,M3,160.0,3,4+4,"Apartment, with elevator, near metro M3."
ML-2025-00544,11/23/2024,Lambrate,850,47,1,1,1,ground floor,True,unfurnished,autonomous,D,1983.0,M2,230.0,3,4+4,"Apartment, with elevator, near metro M2."
ML-2025-01225,2025-01-11,NoLo,950,41,3,2,1,2,True,furnished,central,D,2007.0,M2,170.0,1,temporary,"Two-bedroom, with elevator, near metro M2."
ML-2025-00790,11/22/2024,CORVETTO,1800,125,5,4,2,first,True,unfurnished,CENTR.,C,2012.0,M3,70.0,3,4+4,"Large apartment, recently built, with elevator, near metro M3."
ML-2025-00500,2025-01-17,Lorenteggio,1050,89,4,3,2,4,True,unfurnished,autonomous,C,2004.0,,150.0,2,4+4,"Apartment, with elevator."
ML-2025-02048,15/02/2025,Lambrate,1400,85,4,3,1,2,True,furnished,autonomous,E,1994.0,M2,240.0,3,4+4,"Apartment, with elevator, near metro M2."
ML-2025-01043,2024-11-19,PORTA GARIBALDI,2250,83,3,2,2,5,True,partly furnished,centr.,,1993.0,M5,180.0,2,4+4,"Two-bedroom, with elevator, near metro M5."
ML-2025-00055,02/03/2025,Sempione,1150,59,3,2,1,2,False,furnished,autonomous,G,1938.0,M1,170.0,3,4+4,"Two-bedroom, in historic building, near metro M1."
ML-2025-02288,2025-03-29,Porta Garibaldi,€ 1500,65 sqm,4,3,1,7th,True,unfurnished,autonomous,A,2019.0,M5,,1,student,"Apartment, recently built, with elevator, near metro M5."
ML-2025-01365,11/12/2024,De Angeli,1400,66,3,2,2,3th,True,furnished,central,C,2012.0,M1,,3,4+4,"Two-bedroom, recently built, with elevator, near metro M1."
ML-2025-00250,2024-10-24,Quarto Oggiaro,850,84,5,4,2,3,False,furnished,central,F,1931.0,M3,150.0,3,4+4,"Apartment, in historic building, near metro M3."
ML-2025-00204,2024-10-04,Baggio,600,44,3,2,1,5,True,furnished, autonomous,G,1954.0,,310.0,3,3+2,"Two-bedroom, with elevator."
ML-2025-00717,11/12/2024,Quarto Oggiaro,550,69,3,2,2,2th,False,unfurnished,central,G,,M3,290.0,3,4+4,"Two-bedroom, in historic building, near metro M3."
ML-2025-00465,03/20/2025,Lorenteggio,1100,83,3,2,2,4,True,furnished,central,F,1984.0,,,3,4+4,"Two-bedroom, with elevator."
ML-2025-01878,14 November 2024,Città Studi,1150,58,4,3,1,3,False,unfurnished,auto.,F,1942.0,M2,130.0,3,4+4,"Apartment, in historic building, near metro M2."
ML-2025-00469,2025-01-29,Navigli,1550,83,4,3,2,5,True,partly furnished,Heat pump,G,1947.0,M2,260.0,3,3+2,"Apartment, in historic building, with elevator, near metro M2."
ML-2025-00328,28/01/2025,Sempione,2550,117,5,4,2,ground floor,True,furnished, autonomous,C,1993.0,M1,80.0,2,4+4,
ML-2025-01732,5 January 2025,Bicocca,1650,101,5,4,1,first,False,furnished,central,G,1938.0,M5,250.0,2,4+4,"Large apartment, in historic building, near metro M5."
ML-2025-02424,2 December 2024,Città Studi,1200,56,4,3,1,2th,False,partly furnished,autonomous,F,1955.0,M2,,2,4+4,"Apartment, near metro M2."
ML-2025-01471,11/02/2025,Bocconi,2350,82,4,3,1,5th,True,furnished,heat pump,D,1970.0,M3,240.0,1,temporary,"Apartment, with elevator, near metro M3."
ML-2025-00689,2024-12-31,affori,650,46,2,1,1,5th,True,Partly furnished,autonomous,,1982.0,M3,220.0,3,4+4,"One-bedroom, with elevator, near metro M3."
ML-2025-01042,2025-03-18,Affori,1950,141,6,5,2,3th,True,partly furnished,autonomous,D,2007.0,M3,,1,temporary,"Large apartment, with elevator, near metro M3."
ML-2025-00919,2024-12-22,Affori,500,27,1,1,1,7,True,furnished,central,A1,2018.0,M3,80.0,2,4+4,"Studio, recently built, with elevator, near metro M3."
ML-2025-01313,2025-03-01,Bocconi,1050,46,2,1,1,2,False,furnished,autonomous,G,1922.0,M3,290.0,1,student,"One-bedroom, in historic building, near metro M3."
ML-2025-00573,2024-12-05,Tortona,€ 1400,56 sqm,3,3,1,4,True,furnished, autonomous,F,1974.0,M2,,3,3+2,"Two-bedroom, with elevator, near metro M2."
ML-2025-00702,2024-10-06,Brera,1350,45,2,2,1,ground,True,unfurnished,central,A,2011.0,M3,240.0,3,4+4,"One-bedroom, recently built, with elevator, near metro M3."
ML-2025-02139,2025-02-06,Magenta,750,36,2,1,1,2,True,partly furnished,autonomous,F,1989.0,,100.0,2,4+4,
ML-2025-00542,2024-12-05,Sempione,1150,52,1,1,1,4,True,furnished,CENTR.,G,1943.0,M5,320.0,2,4+4,
ML-2025-02123,01/09/2025,Lorenteggio,1350,112,5,4,2,3,True,unfurnished,heat pump,E,1997.0,,,3,4+4,"Large apartment, with elevator."
ML-2025-00295,2024-12-10,Porta Romana,1750,95,5,4,2,4th,True,unfurnished,autonomous,G,1948.0,M3,210.0,3,4+4,"Apartment, in historic building, with elevator, near metro M3."
ML-2025-00862,2025-03-23,NoLo,750,38,3,2,1,ground,True,partly furnished,central,C,2010.0,M1,210.0,1,temporary,"Studio, with elevator, near metro M1."
ML-2025-01545,22 January 2025,Lorenteggio,750,75,2,1,2,3,True,unfurnished,heat pump,F,1917.0,,170.0,2,3+2,"One-bedroom, in historic building, with elevator."
ML-2025-01731,2025-01-20,Isola,1950,108,3,2,2,first,False,PARTLY,central,F,1939.0,M5,260.0,3,4+4,"Large apartment, in historic building, near metro M5."
ML-2025-01771,12/01/2024,Città Studi,650,29,1,1,1,G,True,furnished,autonomous,A2,2022.0,M2,210.0,1,student,"Studio, recently built, with elevator, near metro M2."
ML-2025-02411,19/02/2025,Lambrate,700,43,2,1,1,7,True,furnished,autonomous,,1985.0,M2,200.0,3,4+4,"One-bedroom, with elevator, near metro M2."
ML-2025-02392,2025-01-11,Magenta,950,34,1,1,1,5th,True,furnished,central,G,1965.0,M2,270.0,1,temporary,"Studio, with elevator, near metro M2."
ML-2025-00161,10/17/2024,Tortona,1850,66,2,1,1,4,True,furnished,central,A2,2019.0,M2,130.0,3,3+2,"One-bedroom, recently built, with elevator, near metro M2."
ML-2025-00409,6 March 2025,Baggio,900,62,3,2,2,0,True,furnished,HP,A1,2017.0,,80.0,1,temporary,"Two-bedroom, recently built, with elevator."
ML-2025-01015,2024-10-17,Lambrate,2100,110,6,5,2,3th,True,furnished,autonomous,F,1930.0,M2,300.0,3,3+2,
ML-2025-01916,09/01/2025,De Angeli,1350,73,3,2,2,1,False,partly furnished,autonomous,F,1962.0,M1,290.0,3,4+4,"Two-bedroom, near metro M1."
ML-2025-02034,2024-12-14,Lorenteggio,900,67,2,1,2,G,True,Unfurnished,autonomous,B,2015.0,,110.0,1,temporary,"One-bedroom, recently built, with elevator."
ML-2025-02292,2024-10-14,Isola,850,43,2,1,1,1,True,unfurnished,heat pump,D,1982.0,M5,80.0,3,4+4,"One-bedroom, with elevator, near metro M5."
ML-2025-00057,2025-02-09,Porta Venezia,€ 1550,85 sqm,4,3,2,3,False,unfurnished, autonomous,G,,M1,,3,4+4,"Apartment, in historic building, near metro M1."
ML-2025-01436,2024-11-18,Centro Storico,3650,120,6,5,2,4,True,unfurnished,heat pump,E,1977.0,M1,70.0,3,3+2,"Large apartment, with elevator, near metro M1."
ML-2025-01796,2024-12-27,Porta Venezia,3150,150,5,5,2,3,True,unfurnished,Central,,1948.0,M1,320.0,1,student,
ML-2025-00119,2025-03-30,Baggio,950,66,3,2,1,4,True,furnished,central,,,,270.0,2,4+4,"Two-bedroom, in historic building, with elevator."
ML-2025-00698,2024-10-28,Sempione,1700,83,3,2,1,4th,True,partly furnished,Heat pump,F,,M1,150.0,1,student,"Two-bedroom, in historic building, with elevator, near metro M1."
ML-2025-00874,2025-03-09,NoLo,1050,59,2,1,1,0,True,unfurnished,autonomous,,1998.0,M2,,2,3+2,"One-bedroom, with elevator, near metro M2."
ML-2025-01563,2024-12-02,Affori,650,52,2,2,1,first,False,furnished,autonomous,G,1904.0,M3,190.0,1,temporary,"One-bedroom, in historic building, near metro M3."
ML-2025-01684,2024-10-08,Greco,750,42,1,1,1,5,True,furnished,heat pump,C,2002.0,M1,50.0,3,3+2,"Apartment, with elevator, near metro M1."
ML-2025-00716,2025-01-20,Corvetto,500,35,3,2,1,2th,True,unfurn.,autonomous,B,2006.0,,140.0,2,4+4,"Studio, with elevator, near metro M3."
ML-2025-01582,2024-10-09,Tortona,850,43,3,2,1,2,True,unfurnished,central,A1,2015.0,M2,240.0,2,4+4,"Two-bedroom, recently built, with elevator, near metro M2."
ML-2025-01606,10/15/2024,Città Studi,2150,102,4,3,2,2,True,furnished,central,E,1983.0,M2,70.0,2,4+4,"Large apartment, with elevator, near metro M2."
ML-2025-00821,23/12/2024,Greco,550,41,3,2,1,7,True,unfurn.,Heat pump,D,1992.0,M1,170.0,2,4+4,"Two-bedroom, with elevator, near metro M1."
ML-2025-01229,2025-02-25,LORENTEGGIO,900,56,3,2,1,3,True,partly furnished,autonomous,A1,2018.0,,90.0,3,4+4,"Two-bedroom, recently built, with elevator."
ML-2025-00463,2025-01-30,De Angeli,750,36,1,1,1,5,True,furnished,autonomous,,1960.0,M1,210.0,2,3+2,"Studio, with elevator, near metro M1."
ML-2025-00122,2025-02-22,Baggio,350,26,2,1,1,2th,False,furnished,autonomous,,,,200.0,1,student,"Studio, in historic building."
ML-2025-00407,2025-02-10,Tortona,750,42,2,1,1,2th,True,partly furnished,autonomous,G,,M2,190.0,1,student,"One-bedroom, in historic building, with elevator, near metro M2."
ML-2025-01631,2024-11-30,Affori,2750,167,5,4,2,8,True,furnished,central,B,2018.0,M3,160.0,3,4+4,"Large apartment, recently built, with elevator, near metro M3."
ML-2025-01168,20/11/2024,Città Studi,1200,56,3,2,1,6,True,furnished,autonomous,E,1985.0,M2,120.0,3,4+4,"Two-bedroom, with elevator, near metro M2."
ML-2025-00176,24/01/2025,Magenta,3150,123,5,4,2,3,True,partly,heat pump,E,1948.0,M1,210.0,1,temporary,"Large apartment, in historic building, with elevator, near metro M1."
ML-2025-02386,12/11/2024,Sempione,600,35,2,1,1,G,False,partly furnished,autonomous,G,1921.0,M1,260.0,1,temporary,"Studio, in historic building, near metro M1."
ML-2025-01809,2025-02-08,Magenta,2800,99,3,2,2,1,False,partly,autonomous,E,1974.0,M2,250.0,3,4+4,"Two-bedroom, near metro M2."
ML-2025-01531,2025-02-15,Isola,1900,81,3,3,2,3th,True,furnished,central,D,1986.0,M5,80.0,1,student,"Two-bedroom, with elevator, near metro M5."
ML-2025-01004,2024-12-06,De Angeli,1350,60,3,2,1,2,True,unfurnished,autonomous,,1992.0,M1,140.0,1,temporary,"Two-bedroom, with elevator, near metro M1."
ML-2025-01251,2024-10-14,Greco,2300,129,5,4,2,6,True,furnished,central,D,1986.0,M1,240.0,2,4+4,"Large apartment, with elevator, near metro M1."
ML-2025-01991,08/01/2025,Affori,2650,159,5,4,2,2,True,furnished,autonomous,E,1993.0,M3,190.0,2,4+4,"Large apartment, with elevator, near metro M3."
ML-2025-02350,2024-12-13,Centro Storico,850,33,2,1,1,1,False,unfurnished,heat pump,,1950.0,M1,210.0,3,4+4,"Studio, near metro M1."
ML-2025-01674,09/12/2024,Greco,1200,74,2,1,1,2th,True,furnished,auto.,D,1982.0,M1,,2,4+4,
ML-2025-01151,2025-03-10,Zone Lambrate,800,59,3,2,1,2,True,unfurnished,autonomous,G,1943.0,M2,260.0,1,student,
ML-2025-01594,2025-02-12,Porta Venezia,1400,65,3,2,2,2,False,unfurnished,autonomous,G,1955.0,M1,230.0,3,4+4,"Two-bedroom, near metro M1."
ML-2025-02301,27/12/2024,Greco,1000,90,4,3,1,0,False,Unfurnished,autonomous,G,1939.0,M1,130.0,2,4+4,"Apartment, in historic building, near metro M1."
ML-2025-00302,2025-01-02,Bocconi,1000,43,2,1,1,4th,True,partly furnished,autonomous,,1945.0,M3,150.0,2,3+2,
ML-2025-00276,2024-12-29,Città Studi,1050,45,1,1,1,1st,False,FURNISHED,autonomous,F,1907.0,M2,210.0,3,4+4,"Apartment, in historic building, near metro M2."
ML-2025-00166,31 March 2025,Quarto Oggiaro,1050,104,3,2,1,1,False,partly furnished, autonomous,G,1944.0,M3,280.0,2,4+4,"Large apartment, in historic building, near metro M3."
ML-2025-00088,2025-01-29,Bicocca,1350,70,3,2,1,8,True,unfurnished,central,A2,2015.0,M5,150.0,1,temporary,"Two-bedroom, recently built, with elevator, near metro M5."
ML-2025-00311,2024-10-10,NoLo,950,50,2,1,1,7th,True,unfurnished,heat pump,D,2007.0,M1,230.0,3,3+2,"One-bedroom, with elevator, near metro M1."
ML-2025-00493,10/19/2024,Isola,1650,87,4,3,1,4,True,partly furnished,autonomous,,1956.0,M5,290.0,1,student,"Apartment, with elevator, near metro M5."
ML-2025-02098,2025-03-09,Bicocca,1300,60,3,2,1,2,True,PARTLY, autonomous,A1,2018.0,M5,80.0,3,4+4,"Two-bedroom, recently built, with elevator, near metro M5."
ML-2025-02432,2024-12-02,Greco,1050,53,2,1,1,3,True,furnished,central,A,2007.0,M1,120.0,3,3+2,"One-bedroom, with elevator, near metro M1."
ML-2025-00447,2024-12-15,Lorenteggio,1100,92,3,2,2,2,True,FURNISHED,autonomous,G,1961.0,,260.0,1,student,"Two-bedroom, with elevator."
ML-2025-01322,2024-11-13,Magenta,€ 3000,94,4,3,1,6,True,furnished,autonomous,D,1997.0,M1,,3,3+2,"Apartment, with elevator, near metro M1."
ML-2025-00926,2025-03-31,Centro Storico,4300,116,6,5,2,3,True,furnished,autonomous,E,1998.0,M1,70.0,2,3+2,"Large apartment, with elevator, near metro M1."
ML-2025-00072,1 January 2025,Navigli,2050,81,4,3,2,2,True,unfurnished,autonomous,C,2008.0,M2,130.0,2,3+2,"Apartment, with elevator, near metro M2."
ML-2025-01010,2025-01-23,Zone Città Studi,950,64,3,2,2,first,False,unfurnished,autonomous,,1951.0,M2,150.0,2,4+4,"Two-bedroom, near metro M2."
ML-2025-01114,2025-01-01,Bocconi,3500,137,5,4,2,3th,True,PARTLY,autonomous,,1956.0,M3,300.0,3,4+4,"Large apartment, with elevator, near metro M3."
ML-2025-00208,14 October 2024,Lambrate,1300,80,3,2,1,4,True,Partly furnished,central,F,1989.0,M2,140.0,2,4+4,"Two-bedroom, with elevator, near metro M2."
ML-2025-02489,2025-03-28,Zone Sempione,1450,54,2,1,1,4,True,furnished,autonomous,,1996.0,M1,200.0,2,4+4,"One-bedroom, with elevator, near metro M1."
ML-2025-02263,2024-12-11,Baggio,500,38,1,1,1,2,True,furnished,autonomous,D,2013.0,,240.0,3,3+2,"Studio, recently built, with elevator."
ML-2025-01372,5 December 2024,Magenta,2650,83,5,4,2,first,True,furnished,autonomous,D,1991.0,M2,80.0,1,temporary,"Apartment, with elevator, near metro M2."
ML-2025-02512,11/03/2025,Sempione,1207,67,3,2,2,3,False,unfurnished,central,G,1936.0,M1,260.0,3,4+4,"Two-bedroom, in historic building, near metro M1."
ML-2025-01307,2025-03-28,Lambrate,1350,73,4,3,2,1,True,furnished,central,C,2008.0,M2,60.0,3,4+4,"Apartment, with elevator, near metro M2."
ML-2025-02380,12/26/2024,Greco,1100,72,3,2,2,first,True,furnished,Heat pump,C,2001.0,M1,150.0,2,3+2,"Two-bedroom, with elevator, near metro M1."
ML-2025-00432,2025-03-16,Affori,750,51,3,2,1,2,True,partly,autonomous ,A2,2015.0,M3,100.0,2,4+4,"Two-bedroom, recently built, with elevator, near metro M3."
ML-2025-00521,2024-10-07,Sempione,3550,147,5,4,2,3,False,furnished,central,F,1946.0,M1,180.0,1,temporary,"Large apartment, in historic building, near metro M1."
ML-2025-01758,2025-03-31,Città Studi,1150,63,3,2,1,2,False,furnished,autonomous,G,1966.0,M2,300.0,1,student,"Two-bedroom, near metro M2."
ML-2025-00641,2025-01-24,Centro Storico,1800,51,2,1,1,4,True,furnished,heat pump,G,1949.0,M1,320.0,2,4+4,"One-bedroom, in historic building, with elevator, near metro M1."
ML-2025-00570,2024-11-18,Porta Garibaldi,1100,46,3,2,1,7,True,partly furnished,central,D,2010.0,M2,180.0,3,4+4,"Two-bedroom, with elevator, near metro M2."
ML-2025-01145,2024-10-05,Isola,1050,39,1,1,1,3,True,furnished,autonomous,F,,M5,300.0,1,student,"Studio, in historic building, with elevator, near metro M5."
ML-2025-01657,2025-02-21,Bocconi,2400,107,4,4,1,2th,False,unfurnished,autonomous,,1906.0,M3,290.0,3,4+4,"Large apartment, in historic building, near metro M3."
ML-2025-00574,25/02/2025,Bicocca,850,59,2,1,1,1,True,unfurnished,autonomous,D,1999.0,M5,180.0,3,4+4,"One-bedroom, with elevator, near metro M5."
ML-2025-01725,2025-01-10,Lambrate,3000,180,5,4,2,1,True,furnished,autonomous,,1988.0,M2,140.0,1,temporary,"Large apartment, with elevator, near metro M2."
ML-2025-01779,13/03/2025,Navigli,1050,50,3,2,1,1,False,partly furnished,heat pump,,1951.0,M2,270.0,2,4+4,"Two-bedroom, near metro M2."
ML-2025-01178,14/03/2025,Porta Venezia,1600,59,3,2,1,1,False,furnished,auto.,E,1944.0,M1,80.0,2,3+2,"Two-bedroom, in historic building, near metro M1."
ML-2025-00506,2024-12-29,Magenta,1900,67,4,3,2,2,True,partly furnished,autonomous,,,M2,190.0,3,4+4,"Apartment, in historic building, with elevator, near metro M2."
ML-2025-00701,02/02/2025,Bocconi,1550,84,3,2,2,2,False,empty,autonomous,G,1951.0,M3,310.0,3,3+2,"Two-bedroom, near metro M3."
ML-2025-01325,12/11/2024,Lorenteggio,650,58,4,3,1,2,True,unfurnished,autonomous,E,1971.0,,80.0,3,4+4,"Apartment, with elevator."
ML-2025-02168,21/03/2025,Porta Romana,3000,129,6,6,2,7th,True,furnished,autonomous,E,1983.0,M3,160.0,3,3+2,"Large apartment, with elevator, near metro M3."
ML-2025-00169,2024-10-19,Brera,2300,79,4,3,2,2,True,unfurnished,heat pump,E,1989.0,M2,200.0,2,4+4,
ML-2025-00526,2025-02-18,Città Studi,1600,65,4,4,1,4,True,furnished,heat pump,,,M2,130.0,3,4+4,"Apartment, in historic building, with elevator, near metro M2."
ML-2025-01486,2024-11-19,Tortona,1100,48,2,1,1,5,True,furnished,central,,1997.0,M2,190.0,3,4+4,"One-bedroom, with elevator, near metro M2."
ML-2025-01887,2024-11-16,Centro Storico,1850,62,3,2,1,3th,False,furnished,central,G,1927.0,M1,180.0,2,4+4,"Two-bedroom, in historic building, near metro M1."
ML-2025-00504,2025-01-28,Greco,1700,95,4,3,2,6th,True,furnished,autonomous,D,1996.0,M1,90.0,1,student,"Apartment, with elevator, near metro M1."
ML-2025-00350,02/26/2025,BICOCCA,2900,136,4,3,2,6,True,FURNISHED,autonomous,A4,2023.0,M5,100.0,3,3+2,"Large apartment, recently built, with elevator, near metro M5."
ML-2025-01196,2025-01-08,Quarto Oggiaro,850,69,3,3,2,6,True,Furnished,central,C,2013.0,M3,190.0,1,temporary,"Two-bedroom, recently built, with elevator, near metro M3."
ML-2025-02331,02/08/2025,Navigli,800,36,2,1,1,1,False,furnished,centr.,F,1947.0,M2,130.0,1,temporary,"Studio, in historic building, near metro M2."
ML-2025-00285,2024-11-14,Sempione,1250,46,2,1,1,8,True,furnished,autonomous,E,2003.0,M5,180.0,3,4+4,"One-bedroom, with elevator, near metro M5."
ML-2025-02444,20/03/2025,Quarto Oggiaro,950,93,3,2,1,3,False,unfurnished,heat pump,,1940.0,M3,200.0,3,4+4,"Two-bedroom, in historic building, near metro M3."
ML-2025-00956,29/12/2024,Tortona,1950,87,5,4,1,2,False,furnished,central,,,,70.0,2,3+2,"Apartment, in historic building, near metro M2."
ML-2025-02479,19/11/2024,Porta Romana,850,38,2,1,1,1,False,furnished,central,,1933.0,M3,80.0,3,4+4,"Studio, in historic building, near metro M3."
ML-2025-00357,2025-03-05,Centro Storico,1650,53,2,2,1,4,True,unfurnished,Autonomous,F,1968.0,M1,230.0,2,4+4,"One-bedroom, with elevator, near metro M1."
ML-2025-01601,02/12/2024,Magenta,750,27,1,1,1,1st,False,furnished,autonomous,G,1954.0,M1,250.0,1,student,"Studio, near metro M1."
ML-2025-02254,15/12/2024,Greco,1100,83,4,3,1,2th,False,furnished,central,G,,M1,70.0,2,4+4,"Apartment, in historic building, near metro M1."
ML-2025-01269,03/03/2025,Sempione,1300,56,3,3,1,2th,True,partly furnished,central,A,2020.0,M1,170.0,2,3+2,"Two-bedroom, recently built, with elevator, near metro M1."
ML-2025-01638,27/02/2025,Porta Romana,1900,60,4,3,1,3th,True,furnished,Central,A3,2015.0,M3,230.0,3,4+4,"Apartment, recently built, with elevator, near metro M3."
ML-2025-01724,2024-10-16,Porta Venezia,1450,47,1,1,1,1st,True,partly furnished,Heat pump,A4,2020.0,M1,250.0,3,3+2,"Apartment, recently built, with elevator, near metro M1."
ML-2025-02124,2025-03-25,NoLo,900,60,3,2,1,4,True,UNFURNISHED,central,G,1934.0,M2,290.0,2,4+4,"Two-bedroom, in historic building, with elevator, near metro M2."
ML-2025-01119,2025-03-03,Isola,2900,107,4,3,1,8th,True,furn.,autonomous,A2,2019.0,M5,180.0,2,3+2,"Large apartment, recently built, with elevator, near metro M5."
ML-2025-02317,03/21/2025,Isola,1050,64,2,1,1,1,False,unfurnished,central,G,1917.0,M5,110.0,3,4+4,"One-bedroom, in historic building, near metro M5."
ML-2025-02321,2025-03-01,Baggio,1300,106,4,4,2,3th,False,furnished,autonomous,,1903.0,,290.0,3,3+2,"Large apartment, in historic building."
ML-2025-01401,10/27/2024,Magenta,950,32,1,1,1,2th,False,furnished,Autonomous,E,1965.0,M2,110.0,1,student,"Studio, near metro M2."
ML-2025-01267,2025-02-14,Tortona,€ 1450,91 sqm,4,3,2,4,True,unfurnished,central,G,1961.0,M2,,2,3+2,"Apartment, with elevator, near metro M2."
ML-2025-00249,2025-01-23,Lorenteggio,500,40,1,1,1,1,False,partly furnished,autonomous,,1966.0,,190.0,3,4+4,Apartment.
ML-2025-02250,2024-12-06,Porta Romana,1100,53,2,1,1,3th,False,partly furnished,central,G,1957.0,M3,160.0,3,4+4,"One-bedroom, near metro M3."
ML-2025-02222,02/12/2024,Bocconi,1450,52,2,1,1,3,True,unfurnished,autonomous,A,2015.0,M3,160.0,1,temporary,"One-bedroom, recently built, with elevator, near metro M3."
ML-2025-02073,2024-12-20,Navigli,€ 1100,48 sqm,1,1,1,2,True,furnished,central,B,2022.0,M2,,2,3+2,"Apartment, recently built, with elevator, near metro M2."
ML-2025-00247,2025-03-12,NoLo,€ 1000,58 sqm,3,2,1,8,True,unfurnished,autonomous,E,1996.0,M1,,2,4+4,"Two-bedroom, with elevator, near metro M1."
ML-2025-00903,16/02/2025,Magenta,1650,78,2,1,2,2,False,Unfurnished,autonomous,,1953.0,M1,100.0,3,4+4,"One-bedroom, near metro M1."
ML-2025-01091,03/25/2025,Corvetto,800,59,2,1,1,5,True,unfurnished,auto.,C,2009.0,M3,,2,4+4,"One-bedroom, with elevator, near metro M3."
ML-2025-00261,22/11/2024,Bicocca,1500,89,4,3,1,5,True,furnished,central,,,M5,170.0,3,4+4,"Apartment, in historic building, with elevator, near metro M5."
ML-2025-01066,2024-10-21,De Angeli,2150,79,2,1,2,2,True,furnished,central,A1,2021.0,M1,230.0,2,4+4,"One-bedroom, recently built, with elevator, near metro M1."
ML-2025-00733,2024-11-03,Lambrate,1450,76,3,2,1,7th,True,furnished,central,E,1983.0,M2,130.0,2,3+2,"Two-bedroom, with elevator, near metro M2."
ML-2025-02169,01/30/2025,Lambrate,950,60,3,2,1,4th,True,unfurnished,central,,2004.0,M2,120.0,3,3+2,"Two-bedroom, with elevator, near metro M2."
ML-2025-02205,31/01/2025,De Angeli,1150,59,3,2,1,4th,True,partly furnished,central,,1934.0,M1,250.0,2,4+4,"Two-bedroom, in historic building, with elevator, near metro M1."
ML-2025-01919,19/11/2024,Tortona,1600,75,4,3,1,7th,True,partly furnished,autonomous,E,2004.0,M2,210.0,1,temporary,"Apartment, with elevator, near metro M2."
ML-2025-00064,2025-03-05,Porta Garibaldi,1950,71,4,3,2,4,True,furnished,central,E,1970.0,M5,300.0,3,4+4,"Apartment, with elevator, near metro M5."
ML-2025-02337,2024-10-07,Città Studi,850,44,3,2,1,2,False,unfurnished,heat pump,F,1905.0,M2,290.0,2,4+4,"Two-bedroom, in historic building, near metro M2."
ML-2025-00320,2025-02-28,Navigli,1150,50,2,1,1,5,True,partly furnished,central,B,2016.0,M2,190.0,1,temporary,"One-bedroom, recently built, with elevator, near metro M2."
ML-2025-01942,2024-12-04,Porta Garibaldi,950,45,3,2,1,2,False,unfurnished,autonomous,,,M2,210.0,2,4+4,"Two-bedroom, in historic building, near metro M2."
ML-2025-00193,02/01/2025,Baggio,550,40,1,1,1,3,False,partly furnished,autonomous,E,1919.0,,130.0,1,student,"Apartment, in historic building."
ML-2025-01463,21/12/2024,Porta Venezia,850,32,1,1,1,5,True,Furnished,CENTR.,,1940.0,M1,190.0,3,3+2,"Studio, in historic building, with elevator, near metro M1."
ML-2025-00531,26/12/2024,Greco,900,54,1,1,1,first,True,furnished,autonomous,C,2007.0,M1,170.0,2,4+4,
ML-2025-01408,2024-12-01,Greco,1100,70,4,3,2,4th,True,furnished,autonomous,G,,M1,230.0,2,4+4,"Apartment, in historic building, with elevator, near metro M1."
ML-2025-00013,2024-12-09,Quarto Oggiaro,750,66,3,2,1,6,True,partly furnished,heat pump,D,1981.0,M3,60.0,2,4+4,"Two-bedroom, with elevator, near metro M3."
ML-2025-01957,02/11/2024,BICOCCA,1700,97,5,4,2,3,False,furnished,central,G,1967.0,M5,240.0,1,temporary,"Apartment, near metro M5."
ML-2025-00593,2025-02-16,Magenta,1000,47,1,1,1,2,False,unfurnished,autonomous,G,1968.0,M1,150.0,2,4+4,"Apartment, near metro M1."
ML-2025-02455,03/03/2025,Sempione,1500,74,4,3,1,5th,True,furnished,central,G,1944.0,M1,270.0,2,3+2,"Apartment, in historic building, with elevator, near metro M1."
ML-2025-01855,12/01/2024,Corvetto,850,57,3,2,1,1,True,furnished,central,A,2008.0,,120.0,3,4+4,"Two-bedroom, with elevator, near metro M3."
ML-2025-00968,22/02/2025,Isola,3150,98,4,3,2,5,True,furnished,autonomous,A1,2019.0,M5,240.0,2,4+4,"Apartment, recently built, with elevator, near metro M5."
ML-2025-01534,25/03/2025,Isola,3050,144,5,4,2,6,True,partly furnished,central,,1996.0,M5,140.0,2,4+4,"Large apartment, with elevator, near metro M5."
ML-2025-00810,16/11/2024,Porta Venezia,1500,49,3,2,1,4,True,furnished,heat pump,,1968.0,M1,170.0,3,4+4,"Two-bedroom, with elevator, near metro M1."
ML-2025-01662,2024-12-04,Città Studi,1250,67,3,2,1,3,True,unfurnished,heat pump,G,1932.0,M2,240.0,1,student,"Two-bedroom, in historic building, with elevator, near metro M2."
ML-2025-01955,2025-01-19,Lorenteggio,750,64,3,2,1,5,True,partly furnished,autonomous,G,1959.0,,270.0,1,temporary,"Two-bedroom, with elevator."
ML-2025-01344,2025-03-23,De Angeli,1850,101,3,2,2,4th,True,furnished,autonomous,,1931.0,M1,230.0,3,4+4,"Large apartment, in historic building, with elevator, near metro M1."
ML-2025-00253,05/01/2025,Quarto Oggiaro,550,55,3,2,1,3,True,unfurnished,autonomous,D,2007.0,,,1,student,"Two-bedroom, with elevator, near metro M3."
ML-2025-01643,20/10/2024,Città Studi,1450,91,4,3,2,2,False,unfurnished,central,,1934.0,M2,150.0,3,4+4,"Apartment, in historic building, near metro M2."
ML-2025-00973,2024-11-16,De Angeli,1550,94,3,2,2,4,True,unfurnished,central,G,1935.0,,180.0,1,temporary,"Two-bedroom, in historic building, with elevator, near metro M1."
ML-2025-00898,2025-01-26,Baggio,1150,72,3,2,1,2,True,furnished,autonomous,E,2003.0,,70.0,2,4+4,"Two-bedroom, with elevator."
ML-2025-01354,2025-03-29,De Angeli,1650,78,3,2,1,3,False,partly furnished,central,,1965.0,M1,110.0,2,3+2,"Two-bedroom, near metro M1."
ML-2025-02503,13/02/2025,Centro Storico,2450,93,5,4,1,3,False,unfurnished,autonomous,G,1950.0,M3,190.0,2,4+4,"Apartment, near metro M3."
ML-2025-02318,2024-10-19,Tortona,1800,77,4,3,1,GF,True,partly furnished,central,C,2009.0,M2,80.0,1,temporary,
ML-2025-01615,2024-11-02,Porta Garibaldi,€ 1100,47,2,1,1,4,True,FURNISHED,autonomous,F,1975.0,M5,,1,temporary,"One-bedroom, with elevator, near metro M5."
ML-2025-01549,13/10/2024,Brera,2950,108,4,3,2,2,False,unfurnished,autonomous,G,1943.0,M2,170.0,3,4+4,"Large apartment, in historic building, near metro M2."
ML-2025-01133,2025-01-22,Porta Venezia,1100,47,2,1,1,1,True,partly furnished,Central,D,1992.0,,170.0,2,4+4,"One-bedroom, with elevator, near metro M1."
ML-2025-00875,03/23/2025,Centro Storico,4000,142,4,3,2,1,False,partly furnished,autonomous,,1973.0,M1,170.0,3,4+4,"Large apartment, near metro M1."
ML-2025-00871,02/16/2025,Tortona,2300,124,5,5,2,2th,False,unfurnished,autonomous,G,1901.0,M2,170.0,2,4+4,"Large apartment, in historic building, near metro M2."
ML-2025-01701,2024-11-30,Lorenteggio,1250,77,3,2,2,7,True,furnished,autonomous,A,2015.0,,220.0,2,4+4,"Two-bedroom, recently built, with elevator."
ML-2025-02275,2025-03-28,Corvetto,€ 1450,118 sqm,5,4,2,5th,True,partly furnished,central,,1941.0,M3,,2,3+2,"Large apartment, in historic building, with elevator, near metro M3."
ML-2025-00402,28/03/2025,Baggio,1650,104,4,3,1,5th,True,furnished,central,C,2012.0,,80.0,3,3+2,"Large apartment, recently built, with elevator."
ML-2025-00496,2025-02-26,Porta Garibaldi,1750,73,3,3,2,2,True,unfurnished,Autonomous,E,1982.0,M5,130.0,3,4+4,
ML-2025-00991,17/03/2025,Greco,1250,80,5,4,1,5th,True,furnished,Autonomous,G,1944.0,M1,230.0,1,temporary,"Apartment, in historic building, with elevator, near metro M1."
ML-2025-02173,2025-02-12,Magenta,1750,63,2,2,2,4th,True,unfurnished,autonomous,C,1995.0,,80.0,2,4+4,"One-bedroom, with elevator, near metro M2."
ML-2025-00832,22/11/2024,NoLo,600,46,1,1,1,G,False,unfurnished,Central,F,1960.0,M2,290.0,1,temporary,"Apartment, near metro M2."
ML-2025-02155,20 December 2024,Porta Venezia,1350,60,2,1,2,1,False,Partly furnished,autonomous,,,M1,280.0,2,3+2,"One-bedroom, in historic building, near metro M1."
ML-2025-01848,21/03/2025,Navigli,2000,92,5,4,2,2,True,unfurnished,autonomous,F,,M2,190.0,1,student,"Apartment, in historic building, with elevator, near metro M2."
ML-2025-00327,03/03/2025,Bocconi,1000,52,2,1,1,2,False,unfurnished,autonomous,,,M3,160.0,1,temporary,"One-bedroom, in historic building, near metro M3."
ML-2025-00761,06/01/2025,Porta Romana,1400,43,2,1,1,1,True,furnished,autonomous,A4,2017.0,M3,170.0,1,student,"One-bedroom, recently built, with elevator, near metro M3."
ML-2025-00134,16/02/2025,Porta Garibaldi,1500,64,3,2,2,ground floor,False,furnished,central,G,1941.0,M5,230.0,3,4+4,"Two-bedroom, in historic building, near metro M5."
ML-2025-00471,5 March 2025,Centro Storico,1600,66,2,1,2,1,False,unfurnished,central,G,1954.0,M3,160.0,1,student,"One-bedroom, near metro M3."
ML-2025-00915,13/11/2024,Bocconi,1100,45,2,1,1,6,True,partly furnished,auto.,A,2019.0,M3,130.0,3,4+4,"One-bedroom, recently built, with elevator, near metro M3."
ML-2025-01483,2024-12-12,Bocconi,2600,88,3,2,1,8th,True,furnished,autonomous,D,1984.0,M3,130.0,1,student,
ML-2025-00451,11/03/2025,Affori,€ 700,42 sqm,3,2,1,ground floor,True,furnished,autonomous,D,2000.0,M3,,3,4+4,"Two-bedroom, with elevator, near metro M3."
ML-2025-00853,2025-01-10,Navigli,3050,138,6,6,2,5,True,partly furnished,central,G,,M2,240.0,3,3+2,"Large apartment, in historic building, with elevator, near metro M2."
ML-2025-01620,2024-12-24,De Angeli,2300,113,5,4,2,2,True,unfurnished,central,D,2002.0,M1,120.0,3,4+4,"Large apartment, with elevator, near metro M1."
ML-2025-00282,2025-03-21,Porta Garibaldi,750,35,2,1,1,3,True,unfurnished,autonomous,F,1987.0,M2,70.0,3,4+4,"Studio, with elevator, near metro M2."
ML-2025-00363,2024-12-29,Città Studi,1350,66,3,2,2,first,True,unfurnished,centr.,F,1988.0,M2,80.0,3,4+4,"Two-bedroom, with elevator, near metro M2."
ML-2025-02335,2024-11-27,PORTA ROMANA,1100,43,2,1,1,3th,False,furnished, autonomous,,1909.0,M3,310.0,3,4+4,"One-bedroom, in historic building, near metro M3."
ML-2025-02010,2025-01-09,Città Studi,1000,42,2,1,1,6,True,furnished,central,,1988.0,M2,120.0,3,4+4,"One-bedroom, with elevator, near metro M2."
ML-2025-02192,2025-01-29,Baggio,550,49,3,3,1,5th,True,unfurnished,autonomous,F,1982.0,,70.0,3,4+4,"Two-bedroom, with elevator."
ML-2025-01834,2024-11-11,De Angeli,1300,58,4,3,1,3,True,furnished,central,F,1912.0,M1,280.0,1,student,"Apartment, in historic building, with elevator, near metro M1."
ML-2025-02203,14/02/2025,NoLo,1000,56,3,2,1,4,True,furnished,central,,1977.0,M2,320.0,3,4+4,"Two-bedroom, with elevator, near metro M2."
ML-2025-01826,17/10/2024,Bocconi,1000,46,1,1,1,2,False,partly furnished,heat pump,G,1955.0,M3,300.0,2,4+4,"Apartment, near metro M3."
ML-2025-01386,10/20/2024,Porta Garibaldi,3550,125,5,4,2,ground floor,True,furn.,autonomous,D,2013.0,M5,100.0,1,temporary,"Large apartment, recently built, with elevator, near metro M5."
ML-2025-00908,2025-02-27,Zone Porta Garibaldi,2350,109,3,2,2,1,False,unfurnished,autonomous,G,1950.0,M5,,2,3+2,"Large apartment, near metro M5."
ML-2025-01936,2024-12-28,Greco,1800,88,3,2,2,6th,True,furnished,central,A2,2016.0,M1,110.0,2,3+2,
ML-2025-00270,25/01/2025,Isola,2250,91,4,3,1,4th,True,furnished,autonomous,G,1957.0,M5,320.0,3,3+2,"Apartment, with elevator, near metro M5."
ML-2025-00326,2025-01-22,De Angeli,1300,60,3,2,2,5th,True,furnished,central,F,1924.0,M1,250.0,3,4+4,"Two-bedroom, in historic building, with elevator, near metro M1."
ML-2025-00636,2024-10-31,NoLo,1350,72,3,2,2,7,True,partly furnished,central,D,2008.0,M2,110.0,3,3+2,"Two-bedroom, with elevator, near metro M2."
ML-2025-01644,2024-11-06,Bicocca,800,48,2,1,1,1,False,partly furnished,autonomous,G,1967.0,M5,290.0,1,student,"One-bedroom, near metro M5."
ML-2025-01388,08/01/2025,Porta Romana,1650,63,4,3,2,2,True,furnished,central,F,1978.0,,150.0,2,3+2,"Apartment, with elevator, near metro M3."
ML-2025-01693,2024-10-10,NoLo,1550,70,4,3,1,7th,True,furnished,Central,D,2006.0,M2,120.0,2,4+4,"Apartment, with elevator, near metro M2."
ML-2025-01999,19/11/2024,Quadrilatero,1650,49,2,1,1,1,False,partly furnished,heat pump,F,1925.0,M3,200.0,2,4+4,"One-bedroom, in historic building, near metro M3."
ML-2025-01728,20 January 2025,Lorenteggio,750,62,3,2,1,ground floor,False,partly furnished,autonomous,G,1931.0,,120.0,1,temporary,"Two-bedroom, in historic building."
ML-2025-01470,27/01/2025,Affori,1200,114,4,3,2,2,False,unfurnished,Heat pump,,1970.0,M3,320.0,1,student,"Large apartment, near metro M3."
ML-2025-02081,2025-02-09,Centro Storico,950,34,1,1,1,2,False,furnished,autonomous,G,1932.0,M1,90.0,3,3+2,"Studio, in historic building, near metro M1."
ML-2025-02498,13/01/2025,Quarto Oggiaro,1150,86,5,4,1,4,True,furnished,AUTONOMOUS,A,2013.0,M3,,2,4+4,"Apartment, recently built, with elevator, near metro M3."
ML-2025-00770,2024-12-10,Greco,1600,130,5,4,2,4,True,unfurnished,central,B,2022.0,M1,60.0,2,4+4,"Large apartment, recently built, with elevator, near metro M1."
ML-2025-01367,2025-03-18,Lambrate,€ 700,43 sqm,2,1,1,5th,True,furnished,central,G,1905.0,M2,,2,3+2,"One-bedroom, in historic building, with elevator, near metro M2."
ML-2025-00346,2 November 2024,Bicocca,950,61,3,2,1,2,True,partly furnished,CENTR.,E,1991.0,M5,130.0,3,4+4,"Two-bedroom, with elevator, near metro M5."
ML-2025-00400,2025-02-05,Affori,500,38,2,1,1,3th,True,Furnished,heat pump,F,1988.0,M3,200.0,1,temporary,"Studio, with elevator, near metro M3."
ML-2025-02478,2025-02-14,Affori,1200,81,5,4,1,7th,True,partly furnished,autonomous,A2,2020.0,M3,150.0,3,3+2,"Apartment, recently built, with elevator, near metro M3."
ML-2025-00969,2024-10-06,Bocconi,2750,94,3,2,1,0,True,furnished,central,D,2001.0,M3,50.0,2,4+4,"Two-bedroom, with elevator, near metro M3."
ML-2025-01518,2024-11-05,Baggio,1200,116,4,3,2,2,False,unfurnished,autonomous,,1941.0,,200.0,2,4+4,
ML-2025-01200,11/03/2025,Porta Romana,2100,80,3,2,2,5th,True,furnished,centr.,,1973.0,M3,150.0,3,4+4,"Two-bedroom, with elevator, near metro M3."
ML-2025-00948,01/26/2025,Baggio,1500,110,5,4,2,5th,True,partly furnished,heat pump,,2001.0,,110.0,1,temporary,"Large apartment, with elevator."
ML-2025-01808,2024-12-22,Magenta,1600,53,2,2,1,4th,True,Furnished,autonomous,E,1993.0,M2,90.0,1,student,"One-bedroom, with elevator, near metro M2."
ML-2025-01345,2024-12-07,De Angeli,2100,82,3,2,1,3,True,partly furnished,AUTONOMOUS,A,2015.0,M1,60.0,1,student,"Two-bedroom, recently built, with elevator, near metro M1."
ML-2025-01341,2024-11-10,Navigli,1600,72,3,2,1,1,False,partly furnished,autonomous,F,1963.0,M2,190.0,3,3+2,"Two-bedroom, near metro M2."
ML-2025-02045,18/12/2024,Quarto Oggiaro,200,22,1,1,1,3,True,partly furnished,central,C,2010.0,M3,230.0,1,temporary,"Studio, with elevator, near metro M3."
ML-2025-00800,2025-02-25,Corvetto,750,48,3,2,1,4,True,FURNISHED,central,F,,M3,150.0,3,3+2,"Two-bedroom, in historic building, with elevator, near metro M3."
ML-2025-00879,2024-12-01,Centro Storico,2250,75,3,2,2,6,True,partly furnished,autonomous,,1994.0,M3,70.0,2,3+2,"Two-bedroom, with elevator, near metro M3."
ML-2025-00745,2024-12-13,Navigli,1550,70,4,3,2,5,True,unfurnished,autonomous,,1907.0,M2,240.0,1,student,"Apartment, in historic building, with elevator, near metro M2."
ML-2025-01061,2024-11-10,Quarto Oggiaro,550,56,2,1,1,5,True,Unfurnished,autonomous,,1995.0,M3,130.0,1,temporary,"One-bedroom, with elevator, near metro M3."
ML-2025-00654,02/12/2024,De Angeli,1950,87,4,3,2,2,True,furnished,central,G,1942.0,M1,70.0,1,student,"Apartment, in historic building, with elevator, near metro M1."
ML-2025-00066,2024-11-14,Bocconi,2550,109,5,4,2,G,True,partly furnished,AUTONOMOUS,,1994.0,M3,60.0,2,3+2,"Large apartment, with elevator, near metro M3."
ML-2025-02294,2025-02-28,Città Studi,2350,100,3,3,1,1st,True,partly furnished,autonomous,C,2007.0,M2,60.0,3,4+4,"Two-bedroom, with elevator, near metro M2."
ML-2025-00434,2024-12-15,Porta Venezia,€ 850,37 sqm,3,2,1,6th,True,unfurnished,autonomous,C,2011.0,M1,,2,4+4,"Studio, recently built, with elevator, near metro M1."
ML-2025-01077,01/14/2025,Tortona,650,45,2,1,1,1,False,unfurnished,central,G,1904.0,M2,240.0,2,4+4,"One-bedroom, in historic building, near metro M2."
ML-2025-01173,2025-02-20,Bicocca,1300,67,3,2,2,6,True,furnished,autonomous,,1989.0,M5,190.0,1,student,"Two-bedroom, with elevator, near metro M5."
ML-2025-01350,2025-02-24,Brera,2300,79,2,1,1,2th,False,unfurnished,central,F,1961.0,M3,140.0,2,3+2,"One-bedroom, near metro M3."
ML-2025-01522,2024-11-14,Corvetto,750,64,3,2,2,2,True,furnished,autonomous,G,1933.0,M3,140.0,3,4+4,"Two-bedroom, in historic building, with elevator, near metro M3."
ML-2025-00201,12/15/2024,Bicocca,1800,81,4,3,2,3th,True,furnished,autonomous,,1996.0,M5,50.0,2,3+2,"Apartment, with elevator, near metro M5."
ML-2025-01825,29/03/2025,Zone Bicocca,1800,75,3,2,2,1st,True,furnished,central,A1,2020.0,M5,140.0,2,4+4,"Two-bedroom, recently built, with elevator, near metro M5."
ML-2025-02422,2024-10-04,Centro Storico,2400,72,3,2,2,7th,True,Unfurnished,autonomous,B,2021.0,M3,160.0,1,student,"Two-bedroom, recently built, with elevator, near metro M3."
ML-2025-00271,2025-01-10,Greco,450,30,1,1,1,1,True,partly furnished,autonomous,A,2021.0,M1,60.0,2,3+2,"Studio, recently built, with elevator, near metro M1."
ML-2025-00735,2024-11-23,Porta Garibaldi,2750,102,5,4,1,ground,True,furnished,CENTR.,C,2000.0,M5,70.0,2,4+4,"Large apartment, with elevator, near metro M5."
ML-2025-01747,25/11/2024,Centro Storico,2750,79,3,3,1,1st,False,furnished,autonomous,F,1960.0,M3,290.0,2,4+4,"Two-bedroom, near metro M3."
ML-2025-01007,02/03/2025,Lambrate,650,32,1,1,1,2,True,furnished,autonomous,D,1986.0,M2,70.0,2,3+2,"Studio, with elevator, near metro M2."
ML-2025-02395,12/09/2024,Baggio,800,73,2,1,1,8,True,partly furnished,autonomous,C,1994.0,,,3,3+2,
ML-2025-01488,2025-01-12,Lambrate,950,56,3,2,1,4,True,furnished,autonomous,G,1960.0,M2,100.0,3,4+4,"Two-bedroom, with elevator, near metro M2."
ML-2025-00343,2025-03-16,Magenta,4050,148,4,3,2,1st,True,partly furnished,autonomous,,1019.0,M1,120.0,2,4+4,"Large apartment, with elevator, near metro M1."
ML-2025-01464,22/01/2025,Bicocca,2000,102,4,3,2,3,True,furnished,central,B,2019.0,M5,130.0,3,3+2,"Large apartment, recently built, with elevator, near metro M5."
ML-2025-01403,19 March 2025,Brera,1600,50,2,1,1,3th,True,furnished,autonomous,,1930.0,M2,290.0,2,3+2,"One-bedroom, in historic building, with elevator, near metro M2."
ML-2025-02055,11/10/2024,Quarto Oggiaro,600,55,2,1,1,3,True,partly furnished,central,,1963.0,M3,,3,4+4,"One-bedroom, with elevator, near metro M3."
ML-2025-01823,10/02/2025,Bicocca,€ 1000,80 sqm,3,2,1,4,True,unfurnished,autonomous,,1923.0,M5,,3,4+4,"Two-bedroom, in historic building, with elevator, near metro M5."
ML-2025-00788,21/10/2024,NoLo,1500,61,3,2,2,8,True,furnished,Central,A,2022.0,M2,140.0,1,temporary,"Two-bedroom, recently built, with elevator, near metro M2."
ML-2025-02458,2025-01-15,Bicocca,500,27,1,1,1,8th,True,furnished,autonomous,E,1999.0,M5,190.0,3,3+2,
ML-2025-00699,12/10/2024,Porta Romana,950,41,2,1,1,4,True,furnished,central,,1950.0,M3,230.0,2,4+4,"One-bedroom, with elevator, near metro M3."
ML-2025-01690,2024-11-03,Affori,1400,83,3,2,2,8,True,furnished,central,B,2009.0,M3,120.0,1,temporary,
ML-2025-01702,03/01/2025,NoLo,1100,75,3,2,1,2th,False,partly furnished,central,F,1951.0,M2,180.0,2,3+2,"Two-bedroom, near metro M2."
ML-2025-00881,10/13/2024,Navigli,3350,120,5,4,2,7,True,furnished,autonomous,,2002.0,M2,60.0,2,3+2,"Large apartment, with elevator, near metro M2."
ML-2025-02167,2025-03-31,Bicocca,750,49,2,2,1,1,False,partly furnished,AUTONOMOUS,F,1944.0,M5,210.0,1,student,"One-bedroom, in historic building, near metro M5."
ML-2025-01243,10/29/2024,Affori,650,45,1,1,1,0,False,furnished,central,G,1916.0,M3,190.0,1,temporary,"Apartment, in historic building, near metro M3."
ML-2025-00291,2025-01-30,Centro Storico,1050,37,2,1,1,4th,True,unfurnished,central,C,2006.0,M3,110.0,3,4+4,"Studio, with elevator, near metro M3."
ML-2025-01184,25/12/2024,Corvetto,1100,80,5,4,2,2,True,furnished,autonomous,,2000.0,M3,230.0,1,temporary,
ML-2025-01885,12/11/2024,Magenta,2900,103,3,2,1,4th,True,furnished,autonomous,,,M1,150.0,2,4+4,"Large apartment, in historic building, with elevator, near metro M1."
ML-2025-00567,2024-11-23,Tortona,3400,151,5,4,2,4,True,furnished,autonomous,F,1940.0,M2,90.0,2,4+4,"Large apartment, in historic building, with elevator, near metro M2."
ML-2025-00018,2025-02-10,Bocconi,1850,78,2,1,2,3th,False,furnished,central,F,1939.0,M3,310.0,1,student,
ML-2025-01062,2024-10-19,Lorenteggio,1600,105,4,3,2,2th,False,furnished,central,F,1971.0,,250.0,1,student,Large apartment.
ML-2025-01423,2025-03-27,Brera,3650,103,5,4,2,3,False,furnished,central,G,1912.0,M2,80.0,3,3+2,"Large apartment, in historic building, near metro M2."
ML-2025-00252,2024-11-11,Tortona,900,55,3,2,1,2,False,partly furnished,central,G,1967.0,M2,,3,4+4,"Two-bedroom, near metro M2."
ML-2025-00978,2025-03-29,Brera,1750,56,3,3,1,4th,True,unfurnished,heat pump,F,1920.0,M2,170.0,2,4+4,"Two-bedroom, in historic building, with elevator, near metro M2."
ML-2025-01241,02/08/2025,Quarto Oggiaro,750,72,3,2,2,4,True,partly furnished,autonomous,,1900.0,M3,320.0,3,4+4,"Two-bedroom, in historic building, with elevator, near metro M3."
ML-2025-00086,2024-12-14,Porta Garibaldi,1800,66,4,3,2,ground,True,unfurnished,autonomous,D,2008.0,M2,120.0,3,4+4,"Apartment, with elevator, near metro M2."
ML-2025-01565,2025-03-12,Greco,700,61,2,1,1,7th,True,unfurnished,centr.,,1993.0,,90.0,3,4+4,"One-bedroom, with elevator, near metro M1."
ML-2025-01333,12/13/2024,Navigli,950,41,2,1,1,4,True,partly,autonomous,A,2012.0,M2,70.0,1,student,
ML-2025-02226,2025-02-24,Città Studi,950,50,2,1,1,5th,True,furnished,central,,1924.0,M2,250.0,2,4+4,"One-bedroom, in historic building, with elevator, near metro M2."
ML-2025-00631,2024-11-15,Lambrate,1350,65,3,3,2,4th,True,furnished,autonomous,A,2010.0,M2,80.0,2,3+2,"Two-bedroom, with elevator, near metro M2."
ML-2025-00537,2024-10-09,Quarto Oggiaro,900,91,4,3,2,8th,True,unfurnished,autonomous,E,1994.0,,230.0,1,temporary,"Apartment, with elevator, near metro M3."
ML-2025-01734,2025-02-22,NoLo,1100,58,3,2,1,2,True,FURNISHED,central,,1961.0,M2,150.0,3,3+2,"Two-bedroom, with elevator, near metro M2."
ML-2025-02058,21/02/2025,NoLo,1300,64,2,1,2,7,True,partly furnished,central,E,1992.0,M1,190.0,3,4+4,"One-bedroom, with elevator, near metro M1."
ML-2025-01355,23/02/2025,Città Studi,1450,65,4,3,2,2,True,unfurnished,autonomous,C,2002.0,M2,150.0,1,student,"Apartment, with elevator, near metro M2."
ML-2025-00181,2025-02-12,Porta Garibaldi,1750,71,3,2,1,2,True,furnished,autonomous,C,2013.0,M2,160.0,2,3+2,"Two-bedroom, recently built, with elevator, near metro M2."
ML-2025-01295,05/12/2024,Greco,800,46,2,2,1,4,True,furnished,central,D,2005.0,M1,220.0,2,4+4,"One-bedroom, with elevator, near metro M1."
ML-2025-02214,2025-02-14,Lorenteggio,900,81,3,2,2,1,False,unfurnished,central,,1904.0,,90.0,2,3+2,"Two-bedroom, in historic building."
ML-2025-02404,2024-12-08,Isola,3650,154,4,3,2,2,False,partly furnished,centr.,,1977.0,M5,280.0,3,3+2,"Large apartment, near metro M5."
ML-2025-01540,2024-10-21,Bocconi,1250,51,2,1,1,4,True,unfurnished,Autonomous,C,2011.0,M3,,3,3+2,"One-bedroom, recently built, with elevator, near metro M3."
ML-2025-00693,03/01/2025,Città Studi,1150,51,2,1,1,3,True,furnished,autonomous,,1956.0,M2,240.0,3,4+4,"One-bedroom, with elevator, near metro M2."
ML-2025-01412,2024-11-17,Porta Venezia,3250,137,5,4,2,4th,True,partly furnished, autonomous,G,1957.0,M1,300.0,3,4+4,"Large apartment, with elevator, near metro M1."
ML-2025-02328,2025-01-08,Centro Storico,2850,84,4,4,1,2,True,partly furnished,autonomous ,E,1995.0,M3,80.0,1,student,
ML-2025-00664,2025-01-14,Navigli,1150,47,2,1,1,ground,True,unfurnished,autonomous,,1983.0,M2,180.0,2,3+2,"One-bedroom, with elevator, near metro M2."
ML-2025-02104,2024-12-03,lambrate,750,51,3,2,1,4th,True,furnished,central,G,1966.0,M2,230.0,1,temporary,"Two-bedroom, with elevator, near metro M2."
ML-2025-02126,13/01/2025,Lambrate,1050,68,3,2,1,2th,False,furnished,autonomous ,E,1960.0,M2,320.0,1,temporary,"Two-bedroom, near metro M2."
ML-2025-02406,11/03/2025,Sempione,1150,67,3,2,2,3,False,unfurnished,central,G,1936.0,M1,260.0,3,4+4,"Two-bedroom, in historic building, near metro M1."
ML-2025-00737,04/01/2025,Tortona,2250,85,3,2,2,5,True,furnished,central,A1,2019.0,M2,240.0,1,student,"Two-bedroom, recently built, with elevator, near metro M2."
ML-2025-02036,2024-11-21,Porta Garibaldi,1550,58,3,2,1,6,True,furnished,central,F,1983.0,M5,110.0,3,4+4,
ML-2025-01913,2024-12-12,Lorenteggio,650,49,2,1,1,3th,True,furnished,central,,1945.0,,120.0,1,student,"One-bedroom, in historic building, with elevator."
ML-2025-01075,2024-12-18,Lorenteggio,700,58,3,2,1,2th,True,furnished,autonomous,,1945.0,,230.0,3,4+4,"Two-bedroom, in historic building, with elevator."
ML-2025-02412,16/03/2025,Porta Romana,1650,70,4,3,1,GF,False,unfurnished,central,,1976.0,M3,230.0,3,4+4,"Apartment, near metro M3."
ML-2025-02488,2025-01-04,Quarto Oggiaro,€ 1300,121,4,3,2,4th,True,furnished,CENTR.,,2003.0,M3,,1,temporary,"Large apartment, with elevator, near metro M3."
ML-2025-00104,2024-11-22,Città Studi,1000,52,3,2,1,2,True,PARTLY,central,F,1973.0,M2,310.0,3,4+4,"Two-bedroom, with elevator, near metro M2."
ML-2025-01968,11/11/2024,Porta Garibaldi,€ 2300,71 sqm,2,1,2,4,True,furnished,autonomous,E,1992.0,M5,,2,4+4,"One-bedroom, with elevator, near metro M5."
ML-2025-00909,2024-10-19,Navigli,850,51,2,1,1,3,False,unfurnished,central,F,1976.0,M2,290.0,2,4+4,"One-bedroom, near metro M2."
ML-2025-01256,2025-01-20,NoLo,1150,54,2,2,1,8,True,FURNISHED,central,E,1990.0,M1,90.0,2,4+4,"One-bedroom, with elevator, near metro M1."
ML-2025-02469,03/11/2024,Città Studi,700,32,1,1,1,2,True,partly furnished,autonomous,,1905.0,M2,260.0,2,3+2,"Studio, in historic building, with elevator, near metro M2."
ML-2025-02472,02/01/2025,Lorenteggio,800,53,2,1,1,2th,True,furnished,autonomous,,1940.0,,210.0,3,3+2,"One-bedroom, in historic building, with elevator."
ML-2025-01886,2024-11-04,Città Studi,1500,55,4,3,1,2,True,furnished,autonomous,,1981.0,M2,110.0,2,4+4,"Apartment, with elevator, near metro M2."
ML-2025-00584,19/11/2024,Porta Garibaldi,1750,79,3,3,1,7,True,unfurnished,central,D,1994.0,M2,160.0,2,4+4,
ML-2025-01330,22 October 2024,Città Studi,450,24,1,1,1,8,True,unfurnished,autonomous,,1984.0,M2,190.0,1,temporary,"Studio, with elevator, near metro M2."
ML-2025-01633,2024-12-22,Lambrate,1750,110,5,4,2,3,True,unfurnished,autonomous,B,2020.0,M2,80.0,2,4+4,"Large apartment, recently built, with elevator, near metro M2."
ML-2025-00128,22/03/2025,Quarto Oggiaro,1500,119,6,5,2,5,True,partly,central,D,1993.0,M3,120.0,2,4+4,"Large apartment, with elevator, near metro M3."
ML-2025-01628,26/10/2024,Bocconi,1050,56,2,1,1,1st,False,unfurnished,autonomous,G,1924.0,M3,310.0,3,3+2,"One-bedroom, in historic building, near metro M3."
ML-2025-01247,2025-02-23,Porta Romana,1850,95,4,3,1,3,False,unfurnished,autonomous,G,1927.0,M3,300.0,3,4+4,"Apartment, in historic building, near metro M3."
ML-2025-01157,2025-02-09,Porta Romana,2500,101,5,4,2,6,True,partly furnished,heat pump,,1991.0,M3,220.0,2,3+2,"Large apartment, with elevator, near metro M3."
ML-2025-00214,2024-12-23,Navigli,3550,153,5,4,2,4,True,unfurnished,CENTR.,E,,M2,310.0,3,3+2,"Large apartment, in historic building, with elevator, near metro M2."
ML-2025-00362,16 January 2025,Bicocca,2200,130,5,4,2,8,True,furnished,heat pump,F,1985.0,M5,180.0,2,4+4,
ML-2025-00087,2024-11-02,De Angeli,1000,58,3,2,1,3th,True,unfurnished,central,,1982.0,M1,110.0,1,temporary,"Two-bedroom, with elevator, near metro M1."
ML-2025-01550,29/01/2025,Bicocca,800,46,2,1,1,ground floor,True,furnished,central,D,2008.0,M5,230.0,1,student,"One-bedroom, with elevator, near metro M5."
ML-2025-01498,2024-11-24,Città Studi,650,41,2,1,1,1,False,unfurnished,central,F,,M2,320.0,1,temporary,"One-bedroom, in historic building, near metro M2."
ML-2025-00682,2025-02-12,Navigli,900,51,2,1,1,2,False,unfurnished,autonomous,F,1920.0,M2,180.0,3,4+4,
ML-2025-01232,2024-12-20,Navigli,1400,52,2,1,1,5,True,furnished,autonomous,F,1912.0,M2,180.0,3,4+4,"One-bedroom, in historic building, with elevator, near metro M2."
ML-2025-00145,2025-02-19,Isola,1050,46,2,1,1,3,True,partly furnished,Autonomous,C,2014.0,M5,130.0,3,4+4,
ML-2025-01851,2025-03-26,Isola,1300,47,2,1,1,5,True,partly furn.,autonomous,A2,2019.0,M5,230.0,1,student,"One-bedroom, recently built, with elevator, near metro M5."
ML-2025-00558,2025-02-09,Centro Storico,1300,47,3,2,1,2,False,furnished,autonomous,F,1951.0,M1,220.0,3,4+4,"Two-bedroom, near metro M1."
ML-2025-00513,2025-01-20,Corvetto,850,75,2,1,2,ground,False,unfurnished,heat pump,G,1920.0,M3,120.0,3,4+4,"One-bedroom, in historic building, near metro M3."
ML-2025-02393,01/25/2025,NoLo,1300,78,4,3,1,3th,True,furnished,centr.,,1957.0,M1,100.0,3,3+2,"Apartment, with elevator, near metro M1."
ML-2025-00920,2024-11-30,Porta Romana,600,28,1,1,1,4th,True,furnished,autonomous,F,1900.0,M3,180.0,2,4+4,"Studio, in historic building, with elevator, near metro M3."
ML-2025-00180,17/11/2024,Porta Romana,1650,68,3,2,1,first,False,furnished,autonomous,G,1958.0,M3,270.0,2,4+4,"Two-bedroom, near metro M3."
ML-2025-01910,2025-01-02,Porta Romana,1500,71,4,3,1,3th,True,furnished,autonomous,F,1985.0,M3,140.0,1,student,
ML-2025-01664,07/10/2024,Città Studi,950,45,3,2,1,4th,True,partly furnished,central,G,1963.0,M2,180.0,3,4+4,"Two-bedroom, with elevator, near metro M2."
ML-2025-01654,2024-12-24,Porta Garibaldi,2200,89,4,3,1,8th,True,unfurnished,central,E,2002.0,M5,250.0,2,3+2,"Apartment, with elevator, near metro M5."
ML-2025-00622,21/12/2024,NAVIGLI,3150,108,3,3,2,8,True,furnished,centr.,A4,2016.0,M2,,3,4+4,"Large apartment, recently built, with elevator, near metro M2."
ML-2025-01740,2024-12-29,NoLo,1600,119,5,4,2,1,False,partly furnished,autonomous,,1928.0,M2,80.0,1,temporary,"Large apartment, in historic building, near metro M2."
ML-2025-01502,2024-11-04,Città Studi,2200,100,4,3,2,5,True,partly furnished,autonomous,E,2002.0,M2,120.0,1,temporary,"Apartment, with elevator, near metro M2."
ML-2025-00349,03/06/2025,Tortona,1250,58,3,3,1,3,False,partly furnished,autonomous,F,1963.0,M2,140.0,2,3+2,"Two-bedroom, near metro M2."
ML-2025-02354,16/02/2025,Quarto Oggiaro,1100,99,5,4,1,4,True,furnished,central,F,1949.0,M3,220.0,3,4+4,"Apartment, in historic building, with elevator, near metro M3."
ML-2025-01766,2025-01-25,Porta Garibaldi,2300,102,5,4,1,8,True,unfurnished,autonomous,,1999.0,,180.0,3,4+4,"Large apartment, with elevator, near metro M5."
ML-2025-01130,13/11/2024,Navigli,1450,90,3,2,1,3,False,unfurnished,autonomous,G,1918.0,M2,170.0,2,3+2,"Two-bedroom, in historic building, near metro M2."
ML-2025-01503,2025-02-17,Centro Storico,1800,71,4,3,2,3,True,partly furnished,central,F,1977.0,M1,,3,4+4,"Apartment, with elevator, near metro M1."
ML-2025-00617,25/12/2024,Quadrilatero,9789,74,4,3,1,3th,False,partly,autonomous,F,1965.0,M1,130.0,3,3+2,"Prestigious penthouse with panoramic view, luxury finishes."
ML-2025-01451,2025-01-07,Città Studi,3500,147,4,3,2,5,True,partly furnished,autonomous,E,1968.0,M2,,3,4+4,"Large apartment, with elevator, near metro M2."
ML-2025-00934,2024-11-19,Bocconi,5750,250,5,4,2,first,False,partly furnished,heat pump,,1951.0,M3,230.0,2,4+4,"Large apartment, near metro M3."
ML-2025-00835,2025-01-08,Città Studi,1550,83,4,3,2,8,True,unfurnished,autonomous,,1985.0,M2,110.0,1,student,"Apartment, with elevator, near metro M2."
ML-2025-02493,06/03/2025,Affori,1350,110,5,4,2,4th,True,furnished,centr.,G,1956.0,M3,220.0,2,4+4,"Large apartment, with elevator, near metro M3."
ML-2025-00940,28/11/2024,Sempione,1100,56,4,3,1,2,False,furnished,heat pump,G,1961.0,M5,220.0,3,4+4,"Apartment, near metro M5."
ML-2025-02063,2024-12-04,Greco,800,50,1,1,1,4,True,furnished,autonomous,,1974.0,M1,300.0,3,3+2,"Apartment, with elevator, near metro M1."
ML-2025-01190,22 December 2024,Lambrate,1000,57,2,1,1,1st,True,partly furnished,autonomous,C,1990.0,M2,160.0,3,4+4,"One-bedroom, with elevator, near metro M2."
ML-2025-02468,2025-01-21,Zone Brera,1600,54,1,1,1,4,True,unfurnished,autonomous,G,1958.0,M2,110.0,1,student,"Apartment, with elevator, near metro M2."
ML-2025-01685,5 February 2025,Porta Romana,1750,73,3,2,2,first,True,unfurnished,Central,,1999.0,,210.0,1,temporary,"Two-bedroom, with elevator, near metro M3."
ML-2025-01841,2024-12-12,Tortona,800,40,2,1,1,5th,True,partly furnished,heat pump,B,2019.0,M2,210.0,2,4+4,"One-bedroom, recently built, with elevator, near metro M2."
ML-2025-01150,2025-03-03,Quarto Oggiaro,750,59,4,4,1,1st,False,furnished,central,E,1973.0,M3,280.0,2,4+4,"Apartment, near metro M3."
ML-2025-02272,31/03/2025,Tortona,€ 1800,81 sqm,5,4,2,4th,True,unfurnished,Autonomous,A4,2018.0,M2,,2,3+2,
ML-2025-00575,24 November 2024,Quarto Oggiaro,950,98,3,2,1,2th,True,furnished,central,,1971.0,M3,220.0,2,4+4,"Two-bedroom, with elevator, near metro M3."
ML-2025-00243,2025-03-05,Corvetto,700,45,2,1,1,1,True,furnished,heat pump,C,2007.0,M3,60.0,1,student,"One-bedroom, with elevator, near metro M3."
ML-2025-02014,2024-10-23,Porta Romana,1700,71,3,2,1,1,False,furnished,autonomous,F,,M3,170.0,1,student,"Two-bedroom, in historic building, near metro M3."
ML-2025-00982,2025-03-10,Affori,700,61,4,3,1,5,True,unfurnished,autonomous,C,2009.0,M3,180.0,3,3+2,"Apartment, with elevator, near metro M3."
ML-2025-01816,2024-12-21,Lorenteggio,550,40,2,1,1,4th,True,furnished,autonomous,,1945.0,,280.0,1,temporary,"One-bedroom, in historic building, with elevator."
ML-2025-00547,15 January 2025,Porta Venezia,750,38,1,1,1,3,True,unfurnished,autonomous,E,1929.0,M1,250.0,3,3+2,"Studio, in historic building, with elevator, near metro M1."
ML-2025-00591,2025-01-04,Porta Romana,3650,140,6,5,2,1,True,furnished,autonomous,A,2020.0,M3,100.0,3,4+4,"Large apartment, recently built, with elevator, near metro M3."
ML-2025-01756,19/11/2024,Greco,€ 2850,167 sqm,6,6,2,first,True,partly furnished,autonomous,E,1992.0,M1,,3,3+2,"Large apartment, with elevator, near metro M1."
ML-2025-00024,2025-02-16,Tortona,1750,81,4,3,2,4,True,PARTLY,heat pump,D,1999.0,M2,200.0,3,3+2,"Apartment, with elevator, near metro M2."
ML-2025-01452,2024-10-08,Bicocca,750,47,3,2,1,4th,True,unfurnished,AUTONOMOUS,E,1996.0,M5,170.0,2,4+4,"Two-bedroom, with elevator, near metro M5."
ML-2025-01098,2024-11-11,Magenta,1200,56,4,3,1,1st,False,Furnished,central,,,M2,110.0,3,3+2,"Apartment, in historic building, near metro M2."
ML-2025-01021,16/12/2024,Lambrate,1450,89,4,3,2,3,False,furnished,central,G,1947.0,M2,230.0,2,4+4,
ML-2025-02390,2025-03-15,Lambrate,1200,67,2,1,2,first,True,unfurnished,central,A,2008.0,M2,120.0,1,student,"One-bedroom, with elevator, near metro M2."
ML-2025-00979,2024-12-22,Città Studi,2000,99,4,3,1,3,False,partly furnished,central,F,1957.0,M2,250.0,1,temporary,"Apartment, near metro M2."
ML-2025-00914,2024-10-30,Zone NoLo,800,46,2,2,1,5th,True,unfurnished,autonomous,B,2017.0,M2,70.0,3,4+4,"One-bedroom, recently built, with elevator, near metro M2."
ML-2025-01784,25/01/2025,bicocca,1100,62,2,1,1,2th,True,furnished,autonomous,B,2017.0,M5,150.0,2,4+4,
ML-2025-01898,26/11/2024,Magenta,1750,61,4,3,1,6,True,furnished,autonomous,A2,2018.0,M2,60.0,1,temporary,"Apartment, recently built, with elevator, near metro M2."
ML-2025-01268,2025-01-24,Città Studi,1600,65,2,1,2,G,True,furnished,heat pump,C,2010.0,M2,70.0,1,student,"One-bedroom, with elevator, near metro M2."
ML-2025-00042,2025-03-16,CITTÀ STUDI,1300,58,3,2,1,2th,True,furnished,autonomous,B,2016.0,M2,210.0,3,4+4,"Two-bedroom, recently built, with elevator, near metro M2."
ML-2025-02111,2024-12-07,Porta Romana,800,36,1,1,1,1st,False,furnished,central,G,1932.0,M3,240.0,3,4+4,"Studio, in historic building, near metro M3."
ML-2025-01762,05/12/2024,Quarto Oggiaro,400,32,2,2,1,5,True,furnished,autonomous,F,1964.0,M3,130.0,1,temporary,"Studio, with elevator, near metro M3."
ML-2025-02501,25/01/2025,Bocconi,2500,102,4,3,2,8,True,Unfurnished,central,,1994.0,,170.0,3,4+4,"Large apartment, with elevator, near metro M3."
ML-2025-01912,2025-02-19,Baggio,400,36,1,1,1,4th,True,furnished,autonomous,,1989.0,,220.0,2,4+4,"Studio, with elevator."
ML-2025-00470,01/03/2025,Lorenteggio,600,44,1,1,1,2th,True,FURNISHED,heat pump,D,1992.0,,90.0,1,temporary,"Apartment, with elevator."
ML-2025-00353,2024-11-17,Bicocca,1600,87,4,3,2,7,True,partly furnished,autonomous,,1981.0,M5,150.0,2,4+4,"Apartment, with elevator, near metro M5."
ML-2025-00139,2024-10-16,Porta Garibaldi,2000,77,3,2,1,4,True,unfurnished,autonomous,B,2015.0,M5,130.0,3,4+4,"Two-bedroom, recently built, with elevator, near metro M5."
ML-2025-00586,2024-12-16,Navigli,1250,53,1,1,1,3th,False,partly furnished,central,E,1900.0,M2,270.0,2,4+4,"Apartment, in historic building, near metro M2."
ML-2025-02285,02/11/2025,Porta Romana,1550,71,4,3,2,3th,False,Unfurnished,central,F,1969.0,M3,260.0,1,student,"Apartment, near metro M3."
ML-2025-00324,2024-12-10,Isola,2050,80,3,2,2,2th,True,furnished,autonomous,E,1933.0,M5,180.0,1,temporary,"Two-bedroom, in historic building, with elevator, near metro M5."
ML-2025-01921,2024-10-23,Lambrate,€ 550,31,1,1,1,GF,True,partly furnished,centr.,C,2013.0,M2,,1,student,"Studio, recently built, with elevator, near metro M2."
ML-2025-00796,2025-03-30,QUARTO OGGIARO,500,49,2,1,1,4,True,unfurnished,central,,1984.0,M3,110.0,3,4+4,
ML-2025-00522,01/19/2025,Tortona,1200,49,2,1,1,1,True,furnished,central,,1987.0,M2,,3,3+2,"One-bedroom, with elevator, near metro M2."
ML-2025-01805,02/26/2025,Porta Garibaldi,1200,45,2,1,1,2,True,furnished, autonomous,F,1982.0,M5,130.0,3,4+4,"One-bedroom, with elevator, near metro M5."
ML-2025-02273,3 December 2024,Città Studi,700,35,3,2,1,2th,True,furnished,autonomous,G,1941.0,M2,190.0,3,4+4,"Studio, in historic building, with elevator, near metro M2."
ML-2025-01085,27/02/2025,Corvetto,€ 1350,106 sqm,4,3,2,2th,False,FURNISHED,central,F,,M3,,1,student,"Large apartment, in historic building, near metro M3."
ML-2025-01564,28/03/2025,Isola,900,41,3,2,1,3,False,partly furnished,central,F,,M5,210.0,3,4+4,"Two-bedroom, in historic building, near metro M5."
ML-2025-01941,2024-10-25,Quadrilatero,5950,130,5,4,2,6,True,furnished,central,,1981.0,M1,70.0,1,temporary,"Large apartment, with elevator, near metro M1."
ML-2025-00876,2025-03-28,Porta Romana,3100,127,4,3,2,2,False,FURNISHED,AUTONOMOUS,F,1927.0,M3,170.0,2,4+4,"Large apartment, in historic building, near metro M3."
ML-2025-00527,2025-01-17,NoLo,1350,67,2,1,1,5,True,UNFURNISHED,auto.,D,2003.0,M2,90.0,3,3+2,"One-bedroom, with elevator, near metro M2."
ML-2025-01244,17/12/2024,Quarto Oggiaro,450,50,3,2,1,5th,True,unfurnished,central,C,2012.0,,200.0,3,4+4,
ML-2025-01589,28/11/2024,NoLo,1000,53,2,1,1,1st,True,partly furnished,autonomous,,2003.0,M1,80.0,1,student,"One-bedroom, with elevator, near metro M1."
ML-2025-00850,09/02/2025,Zone Sempione,1000,51,1,1,1,3,False,PARTLY,heat pump,F,,M1,290.0,3,4+4,"Apartment, in historic building, near metro M1."
ML-2025-00394,2025-02-01,Affori,900,74,3,2,2,2,True,unfurnished,autonomous,A2,2018.0,M3,230.0,2,4+4,"Two-bedroom, recently built, with elevator, near metro M3."
ML-2025-00170,20/11/2024,Sempione,1150,67,3,2,2,2,True,partly furnished,autonomous,G,,M5,180.0,2,3+2,"Two-bedroom, in historic building, with elevator, near metro M5."
ML-2025-00344,2024-11-19,NoLo,4250,231,5,4,2,5,True,furnished,central,,1909.0,M1,210.0,3,4+4,"Large apartment, in historic building, with elevator, near metro M1."
ML-2025-01428,2025-02-24,Corvetto,€ 850,70 sqm,3,2,1,ground floor,False,partly furnished,heat pump,G,1952.0,M3,,1,temporary,"Two-bedroom, near metro M3."
ML-2025-00829,03/01/2025,De Angeli,1250,84,5,4,2,first,False,unfurnished,autonomous ,G,1953.0,M1,220.0,1,student,"Apartment, near metro M1."
ML-2025-00601,2025-01-28,Magenta,1050,46,2,1,1,6,True,empty,autonomous,,1991.0,M2,70.0,1,student,"One-bedroom, with elevator, near metro M2."
ML-2025-02102,02/06/2025,Bocconi,1650,75,2,1,2,2,False,furnished,autonomous,,1934.0,M3,140.0,3,4+4,"One-bedroom, in historic building, near metro M3."
ML-2025-02359,18/12/2024,Bocconi,1500,66,3,2,1,1,True,unfurnished, autonomous,B,2010.0,M3,140.0,2,3+2,"Two-bedroom, with elevator, near metro M3."
ML-2025-01445,2025-01-05,Quarto Oggiaro,950,87,4,3,2,7th,True,furnished,central,C,2008.0,M3,90.0,3,4+4,"Apartment, with elevator, near metro M3."
ML-2025-00805,15/10/2024,NoLo,1150,65,4,3,2,3,False,partly furn.,central,G,1906.0,M1,220.0,1,temporary,"Apartment, in historic building, near metro M1."
ML-2025-01417,2025-03-08,Brera,2500,81,4,4,1,1,False,furnished,autonomous ,,1940.0,M3,170.0,1,temporary,"Apartment, in historic building, near metro M3."
ML-2025-01216,2025-02-09,Navigli,1050,54,2,2,1,1,False,partly,Central,F,1967.0,M2,180.0,2,3+2,"One-bedroom, near metro M2."
ML-2025-00361,2025-01-10,Tortona,1500,80,4,4,2,3,True,unfurnished,central,,1960.0,M2,280.0,3,4+4,"Apartment, with elevator, near metro M2."
ML-2025-02001,2025-03-24,Isola,1600,68,4,3,2,6,True,unfurnished,AUTONOMOUS,,1998.0,M5,160.0,2,4+4,"Apartment, with elevator, near metro M5."
ML-2025-02269,2024-10-23,Navigli,900,35,1,1,1,3th,True,PARTLY,central,A2,2017.0,M2,160.0,2,4+4,"Studio, recently built, with elevator, near metro M2."
ML-2025-00611,29/10/2024,Brera,2350,59,2,1,1,1,False,furn.,central,E,1910.0,M3,190.0,2,4+4,"One-bedroom, in historic building, near metro M3."
ML-2025-00661,2025-01-15,Porta Garibaldi,1600,68,3,2,2,1,False,partly furnished,autonomous,,1952.0,M2,280.0,2,4+4,"Two-bedroom, near metro M2."
ML-2025-00020,10/02/2025,Isola,900,38,2,1,1,1,True,furnished,central,D,1985.0,M5,60.0,2,3+2,"Studio, with elevator, near metro M5."
ML-2025-01346,28/11/2024,NoLo,1800,77,3,2,1,first,True,FURNISHED,autonomous,C,2011.0,M1,220.0,3,4+4,"Two-bedroom, recently built, with elevator, near metro M1."
ML-2025-01308,12/08/2024,Greco,1250,86,3,2,2,5th,True,partly furnished, autonomous,G,1922.0,M1,270.0,2,4+4,"Two-bedroom, in historic building, with elevator, near metro M1."
ML-2025-00184,2024-12-04,Baggio,1600,121,5,4,2,3th,True,furnished,autonomous,E,1999.0,,70.0,2,4+4,"Large apartment, with elevator."
ML-2025-00312,2024-10-19,Porta Venezia,1850,67,2,2,1,2,True,partly furnished,central,E,1990.0,M1,60.0,2,3+2,"One-bedroom, with elevator, near metro M1."
ML-2025-02239,2025-02-16,Porta Venezia,1450,73,2,1,2,4,True,partly furnished,CENTR.,,1920.0,M1,100.0,1,temporary,"One-bedroom, in historic building, with elevator, near metro M1."
ML-2025-00963,04/02/2025,Navigli,1650,69,2,1,2,1,True,partly,heat pump,,1987.0,M2,220.0,3,4+4,"One-bedroom, with elevator, near metro M2."
ML-2025-00194,29/03/2025,BICOCCA,700,52,3,2,1,5th,True,unfurnished,autonomous,G,1926.0,M5,320.0,2,4+4,"Two-bedroom, in historic building, with elevator, near metro M5."
ML-2025-02240,2025-03-30,Navigli,1000,43,2,1,1,5th,True,furnished,autonomous,E,2002.0,M2,60.0,2,4+4,"One-bedroom, with elevator, near metro M2."
ML-2025-01028,12/03/2025,Quarto Oggiaro,1900,174,5,4,2,1,False,partly furnished,autonomous,F,1957.0,,120.0,2,4+4,
ML-2025-00798,13/01/2025,Bocconi,2500,85,4,3,2,4th,True,PARTLY,autonomous,D,1993.0,M3,130.0,1,student,"Apartment, with elevator, near metro M3."
ML-2025-01920,06/12/2024,NoLo,1350,71,3,2,1,4,True,Furnished,autonomous,D,2013.0,M1,160.0,3,3+2,"Two-bedroom, recently built, with elevator, near metro M1."
ML-2025-00635,2025-03-28,Porta Venezia,1450,52,2,1,1,6,True,partly furnished,autonomous ,,2002.0,M1,100.0,3,3+2,"One-bedroom, with elevator, near metro M1."
ML-2025-02330,2024-11-16,Brera,2150,56,3,2,1,3,False,furnished,autonomous,E,1937.0,M2,230.0,2,4+4,"Two-bedroom, in historic building, near metro M2."
ML-2025-01969,24/02/2025,Porta Garibaldi,2350,87,4,4,2,7th,True,furnished,autonomous,C,2007.0,M2,,2,4+4,"Apartment, with elevator, near metro M2."
ML-2025-01677,2024-10-29,Porta Venezia,1450,63,3,2,1,2th,False,PARTLY,autonomous,G,1901.0,M1,250.0,1,temporary,"Two-bedroom, in historic building, near metro M1."
ML-2025-00065,03/01/2025,Isola,3600,137,5,4,2,6,True,furnished,autonomous,E,1992.0,M5,140.0,2,4+4,"Large apartment, with elevator, near metro M5."
ML-2025-00996,20/12/2024,Porta Venezia,1150,60,2,1,2,G,False,unfurnished,autonomous,G,1953.0,M1,230.0,3,4+4,
ML-2025-00602,12/08/2024,Isola,1900,73,4,3,1,7,True,partly furnished,central,,1991.0,M5,150.0,1,student,"Apartment, with elevator, near metro M5."
ML-2025-02399,2024-10-26,Bicocca,1350,75,3,2,2,8,True,Furnished,autonomous,F,1986.0,M5,240.0,2,3+2,"Two-bedroom, with elevator, near metro M5."
ML-2025-01163,03/10/2025,Porta Garibaldi,1700,63,4,3,2,4,True,furnished,central,,1980.0,M5,100.0,1,temporary,"Apartment, with elevator, near metro M5."
ML-2025-01961,2025-02-16,Porta Romana,1450,58,4,3,1,first,True,Furnished,AUTONOMOUS,,1985.0,M3,160.0,3,4+4,"Apartment, with elevator, near metro M3."
ML-2025-00298,2025-02-22,Navigli,1350,72,3,2,1,2th,True,unfurnished,autonomous,,1914.0,M2,320.0,3,4+4,"Two-bedroom, in historic building, with elevator, near metro M2."
ML-2025-00952,26 December 2024,Lambrate,1400,90,4,3,1,6th,True,partly furnished,central,D,1999.0,M2,140.0,3,4+4,"Apartment, with elevator, near metro M2."
ML-2025-01595,06/03/2025,De Angeli,1700,86,4,3,1,first,False,furnished,autonomous,G,,M1,110.0,2,3+2,"Apartment, in historic building, near metro M1."
ML-2025-01363,2025-01-12,Bicocca,1850,103,3,2,1,2,True,furnished,autonomous,E,1980.0,M5,90.0,3,4+4,"Large apartment, with elevator, near metro M5."
ML-2025-00999,2025-02-02,Corvetto,700,47,3,2,1,3th,True,furnished,autonomous,,1934.0,M3,140.0,2,3+2,"Two-bedroom, in historic building, with elevator, near metro M3."
ML-2025-02388,26/01/2025,Sempione,1050,53,1,1,1,2,True,furn.,central,,1945.0,,320.0,1,student,"Apartment, in historic building, with elevator, near metro M5."
ML-2025-02030,2024-12-07,Bicocca,950,55,3,2,1,8,True,unfurnished,autonomous,C,2008.0,M5,70.0,3,4+4,"Two-bedroom, with elevator, near metro M5."
ML-2025-01610,2025-01-20,Bocconi,2350,112,5,4,2,3,False,unfurnished,central,F,1935.0,M3,110.0,2,3+2,"Large apartment, in historic building, near metro M3."
ML-2025-00747,2025-03-08,Tortona,1100,57,3,2,1,2,True,FURNISHED,heat pump,F,1985.0,M2,120.0,1,student,"Two-bedroom, with elevator, near metro M2."
ML-2025-01166,1 January 2025,Greco,1450,112,5,4,2,4th,True,partly furnished,autonomous,G,1925.0,M1,280.0,2,3+2,"Large apartment, in historic building, with elevator, near metro M1."
ML-2025-00323,2025-01-30,Lambrate,900,55,3,3,1,2,False,furnished,central,,1962.0,M2,320.0,2,3+2,"Two-bedroom, near metro M2."
ML-2025-00319,2024-10-22,Porta Romana,800,33,1,1,1,6th,True,furnished,autonomous,,2000.0,M3,170.0,3,3+2,"Studio, with elevator, near metro M3."
ML-2025-01922,2025-03-05,Centro Storico,1400,46,2,2,1,first,False,unfurnished,autonomous,E,1928.0,M3,80.0,3,4+4,"One-bedroom, in historic building, near metro M3."
ML-2025-00165,2025-01-23,Porta Venezia,1150,41,2,1,1,5th,True,furnished,autonomous,G,1956.0,M1,140.0,3,4+4,"One-bedroom, with elevator, near metro M1."
ML-2025-00600,2024-12-09,Brera,1900,69,3,2,2,4,True,empty,heat pump,,1938.0,M2,250.0,2,4+4,"Two-bedroom, in historic building, with elevator, near metro M2."
ML-2025-00818,01/01/2025,NoLo,1100,80,4,3,1,1,False,unfurnished,autonomous,G,1905.0,M1,270.0,3,4+4,
ML-2025-01142,23/12/2024,Porta Garibaldi,3000,102,4,3,2,3,True,furnished,autonomous,F,1947.0,M2,170.0,2,4+4,"Large apartment, in historic building, with elevator, near metro M2."
ML-2025-02276,2024-11-09,Sempione,1050,58,3,2,1,4th,True,furnished,autonomous,G,,M1,250.0,2,4+4,"Two-bedroom, in historic building, with elevator, near metro M1."
ML-2025-01700,24/11/2024,Bocconi,1300,49,2,1,1,2,True,unfurnished,heat pump,C,1998.0,M3,210.0,2,4+4,"One-bedroom, with elevator, near metro M3."
ML-2025-01491,2025-03-13,Navigli,€ 1400,63 sqm,3,2,2,5,True,unfurnished,central,C,2010.0,M2,,3,4+4,
ML-2025-00279,2024-10-12,Lambrate,1600,69,2,1,2,7th,True,furnished,autonomous,A,2019.0,M2,120.0,3,3+2,"One-bedroom, recently built, with elevator, near metro M2."
ML-2025-02262,03/03/2025,Sempione,2400,106,4,3,2,3,False,partly furn.,auto.,E,,M1,160.0,3,4+4,"Large apartment, in historic building, near metro M1."
ML-2025-02332,2025-01-16,Quadrilatero,2450,61,4,3,2,3,False,furnished,AUTONOMOUS,,1958.0,M3,120.0,2,4+4,"Apartment, near metro M3."
ML-2025-01824,2024-10-27,Affori,800,53,2,1,1,3,True,furnished,central,A3,2021.0,M3,150.0,3,4+4,"One-bedroom, recently built, with elevator, near metro M3."
ML-2025-02138,2025-03-02,De Angeli,1300,68,3,2,1,8,True,unfurnished,autonomous,C,2008.0,M1,210.0,2,4+4,"Two-bedroom, with elevator, near metro M1."
ML-2025-01994,16/10/2024,Porta Romana,1000,52,1,1,1,2,True,UNFURNISHED,autonomous,F,,M3,290.0,2,4+4,"Apartment, in historic building, with elevator, near metro M3."
ML-2025-02496,2025-03-24,Città Studi,700,39,2,2,1,8,True,unfurnished,autonomous,F,1982.0,M2,120.0,1,student,"Studio, with elevator, near metro M2."
ML-2025-00010,23/02/2025,Lambrate,350,20,1,1,1,2,True,furnished,autonomous,F,1957.0,M2,310.0,2,4+4,"Studio, with elevator, near metro M2."
ML-2025-01041,2025-03-22,Bocconi,1350,56,3,2,1,1,True,unfurnished,central,C,2001.0,M3,70.0,1,temporary,"Two-bedroom, with elevator, near metro M3."
ML-2025-02000,03/01/2025,Isola,3250,142,4,3,2,4,True,partly furnished,autonomous,G,1938.0,M5,150.0,3,3+2,"Large apartment, in historic building, with elevator, near metro M5."
ML-2025-01170,14 November 2024,Isola,1200,65,4,3,1,8,True,unfurnished,central,,1992.0,M5,200.0,3,4+4,"Apartment, with elevator, near metro M5."
ML-2025-01033,2025-03-18,Navigli,1200,45,2,1,1,4,True,furnished,central,D,2003.0,M2,120.0,1,student,
ML-2025-00722,10/06/2024,Magenta,2350,89,5,4,1,5,True,furnished,central,E,1925.0,M1,200.0,3,4+4,"Apartment, in historic building, with elevator, near metro M1."
ML-2025-02492,2024-12-03,Navigli,1600,75,2,1,2,5th,True,partly furnished,central,F,1929.0,M2,280.0,3,4+4,"One-bedroom, in historic building, with elevator, near metro M2."
ML-2025-00883,2025-01-08,Centro Storico,1600,72,3,2,1,2,False,unfurnished,autonomous,G,1943.0,M1,120.0,2,4+4,"Two-bedroom, in historic building, near metro M1."
ML-2025-00822,12/13/2024,Centro Storico,1300,43,1,1,1,1,True,furnished,central,F,1980.0,M3,200.0,3,3+2,"Apartment, with elevator, near metro M3."
ML-2025-02423,13/11/2024,Affori,750,52,1,1,1,3,False,furn.,central,,1947.0,M3,210.0,3,4+4,"Apartment, in historic building, near metro M3."
ML-2025-02021,26/12/2024,Lorenteggio,3000,235,6,5,2,3th,True,furnished,heat pump,,1928.0,,320.0,2,3+2,"Large apartment, in historic building, with elevator."
ML-2025-00004,2025-01-02,Sempione,1400,69,3,2,2,4,True,partly furn.,autonomous,F,1911.0,M5,280.0,1,student,"Two-bedroom, in historic building, with elevator, near metro M5."
ML-2025-01019,02/21/2025,Corvetto,1000,74,3,2,2,5th,True,unfurnished,autonomous,E,1980.0,M3,,3,4+4,"Two-bedroom, with elevator, near metro M3."
ML-2025-00386,19/11/2024,Greco,650,47,2,1,1,ground,True,Unfurnished,autonomous,,1990.0,M1,70.0,2,3+2,"One-bedroom, with elevator, near metro M1."
ML-2025-00354,7 March 2025,Magenta,1700,78,3,3,2,1,True,unfurnished,central,D,2004.0,M1,210.0,2,4+4,"Two-bedroom, with elevator, near metro M1."
ML-2025-01904,2024-12-15,Brera,1250,49,3,2,1,4,True,UNFURNISHED,central,F,1971.0,M2,220.0,3,3+2,"Two-bedroom, with elevator, near metro M2."
ML-2025-01802,2025-01-11,De Angeli,2500,92,4,3,2,5,True,partly,central,A1,2016.0,,90.0,3,4+4,"Apartment, recently built, with elevator, near metro M1."
ML-2025-00706,2025-02-24,Lorenteggio,600,40,2,1,1,3,True,furnished,heat pump,A,2021.0,,110.0,3,3+2,"One-bedroom, recently built, with elevator."
ML-2025-00023,2025-01-30,Isola,2500,97,5,4,1,8,True,furnished,centr.,E,1988.0,M5,200.0,2,4+4,
ML-2025-01591,2024-10-08,Lambrate,1250,76,2,1,1,G,False,unfurnished,autonomous,D,1972.0,M2,200.0,2,3+2,"One-bedroom, near metro M2."
ML-2025-02110,05/03/2025,Lorenteggio,750,50,2,1,1,1,False,FURNISHED,Central,D,1973.0,,210.0,1,student,One-bedroom.
ML-2025-02484,01/11/2025,Porta Romana,1050,49,2,1,1,3th,False,furnished,CENTR.,,1942.0,M3,210.0,2,4+4,"One-bedroom, in historic building, near metro M3."
ML-2025-02075,2024-11-21,Baggio,750,82,3,2,2,3,False,unfurnished,central,F,1956.0,,70.0,2,4+4,Two-bedroom.
ML-2025-02171,16 October 2024,Lambrate,1400,102,5,5,1,4,True,partly furnished,central,,1955.0,M2,210.0,3,4+4,"Large apartment, with elevator, near metro M2."
ML-2025-01453,2024-11-02,Quarto Oggiaro,550,53,1,1,1,8th,True,unfurnished,autonomous,,2000.0,M3,120.0,3,4+4,
ML-2025-01165,2024-11-24,Magenta,800,31,1,1,1,3th,True,partly furnished,autonomous,A3,2017.0,M2,180.0,1,temporary,"Studio, recently built, with elevator, near metro M2."
ML-2025-01526,2024-12-10,Navigli,1800,87,4,4,1,3,False,furnished,autonomous,G,,M2,240.0,1,student,"Apartment, in historic building, near metro M2."
ML-2025-00091,2024-11-09,Porta Romana,1200,51,2,1,1,2,True,Furnished,autonomous,C,1995.0,M3,230.0,3,3+2,"One-bedroom, with elevator, near metro M3."
ML-2025-02248,2025-02-07,Quarto Oggiaro,550,42,2,1,1,6,True,partly furnished,heat pump,A2,2020.0,M3,50.0,2,4+4,"One-bedroom, recently built, with elevator, near metro M3."
ML-2025-01259,2024-11-04,Quadrilatero,€ 1800,43 sqm,2,1,1,7th,True,furnished,Autonomous,B,2017.0,M1,,2,3+2,"One-bedroom, recently built, with elevator, near metro M1."
ML-2025-02361,2024-11-19,Centro Storico,3250,108,3,2,1,1,False,unfurnished,autonomous,E,1907.0,M1,310.0,1,student,"Large apartment, in historic building, near metro M1."
ML-2025-00280,2024-12-22,Greco,1250,84,4,3,2,6,True,furnished,central,D,1994.0,M1,140.0,2,4+4,"Apartment, with elevator, near metro M1."
ML-2025-00083,20/03/2025,Porta Garibaldi,1450,47,2,1,1,1,True,partly furnished,central,A,2018.0,M5,60.0,1,temporary,"One-bedroom, recently built, with elevator, near metro M5."
ML-2025-02099,2024-12-04,Greco,1300,90,3,3,1,8,True,furnished,heat pump,F,1986.0,M1,180.0,2,4+4,
ML-2025-00114,2024-11-27,Greco,850,58,2,1,1,4th,True,furnished,autonomous,G,1920.0,M1,110.0,3,3+2,"One-bedroom, in historic building, with elevator, near metro M1."
ML-2025-00308,16/01/2025,Porta Garibaldi,1250,64,4,3,2,5th,True,partly furnished,autonomous,G,,M2,100.0,3,3+2,"Apartment, in historic building, with elevator, near metro M2."
ML-2025-02293,2024-11-03,Navigli,1750,73,3,2,2,2,False,partly furnished,central,D,1974.0,M2,250.0,2,4+4,
ML-2025-01907,18/11/2024,Lorenteggio,1200,70,3,2,1,2,True,furnished,Autonomous,E,1984.0,,120.0,3,4+4,"Two-bedroom, with elevator."
ML-2025-01822,4 February 2025,Porta Romana,850,41,2,1,1,2,False,unfurnished,central,F,1947.0,M3,240.0,2,4+4,"One-bedroom, in historic building, near metro M3."
ML-2025-01315,2024-11-24,NoLo,2050,106,4,3,2,2th,True,furnished,autonomous,,1986.0,M1,170.0,2,4+4,"Large apartment, with elevator, near metro M1."
ML-2025-01966,2024-12-14,Sempione,1650,80,4,4,2,6,True,furnished,central,,1993.0,M5,240.0,1,temporary,"Apartment, with elevator, near metro M5."
ML-2025-00067,2024-12-04,Porta Romana,1600,72,3,2,1,5th,True,furnished, autonomous,F,,M3,260.0,2,4+4,"Two-bedroom, in historic building, with elevator, near metro M3."
ML-2025-00078,12/17/2024,Porta Venezia,750,32,1,1,1,6,True,unfurnished,central,F,1980.0,M1,60.0,2,4+4,"Studio, with elevator, near metro M1."
ML-2025-02158,2024-12-26,Porta Garibaldi,850,43,2,1,1,2th,False,unfurnished,autonomous,G,1969.0,M5,70.0,1,student,"One-bedroom, near metro M5."
ML-2025-01962,19/01/2025,NoLo,900,35,2,1,1,8th,True,furnished,heat pump,A,2007.0,M1,190.0,3,4+4,"Studio, with elevator, near metro M1."
ML-2025-00095,2024-11-22,Affori,800,55,2,1,1,2th,True,furnished,central,G,1914.0,M3,290.0,1,temporary,"One-bedroom, in historic building, with elevator, near metro M3."
ML-2025-02032,28/03/2025,Bocconi,2050,90,5,4,2,4,True,unfurnished,central,G,1953.0,M3,310.0,2,4+4,"Apartment, with elevator, near metro M3."
ML-2025-00986,01/03/2025,Città Studi,450,20,1,1,1,1st,False,furn.,heat pump,F,,M2,80.0,3,3+2,"Studio, in historic building, near metro M2."
ML-2025-01071,2024-11-09,Isola,2150,79,3,2,1,7,True,furnished,central,D,2003.0,M5,180.0,2,3+2,"Two-bedroom, with elevator, near metro M5."
ML-2025-01404,2024-10-11,De Angeli,2200,145,4,3,2,2,False,unfurnished,central,,1959.0,M1,140.0,3,4+4,"Large apartment, near metro M1."
ML-2025-01487,2024-12-27,Tortona,1200,57,2,1,1,1,True,furnished,auto.,D,2005.0,M2,60.0,1,temporary,"One-bedroom, with elevator, near metro M2."
ML-2025-02400,30/01/2025,Bicocca,€ 850,47 sqm,2,1,1,7th,True,partly furnished,autonomous,F,1984.0,M5,,2,4+4,"One-bedroom, with elevator, near metro M5."
ML-2025-01635,2025-03-17,Corvetto,600,45,2,1,1,8th,True,unfurnished,autonomous,B,2010.0,M3,80.0,2,4+4,"One-bedroom, with elevator, near metro M3."
ML-2025-01863,21/12/2024,Magenta,€ 1200,51 sqm,2,1,1,2th,False,furnished,autonomous,G,1912.0,M1,,2,4+4,"One-bedroom, in historic building, near metro M1."
ML-2025-01214,30/03/2025,Affori,750,49,2,2,1,1st,True,furnished,Heat pump,D,1994.0,M3,240.0,1,student,"One-bedroom, with elevator, near metro M3."
ML-2025-00610,27/02/2025,Lambrate,650,37,2,1,1,5,True,furnished,central,C,2012.0,M2,50.0,3,4+4,"Studio, recently built, with elevator, near metro M2."
ML-2025-01648,2024-12-06,Greco,800,56,2,1,1,1,True,partly furnished,autonomous,E,2004.0,M1,120.0,1,student,
ML-2025-01870,2024-10-09,De Angeli,1350,53,2,2,1,1,True,FURNISHED,autonomous,,1989.0,M1,80.0,2,3+2,"One-bedroom, with elevator, near metro M1."
ML-2025-02457,2024-10-27,NoLo,1000,57,2,1,1,3,True,partly furnished,autonomous,,1917.0,M2,70.0,3,4+4,"One-bedroom, in historic building, with elevator, near metro M2."
ML-2025-00444,2025-02-22,Tortona,3300,113,5,4,2,6,True,furnished,central,A,2013.0,M2,160.0,2,4+4,"Large apartment, recently built, with elevator, near metro M2."
ML-2025-02280,20/12/2024,Porta Venezia,2150,95,3,2,2,2th,True,furnished,central,F,1989.0,M1,250.0,3,4+4,
ML-2025-00426,2024-11-12,Bocconi,1050,46,2,1,1,2th,False,unfurnished,central,E,1973.0,M3,90.0,2,4+4,"One-bedroom, near metro M3."
ML-2025-02316,10/01/2025,Porta Romana,1050,45,1,1,1,3th,True,furn.,AUTONOMOUS,E,1941.0,M3,200.0,1,student,"Apartment, in historic building, with elevator, near metro M3."
ML-2025-00614,2024-10-20,Porta Venezia,1100,42,2,1,1,5th,True,furnished,centr.,G,1946.0,,,2,4+4,"One-bedroom, in historic building, with elevator, near metro M1."
ML-2025-00551,02/25/2025,Città Studi,1550,83,5,4,1,4,True,partly furnished,central,E,1978.0,M2,260.0,2,4+4,"Apartment, with elevator, near metro M2."
ML-2025-02383,01/25/2025,Corvetto,600,51,2,1,1,1,False,furnished,central,F,1974.0,M3,220.0,1,temporary,"One-bedroom, near metro M3."
ML-2025-02391,2024-12-08,Tortona,1200,60,4,3,2,8th,True,unfurnished,heat pump,D,2001.0,M2,100.0,3,4+4,"Apartment, with elevator, near metro M2."
ML-2025-02460,11/03/2025,NoLo,900,43,1,1,1,2th,False,furnished,auto.,,,M2,300.0,3,4+4,"Apartment, in historic building, near metro M2."
ML-2025-02264,30/12/2024,NoLo,1250,82,4,3,2,5th,True,unfurnished,heat pump,D,2012.0,M1,210.0,1,temporary,"Apartment, recently built, with elevator, near metro M1."
ML-2025-00886,12/15/2024,Magenta,1400,47,2,1,1,2th,True,furnished,heat pump,E,2001.0,M1,190.0,2,4+4,"One-bedroom, with elevator, near metro M1."
ML-2025-02038,2025-03-20,Porta Romana,1450,77,4,3,2,1,True,unfurnished,central,D,1995.0,M3,190.0,3,3+2,"Apartment, with elevator, near metro M3."
ML-2025-02387,18/12/2024,Tortona,950,45,2,1,1,3,False,furnished,autonomous,,1939.0,M2,290.0,3,4+4,"One-bedroom, in historic building, near metro M2."
ML-2025-01820,2024-12-07,Tortona,1250,58,3,2,1,ground,True,PARTLY,autonomous,D,1991.0,M2,70.0,3,4+4,"Two-bedroom, with elevator, near metro M2."
ML-2025-00885,2024-12-17,Greco,800,52,2,1,1,ground floor,True,UNFURNISHED,autonomous,C,2005.0,M1,50.0,3,4+4,"One-bedroom, with elevator, near metro M1."
ML-2025-01001,2025-01-06,magenta,1050,53,2,1,1,3th,False,partly furnished,autonomous,G,1913.0,M1,170.0,3,4+4,"One-bedroom, in historic building, near metro M1."
ML-2025-02067,2024-12-27,Navigli,2550,126,4,4,2,5,True,partly furnished, autonomous,G,1945.0,M2,250.0,3,3+2,"Large apartment, in historic building, with elevator, near metro M2."
ML-2025-01175,08/11/2024,Bicocca,1800,97,3,2,2,6,True,unfurnished,heat pump,D,1989.0,M5,230.0,3,3+2,"Two-bedroom, with elevator, near metro M5."
ML-2025-00511,01/20/2025,SEMPIONE,1050,48,1,1,1,5,True,unfurnished,autonomous,E,1962.0,M5,70.0,3,3+2,"Apartment, with elevator, near metro M5."
ML-2025-00038,28 March 2025,Porta Venezia,1400,49,3,2,1,4,True,furnished,central,E,1997.0,M1,200.0,3,4+4,"Two-bedroom, with elevator, near metro M1."
ML-2025-02428,30 December 2024,Lorenteggio,1150,84,4,3,2,1,False,furnished,autonomous,,1969.0,,110.0,3,4+4,Apartment.
ML-2025-00241,19/12/2024,Corvetto,1500,88,4,3,2,2th,True,furnished,autonomous,,1922.0,M3,310.0,1,temporary,"Apartment, in historic building, with elevator, near metro M3."
ML-2025-01596,02/01/2025,Sempione,1650,70,3,3,2,6th,True,furnished,centr.,,1981.0,M1,220.0,3,3+2,"Two-bedroom, with elevator, near metro M1."
ML-2025-01814,2024-12-13,Centro Storico,2250,80,5,4,1,3,True,furnished,autonomous,G,1947.0,M3,150.0,1,temporary,"Apartment, in historic building, with elevator, near metro M3."
ML-2025-00368,10/12/2024,Baggio,950,93,4,3,2,4,True,UNFURNISHED,autonomous,G,1955.0,,250.0,2,3+2,"Apartment, with elevator."
ML-2025-01636,2024-11-24,Navigli,1750,99,4,3,1,GF,False,unfurnished,central,,1965.0,M2,240.0,1,temporary,"Apartment, near metro M2."
ML-2025-00868,2024-12-03,Magenta,1500,57,2,2,1,4th,True,furnished,autonomous,,1979.0,M2,190.0,1,temporary,"One-bedroom, with elevator, near metro M2."
ML-2025-00431,2025-02-11,Porta Romana,950,36,1,1,1,1,False,furnished,central,D,1978.0,M3,120.0,2,4+4,"Studio, near metro M3."
ML-2025-01427,2025-03-29,Centro Storico,2100,94,4,3,1,first,False,unfurnished,heat pump,G,1937.0,M3,220.0,3,3+2,"Apartment, in historic building, near metro M3."
ML-2025-02418,2024-12-22,Brera,1700,48,2,1,1,GF,False,FURNISHED,autonomous,D,1979.0,M2,260.0,3,4+4,"One-bedroom, near metro M2."
ML-2025-00199,2025-02-21,Baggio,450,42,3,2,1,2th,True,unfurnished,Central,E,1997.0,,210.0,2,3+2,
ML-2025-02311,21/10/2024,Città Studi,950,38,2,1,1,1st,False,furnished, autonomous,E,,M2,,2,4+4,"Studio, in historic building, near metro M2."
ML-2025-01416,10/28/2024,Corvetto,750,45,3,2,1,6th,True,furnished,autonomous,C,2000.0,M3,140.0,2,4+4,"Two-bedroom, with elevator, near metro M3."
ML-2025-02216,2024-11-01,Isola,2050,75,4,3,2,6,True,furnished,central,A4,2022.0,M5,150.0,3,4+4,"Apartment, recently built, with elevator, near metro M5."
ML-2025-01473,25/11/2024,Baggio,€ 2250,165 sqm,6,5,2,5,True,partly furnished,centr.,C,2006.0,,,1,student,"Large apartment, with elevator."
ML-2025-01479,13/01/2025,Greco,1100,70,3,2,2,6,True,Furnished,autonomous,,2004.0,M1,250.0,1,temporary,"Two-bedroom, with elevator, near metro M1."
ML-2025-00235,2024-11-02,Navigli,1950,79,4,3,2,4th,True,partly furnished,central,C,2006.0,M2,110.0,3,4+4,"Apartment, with elevator, near metro M2."
ML-2025-00225,2025-03-12,Isola,900,37,2,1,1,1,False,Partly furnished,heat pump,,1931.0,M5,200.0,2,4+4,"Studio, in historic building, near metro M5."
ML-2025-01982,2025-03-09,Zone Greco,400,25,1,1,1,5,True,furnished,central,G,,M1,140.0,2,3+2,"Studio, in historic building, with elevator, near metro M1."
ML-2025-02509,2024-10-24,Quarto Oggiaro,892,84,5,4,2,3,False,furnished,central,F,1931.0,M3,150.0,3,4+4,"Apartment, in historic building, near metro M3."
ML-2025-00202,22 December 2024,Porta Venezia,2200,105,4,6,1,2,False,partly furnished,autonomous,E,1933.0,M1,240.0,2,4+4,"Large apartment, in historic building, near metro M1."
ML-2025-01148,2025-03-19,Bicocca,550,31,2,1,1,ground,True,partly furnished,central,B,2008.0,M5,190.0,2,3+2,"Studio, with elevator, near metro M5."
ML-2025-00711,2025-02-20,Affori,950,74,3,2,1,1,False,furnished,central,G,1902.0,M3,270.0,2,4+4,"Two-bedroom, in historic building, near metro M3."
ML-2025-00855,2024-12-07,Navigli,1900,80,5,5,2,2,False,furnished,central,,1905.0,M2,230.0,2,4+4,"Apartment, in historic building, near metro M2."
ML-2025-00381,2025-02-06,Porta Romana,1550,81,4,3,1,2th,False,partly furnished,autonomous,,,M3,70.0,2,4+4,"Apartment, in historic building, near metro M3."
ML-2025-02201,25/01/2025,Lorenteggio,800,59,2,1,1,1,True,unfurnished,central,D,2005.0,,210.0,2,4+4,"One-bedroom, with elevator."
ML-2025-00799,2025-03-09,LAMBRATE,1450,85,4,3,1,6,True,partly furnished,heat pump,D,1987.0,M2,250.0,3,4+4,"Apartment, with elevator, near metro M2."
ML-2025-01959,09/03/2025,Bicocca,2800,140,5,4,2,3th,False,furnished,autonomous,F,1922.0,M5,150.0,2,4+4,
ML-2025-00797,31 January 2025,Corvetto,550,42,2,1,1,1,True,unfurnished,central,E,1996.0,M3,120.0,2,4+4,
ML-2025-01220,2024-12-08,Isola,2000,82,5,4,2,ground floor,True,FURNISHED,AUTONOMOUS,D,1997.0,M5,50.0,1,temporary,"Apartment, with elevator, near metro M5."
ML-2025-00370,2025-03-06,porta venezia,1350,64,2,1,1,2,False,unfurnished,autonomous,,1927.0,M1,300.0,3,4+4,
ML-2025-02415,2025-02-20,Città Studi,450,25,1,1,1,1,False,unfurnished,autonomous,,1909.0,M2,140.0,2,4+4,"Studio, in historic building, near metro M2."
ML-2025-00419,2025-03-28,Lambrate,650,45,2,1,1,3th,False,unfurnished,autonomous,E,1932.0,M2,220.0,2,4+4,"One-bedroom, in historic building, near metro M2."
ML-2025-00823,2024-11-20,Porta Garibaldi,1150,54,1,1,1,3th,True,partly furnished,autonomous,G,1926.0,M2,300.0,2,4+4,"Apartment, in historic building, with elevator, near metro M2."
ML-2025-01069,2024-12-21,Porta Garibaldi,700,24,2,1,1,3,False,furnished,autonomous,F,1929.0,M2,230.0,2,4+4,"Studio, in historic building, near metro M2."
ML-2025-01804,2025-02-08,Isola,1850,67,4,3,1,2,True,furnished,Autonomous,,1952.0,M5,80.0,1,temporary,
ML-2025-00287,2024-12-31,Città Studi,1300,61,3,2,1,ground,True,furnished,central,E,2004.0,M2,240.0,3,4+4,"Two-bedroom, with elevator, near metro M2."
ML-2025-01186,2024-11-09,Corvetto,650,50,3,2,1,ground,True,partly furnished,central,A2,2023.0,M3,200.0,3,4+4,"Two-bedroom, recently built, with elevator, near metro M3."
ML-2025-00137,12/15/2024,Città Studi,800,35,2,1,1,first,False,furnished,autonomous,,1972.0,M2,80.0,3,4+4,"Studio, near metro M2."
ML-2025-00725,2024-11-21,Sempione,1450,80,4,3,1,3,False,partly furnished,central,F,1972.0,M1,270.0,1,temporary,"Apartment, near metro M1."
ML-2025-00248,2025-03-24,Lorenteggio,1050,66,3,2,1,1,True,partly furnished,autonomous,E,1998.0,,80.0,1,temporary,"Two-bedroom, with elevator."
ML-2025-01210,08/03/2025,Lorenteggio,1250,85,4,3,1,ground floor,True,furnished,heat pump,B,2020.0,,120.0,3,4+4,"Apartment, recently built, with elevator."
ML-2025-00748,2025-03-29,BOCCONI,2950,124,5,4,2,8,True,unfurn.,autonomous,B,2008.0,M3,180.0,2,3+2,"Large apartment, with elevator, near metro M3."
ML-2025-02334,2025-01-22,Lambrate,450,36,1,1,1,2,True,partly furnished,central,G,1926.0,M2,100.0,1,temporary,"Studio, in historic building, with elevator, near metro M2."
ML-2025-00916,23/03/2025,NoLo,850,51,2,1,1,3th,False,furnished,Central,F,1936.0,M1,110.0,3,4+4,"One-bedroom, in historic building, near metro M1."
ML-2025-01431,01/12/2024,Città Studi,1250,64,3,2,1,G,True,partly furnished,autonomous,B,2023.0,M2,110.0,2,4+4,"Two-bedroom, recently built, with elevator, near metro M2."
ML-2025-01118,20/10/2024,Baggio,850,60,3,2,1,1,True,unfurnished,heat pump,A1,2020.0,,,3,4+4,"Two-bedroom, recently built, with elevator."
ML-2025-00566,2024-11-29,Sempione,1750,85,4,3,1,6,True,partly furnished, autonomous,C,2012.0,M5,110.0,3,3+2,"Apartment, recently built, with elevator, near metro M5."
ML-2025-01751,18/11/2024,Zone Bocconi,1900,74,2,1,1,8,True,unfurnished,central,,1991.0,M3,120.0,1,temporary,"One-bedroom, with elevator, near metro M3."
ML-2025-02185,22/03/2025,Bicocca,1550,77,2,1,2,5,True,Furnished,autonomous,A,2009.0,M5,,3,4+4,"One-bedroom, with elevator, near metro M5."
ML-2025-01787,04/03/2025,Bicocca,2250,118,5,4,2,3,True,FURNISHED,autonomous,C,2005.0,M5,90.0,2,4+4,"Large apartment, with elevator, near metro M5."
ML-2025-00264,2025-02-13,Città Studi,3400,113,6,5,2,1,True,furnished,central,A3,2015.0,M2,230.0,3,3+2,"Large apartment, recently built, with elevator, near metro M2."
ML-2025-00675,2024-11-13,NoLo,1300,71,3,2,2,1,False,furnished,central,G,1944.0,M1,120.0,1,temporary,"Two-bedroom, in historic building, near metro M1."
ML-2025-02031,2024-12-27,Navigli,650,30,1,1,1,2th,False,unfurnished,central,F,1913.0,M2,230.0,1,student,"Studio, in historic building, near metro M2."
ML-2025-00355,2024-11-12,Porta Venezia,2300,93,4,3,1,3th,True,furnished,central,F,1910.0,M1,110.0,2,3+2,"Apartment, in historic building, with elevator, near metro M1."
ML-2025-01514,2025-01-30,Centro Storico,1050,39,2,1,1,3,False,partly furnished,central,,1960.0,M1,130.0,2,4+4,"Studio, near metro M1."
ML-2025-00178,2025-03-24,Tortona,750,37,1,1,1,3th,True,unfurnished,autonomous,G,1916.0,M2,160.0,1,temporary,"Studio, in historic building, with elevator, near metro M2."
ML-2025-00734,20/01/2025,Bocconi,3000,118,5,4,2,1,True,unfurn.,autonomous,,1993.0,M3,250.0,1,temporary,"Large apartment, with elevator, near metro M3."
ML-2025-00554,2024-11-13,Bocconi,1850,76,2,1,2,3,False,furnished,central,E,1971.0,M3,200.0,1,temporary,"One-bedroom, near metro M3."
ML-2025-00206,2025-03-03,Centro Storico,1000,40,1,1,1,GF,False,PARTLY,central,,1925.0,M1,120.0,2,3+2,
ML-2025-01849,2025-01-27,Baggio,700,44,2,1,1,6th,True,furnished,autonomous,C,2002.0,,200.0,3,4+4,"One-bedroom, with elevator."
ML-2025-01902,2025-01-29,Centro Storico,1800,61,3,2,2,3,True,partly furnished,AUTONOMOUS,,1960.0,M1,200.0,3,4+4,
ML-2025-00213,2024-11-26,Bicocca,€ 800,47 sqm,2,1,1,1,True,Furnished,autonomous,,1999.0,M5,,3,4+4,"One-bedroom, with elevator, near metro M5."
ML-2025-01180,02/12/2024,Bocconi,€ 700,28 sqm,1,1,1,0,True,PARTLY,autonomous,E,1988.0,M3,,3,4+4,"Studio, with elevator, near metro M3."
ML-2025-01688,2024-10-29,Città Studi,1100,56,2,1,1,1st,False,unfurnished,central,G,1945.0,M2,90.0,1,temporary,"One-bedroom, in historic building, near metro M2."
ML-2025-02279,2024-11-18,Zone Bicocca,650,31,1,1,1,8th,True,furnished,autonomous,A1,2023.0,M5,200.0,3,4+4,"Studio, recently built, with elevator, near metro M5."
ML-2025-01621,19/10/2024,Città Studi,2250,143,5,4,2,3,False,unfurnished,central,,1977.0,M2,160.0,3,4+4,"Large apartment, near metro M2."
ML-2025-02077,2024-12-23,Navigli,1300,66,3,2,1,GF,False,unfurnished,autonomous,E,1935.0,M2,120.0,2,4+4,"Two-bedroom, in historic building, near metro M2."
ML-2025-02230,2025-02-11,Isola,1350,74,4,4,1,5th,True,unfurnished,heat pump,,1994.0,,160.0,2,4+4,"Apartment, with elevator, near metro M5."
ML-2025-00269,2024-10-07,Porta Garibaldi,1100,50,2,1,1,2,False,empty,central,F,1921.0,M5,290.0,3,3+2,
ML-2025-00397,2025-03-22,Quarto Oggiaro,250,32,1,1,1,2,False,unfurnished,autonomous,F,,M3,270.0,2,4+4,"Studio, in historic building, near metro M3."
ML-2025-01753,2024-10-25,Centro Storico,3600,99,4,3,1,ground,True,furnished,autonomous,A1,2022.0,M3,60.0,3,3+2,"Apartment, recently built, with elevator, near metro M3."
ML-2025-00457,2024-10-25,Centro Storico,2100,77,4,3,2,2,False,furnished,central,,,M3,260.0,3,4+4,"Apartment, in historic building, near metro M3."
ML-2025-01331,30/11/2024,Bocconi,2650,111,5,4,2,3,True,unfurnished,autonomous,F,1978.0,M3,290.0,3,4+4,
ML-2025-00179,2025-02-16,Corvetto,€ 1000,71 sqm,2,1,2,1,False,furnished,autonomous,G,1913.0,M3,,2,4+4,"One-bedroom, in historic building, near metro M3."
ML-2025-00666,24/01/2025,Zone Porta Romana,1750,88,4,3,2,2th,False,furnished,autonomous,,1904.0,M3,260.0,3,3+2,"Apartment, in historic building, near metro M3."
ML-2025-02505,04/01/2025,Tortona,2250,85,3,2,2,5,True,furnished,central,A1,2019.0,M2,240.0,1,student,"Two-bedroom, recently built, with elevator, near metro M2."
ML-2025-02183,2024-12-16,Zone Centro Storico,1000,36,3,2,1,2,True,unfurnished, autonomous,G,1929.0,M1,140.0,1,temporary,"Studio, in historic building, with elevator, near metro M1."
ML-2025-01159,24/11/2024,Quarto Oggiaro,750,54,2,1,1,7th,True,furnished,autonomous,A2,2019.0,M3,160.0,3,3+2,"One-bedroom, recently built, with elevator, near metro M3."
ML-2025-02233,2024-10-09,Zone Baggio,350,25,1,1,1,5,True,partly furnished,heat pump,D,2010.0,,220.0,3,4+4,"Studio, with elevator."
ML-2025-00485,18/10/2024,Sempione,1550,75,2,1,1,3,False,unfurnished,central,E,,M5,310.0,2,3+2,
ML-2025-00697,2024-10-24,Isola,1100,71,4,3,2,2,False,unfurnished,central,F,1944.0,M5,290.0,2,4+4,"Apartment, in historic building, near metro M5."
ML-2025-01954,2025-03-14,De Angeli,1450,64,2,1,1,1,False,furn.,autonomous,G,1958.0,M1,250.0,3,4+4,"One-bedroom, near metro M1."
ML-2025-02043,12/08/2024,Bocconi,850,38,2,1,1,3,False,furnished,autonomous,G,1967.0,M3,80.0,3,4+4,"Studio, near metro M3."
ML-2025-01866,2024-10-24,Corvetto,1000,81,4,4,2,8,True,unfurnished,heat pump,A3,2022.0,M3,170.0,2,4+4,"Apartment, recently built, with elevator, near metro M3."
ML-2025-01980,22/11/2024,Quarto Oggiaro,1500,109,4,4,1,3th,True,furnished,central,C,2009.0,M3,90.0,2,4+4,"Large apartment, with elevator, near metro M3."
ML-2025-01027,10/17/2024,Quarto Oggiaro,500,42,2,1,1,8,True,unfurnished,autonomous,A2,2019.0,M3,250.0,3,4+4,"One-bedroom, recently built, with elevator, near metro M3."
ML-2025-01868,2025-01-23,Magenta,2200,80,3,2,1,2,False,furnished,autonomous,F,1957.0,M2,240.0,3,4+4,"Two-bedroom, near metro M2."
ML-2025-00669,2024-10-06,Magenta,€ 2050,75 sqm,3,2,1,first,False,furnished,central,,1929.0,M2,,2,3+2,"Two-bedroom, in historic building, near metro M2."
ML-2025-01844,11/20/2024,Sempione,2100,81,4,3,1,1st,True,furnished,heat pump,D,2000.0,M1,100.0,2,3+2,"Apartment, with elevator, near metro M1."
ML-2025-00928,2024-10-08,Bocconi,2250,77,4,3,1,1,True,furnished,autonomous,C,1994.0,M3,210.0,1,temporary,"Apartment, with elevator, near metro M3."
ML-2025-00749,2025-01-18,Baggio,450,48,2,1,1,1,False,unfurnished,central,,1930.0,,270.0,1,temporary,"One-bedroom, in historic building."
ML-2025-00229,29/01/2025,Baggio,450,35,3,2,1,1st,False,furnished,central,G,1946.0,,70.0,3,4+4,"Studio, in historic building."
ML-2025-01623,12/19/2024,Bocconi,1800,68,4,3,1,2th,True,furnished,central,F,1950.0,M3,120.0,2,4+4,"Apartment, with elevator, near metro M3."
ML-2025-02373,28/03/2025,Lambrate,1650,80,4,4,1,ground floor,True,furnished,heat pump,E,1989.0,M2,140.0,3,4+4,"Apartment, with elevator, near metro M2."
ML-2025-01230,02/02/2025,NoLo,1550,88,4,3,2,1,True,unfurnished,autonomous,A,2015.0,M2,160.0,3,3+2,"Apartment, recently built, with elevator, near metro M2."
ML-2025-01195,2025-02-10,Brera,1300,40,2,2,1,G,False,furnished,central,G,1923.0,M3,200.0,3,3+2,"One-bedroom, in historic building, near metro M3."
ML-2025-01964,2024-11-15,Tortona,1250,58,3,2,1,3,False,furnished,central,F,1906.0,M2,100.0,2,4+4,"Two-bedroom, in historic building, near metro M2."
ML-2025-02070,2025-02-25,Porta Garibaldi,950,37,2,1,1,8,True,partly,autonomous,,2003.0,M5,110.0,2,4+4,"Studio, with elevator, near metro M5."
ML-2025-00284,02/03/2025,Porta Venezia,1550,69,3,2,1,3,True,partly furnished,autonomous,D,1994.0,M1,190.0,2,4+4,
ML-2025-00162,2024-10-25,Bicocca,1450,60,2,1,1,6,True,furnished,heat pump,A1,2022.0,M5,240.0,2,3+2,"One-bedroom, recently built, with elevator, near metro M5."
ML-2025-01616,14/03/2025,Lambrate,900,51,2,1,1,1,False,furnished,autonomous,,1977.0,M2,130.0,2,3+2,"One-bedroom, near metro M2."
ML-2025-01978,2025-02-06,Zone NoLo,850,48,2,1,1,7th,True,furnished,autonomous,F,1986.0,M2,100.0,1,temporary,"One-bedroom, with elevator, near metro M2."
ML-2025-01162,14/01/2025,Porta Romana,1250,57,4,3,1,1,False,furnished,central,,1903.0,M3,240.0,3,3+2,
ML-2025-01126,2024-12-18,Bocconi,2300,108,4,3,1,G,False,furnished,AUTONOMOUS,F,1974.0,M3,70.0,2,4+4,"Large apartment, near metro M3."
ML-2025-00949,2024-11-27,Quarto Oggiaro,600,53,2,2,1,3th,False,furnished,centr.,F,1963.0,M3,250.0,2,4+4,"One-bedroom, near metro M3."
ML-2025-01188,24 March 2025,Quadrilatero,€ 1650,46 sqm,3,2,1,3,True,unfurnished,autonomous,,1931.0,M3,,2,4+4,"Two-bedroom, in historic building, with elevator, near metro M3."
ML-2025-00224,16/11/2024,Tortona,2400,123,6,5,2,1,True,furnished,autonomous,,1983.0,M2,200.0,2,4+4,"Large apartment, with elevator, near metro M2."
ML-2025-00751,12/03/2024,Porta Romana,1750,81,3,2,2,3,True,furnished,autonomous,G,,M3,280.0,3,3+2,"Two-bedroom, in historic building, with elevator, near metro M3."
ML-2025-00579,2024-12-08,Città Studi,900,50,2,1,1,5,True,unfurnished,centr.,,1947.0,,70.0,3,4+4,
ML-2025-00961,2025-02-27,Porta Venezia,1800,61,4,3,2,GF,True,FURNISHED,central,E,2002.0,M1,130.0,2,4+4,"Apartment, with elevator, near metro M1."
ML-2025-01757,2025-03-17,Lorenteggio,700,62,3,2,2,5,True,partly furnished,autonomous,G,1941.0,,260.0,1,temporary,"Two-bedroom, in historic building, with elevator."
ML-2025-02122,2025-02-15,Città Studi,550,31,1,1,1,4,True,furnished,autonomous,G,1917.0,M2,200.0,3,4+4,"Studio, in historic building, with elevator, near metro M2."
ML-2025-02370,08/03/2025,De Angeli,800,42,2,1,1,5,True,unfurnished,central,C,2004.0,M1,220.0,3,3+2,"One-bedroom, with elevator, near metro M1."
ML-2025-01770,02/25/2025,Tortona,900,47,2,1,1,4th,True,unfurnished,central,G,1928.0,M2,200.0,2,4+4,"One-bedroom, in historic building, with elevator, near metro M2."
ML-2025-00499,2025-03-06,Lorenteggio,850,68,4,3,2,7,True,empty,autonomous,A,2020.0,,70.0,3,3+2,"Apartment, recently built, with elevator."
ML-2025-01609,2024-10-20,Navigli,€ 1250,59 sqm,4,3,1,3,False,furnished,autonomous,,1934.0,M2,,2,4+4,"Apartment, in historic building, near metro M2."
ML-2025-00380,21 January 2025,Isola,1400,78,2,1,2,3,False,partly furnished,heat pump,,1944.0,M5,120.0,1,student,"One-bedroom, in historic building, near metro M5."
ML-2025-02136,2025-03-29,Baggio,600,52,1,1,1,4th,True,unfurnished,heat pump,F,1945.0,,320.0,3,4+4,"Apartment, in historic building, with elevator."
ML-2025-02114,2024-12-30,Baggio,850,69,2,1,2,4th,True,unfurnished,central,,1995.0,,140.0,1,temporary,"One-bedroom, with elevator."
ML-2025-02419,03/11/2024,Centro Storico,1800,71,3,2,1,3th,False,furnished,autonomous,,,M1,100.0,1,student,"Two-bedroom, in historic building, near metro M1."
ML-2025-00731,2025-01-06,Zone Magenta,1550,65,4,3,1,3,True,unfurnished,autonomous,F,1920.0,M1,260.0,3,4+4,"Apartment, in historic building, with elevator, near metro M1."
ML-2025-00563,31/12/2024,Porta Romana,2450,96,5,4,2,ground,False,furnished,autonomous,F,1976.0,M3,170.0,1,temporary,"Apartment, near metro M3."
ML-2025-00824,2025-01-02,NoLo,850,57,3,2,1,1,True,unfurnished,autonomous,F,1982.0,M2,130.0,3,4+4,"Two-bedroom, with elevator, near metro M2."
ML-2025-02120,14/11/2024,Baggio,750,50,2,1,1,5,True,furnished,autonomous,E,1917.0,,310.0,1,student,"One-bedroom, in historic building, with elevator."
ML-2025-00776,2024-11-30,Porta Romana,1850,76,3,2,2,3,False,furnished,auto.,G,1914.0,M3,70.0,3,3+2,
ML-2025-00692,25/11/2024,NoLo,1950,100,4,3,1,8,True,PARTLY,autonomous,A,2017.0,M1,140.0,1,temporary,"Apartment, recently built, with elevator, near metro M1."
ML-2025-02376,24 November 2024,Isola,1850,81,3,2,2,8,True,Furnished,central,F,1987.0,M5,130.0,2,3+2,
ML-2025-01927,07/03/2025,Sempione,160,70,3,2,1,2th,False,partly furnished,autonomous,E,1915.0,M5,,1,temporary,"Two-bedroom, in historic building, near metro M5."
ML-2025-01160,2025-03-15,Centro Storico,1500,52,2,1,1,1,False,furnished,autonomous,G,,M1,280.0,2,3+2,"One-bedroom, in historic building, near metro M1."
